cell_barcode,ncounts,hash_umis,pval_demultiplexing,qval_demultiplexing,top_to_second_best_ratio,top_oligo,perturbation,dose_value,well,celltype,cell_line,cancer,disease,tissue_type,organism,perturbation_type,ngenes,percent_mito,percent_ribo,nperts,chembl-ID,dose_value_num,is_control,treatment_group,n_genes
A01_A01_RT_605,1071,9.0,1.0,1.0,inf,BMS_10_AG03,BMS,10,AG03,alveolar basal epithelial cells,A549,True,lung adenocarcinoma,cell_line,human,drug,695,15.12605,4.481793,1,,10.0,False,BMS,695
A01_B02_RT_678,1785,287.0,0.0,0.0,362.850967007964,BMS_10_BH07,BMS,10,BH07,alveolar basal epithelial cells,A549,True,lung adenocarcinoma,cell_line,human,drug,1180,8.851541,3.3053222,1,,10.0,False,BMS,1180
A01_B02_RT_710,1903,2.0,2.8604467353310002e-151,8.58134020599301e-150,1.00171821305842,BMS_100_BH05,BMS,100,BH05,alveolar basal epithelial cells,A549,True,lung adenocarcinoma,cell_line,human,drug,1207,6.04309,0.36784026,1,,100.0,False,BMS,1207
A01_B02_RT_730,10233,7.0,2.12252494288831e-41,4.669554874354269e-40,1.0060396893874,BMS_10_AH07,BMS,10,AH07,alveolar basal epithelial cells,A549,True,lung adenocarcinoma,cell_line,human,drug,3754,16.466335,2.3844426,1,,10.0,False,BMS,3754
A02_A01_RT_655,13587,69.0,2.64823049673882e-159,5.29646099347765e-158,3.12984451148758,BMS_10_AG03,BMS,10,AG03,alveolar basal epithelial cells,A549,True,lung adenocarcinoma,cell_line,human,drug,4916,9.48701,1.7663944,1,,10.0,False,BMS,4916
A02_A01_RT_683,2538,73.0,0.0,0.0,85.3861538461538,BMS_10_BG11,BMS,10,BG11,alveolar basal epithelial cells,A549,True,lung adenocarcinoma,cell_line,human,drug,1366,9.29866,6.2647753,1,,10.0,False,BMS,1366
A02_A01_RT_690,1653,34.0,1.7155411707e-314,3.77419057564e-313,30.4874371859296,BMS_10_AH07,BMS,10,AH07,alveolar basal epithelial cells,A549,True,lung adenocarcinoma,cell_line,human,drug,963,8.832426,4.597701,1,,10.0,False,BMS,963
A02_B02_RT_396,13061,95.0,0.0,0.0,1.02673611111111,BMS_10_BG11,BMS,10,BG11,alveolar basal epithelial cells,A549,True,lung adenocarcinoma,cell_line,human,drug,5052,11.017533,1.5925274,1,,10.0,False,BMS,5052
A02_B02_RT_630,1015,1.0,1.0,1.0,inf,BMS_50_AG02,BMS,50,AG02,alveolar basal epithelial cells,A549,True,lung adenocarcinoma,cell_line,human,drug,750,5.6157637,0.39408866,1,,50.0,False,BMS,750
A02_B02_RT_694,6952,206.0,0.0,0.0,2.31075371405207,BMS_100_BG01,BMS,100,BG01,alveolar basal epithelial cells,A549,True,lung adenocarcinoma,cell_line,human,drug,3149,10.586882,1.0069045,1,,100.0,False,BMS,3149
A02_B02_RT_766,3537,83.0,0.0,0.0,1.97838541666667,BMS_10_AG11,BMS,10,AG11,alveolar basal epithelial cells,A549,True,lung adenocarcinoma,cell_line,human,drug,1961,9.245123,2.5445292,1,,10.0,False,BMS,1961
A03_A01_RT_397,2123,38.0,0.0,0.0,16.9285714285714,BMS_10_AH07,BMS,10,AH07,alveolar basal epithelial cells,A549,True,lung adenocarcinoma,cell_line,human,drug,1374,9.609044,4.4276967,1,,10.0,False,BMS,1374
A03_A01_RT_727,9838,52.0,0.0,0.0,2.07624557464813,BMS_10_AH07,BMS,10,AH07,alveolar basal epithelial cells,A549,True,lung adenocarcinoma,cell_line,human,drug,4233,10.744054,2.4598496,1,,10.0,False,BMS,4233
A03_A01_RT_751,3590,70.0,0.0,0.0,3.50574063617542,BMS_50_BG02,BMS,50,BG02,alveolar basal epithelial cells,A549,True,lung adenocarcinoma,cell_line,human,drug,2147,6.4623957,2.4512534,1,,50.0,False,BMS,2147
A03_B02_RT_396,2781,63.0,0.0,0.0,2.03509423451861,BMS_10_AH07,BMS,10,AH07,alveolar basal epithelial cells,A549,True,lung adenocarcinoma,cell_line,human,drug,1618,7.1556993,4.854369,1,,10.0,False,BMS,1618
A03_B02_RT_474,1211,116.0,0.0,0.0,93.0582278481013,BMS_10_BG11,BMS,10,BG11,alveolar basal epithelial cells,A549,True,lung adenocarcinoma,cell_line,human,drug,812,6.936416,6.936416,1,,10.0,False,BMS,812
A03_B02_RT_624,18975,134.0,0.0,0.0,1.85122925896968,BMS_10_BG11,BMS,10,BG11,alveolar basal epithelial cells,A549,True,lung adenocarcinoma,cell_line,human,drug,6192,7.030303,1.5862978,1,,10.0,False,BMS,6192
A04_A01_RT_585,1260,50.0,8.83257694965598e-07,7.94931925469039e-06,46.0,BMS_10_AG03,BMS,10,AG03,alveolar basal epithelial cells,A549,True,lung adenocarcinoma,cell_line,human,drug,752,9.68254,5.6349206,1,,10.0,False,BMS,752
A04_A01_RT_710,11793,86.0,5.450814074038501e-162,1.3081953777692398e-160,2.42902907836373,BMS_10_BG11,BMS,10,BG11,alveolar basal epithelial cells,A549,True,lung adenocarcinoma,cell_line,human,drug,4676,9.3614855,2.6965148,1,,10.0,False,BMS,4676
A04_A01_RT_755,8379,428.0,0.0,0.0,1.16494697105878,BMS_10_BH07,BMS,10,BH07,alveolar basal epithelial cells,A549,True,lung adenocarcinoma,cell_line,human,drug,3609,9.404464,2.7688267,1,,10.0,False,BMS,3609
A04_B02_RT_709,1420,21.0,0.999996055918423,1.0,23.3558951965066,BMS_10_AG03,BMS,10,AG03,alveolar basal epithelial cells,A549,True,lung adenocarcinoma,cell_line,human,drug,999,7.816901,2.9577465,1,,10.0,False,BMS,999
A05_A01_RT_485,1484,75.0,0.0,0.0,71.8028909329829,BMS_10_AG03,BMS,10,AG03,alveolar basal epithelial cells,A549,True,lung adenocarcinoma,cell_line,human,drug,1047,6.06469,4.245283,1,,10.0,False,BMS,1047
A05_A01_RT_545,1042,46.0,0.0,0.0,47.8307692307692,BMS_10_BG11,BMS,10,BG11,alveolar basal epithelial cells,A549,True,lung adenocarcinoma,cell_line,human,drug,670,10.460652,6.909789,1,,10.0,False,BMS,670
A05_A01_RT_556,1467,70.0,0.0,0.0,65.8160315374507,BMS_10_AG11,BMS,10,AG11,alveolar basal epithelial cells,A549,True,lung adenocarcinoma,cell_line,human,drug,952,11.588275,5.725971,1,,10.0,False,BMS,952
A05_A01_RT_676,2817,34.0,0.0,0.0,30.9106438896189,BMS_10_AG03,BMS,10,AG03,alveolar basal epithelial cells,A549,True,lung adenocarcinoma,cell_line,human,drug,1585,8.448705,5.0408235,1,,10.0,False,BMS,1585
A05_B02_RT_385,2602,26.0,0.0,0.0,22.5946632782719,BMS_10_BG03,BMS,10,BG03,alveolar basal epithelial cells,A549,True,lung adenocarcinoma,cell_line,human,drug,1458,6.8793235,5.4957724,1,,10.0,False,BMS,1458
A05_B02_RT_397,1866,4.0,0.0044942593929374,0.058425372108187,1.00993788819876,BMS_10_BG11,BMS,10,BG11,alveolar basal epithelial cells,A549,True,lung adenocarcinoma,cell_line,human,drug,1178,7.449089,0.58949625,1,,10.0,False,BMS,1178
A05_B02_RT_736,4848,14.0,1.8687275540830398e-170,6.16680092847404e-169,2.00868486352357,BMS_100_BH05,BMS,100,BH05,alveolar basal epithelial cells,A549,True,lung adenocarcinoma,cell_line,human,drug,2506,7.4257426,1.0519803,1,,100.0,False,BMS,2506
A06_A01_RT_496,9351,13.0,1.8626646801765602e-24,4.2841287644061e-23,1.97929936305732,BMS_100_BH05,BMS,100,BH05,alveolar basal epithelial cells,A549,True,lung adenocarcinoma,cell_line,human,drug,3810,19.698427,3.5825045,1,,100.0,False,BMS,3810
A06_A01_RT_758,1233,28.0,0.0,0.0,34.6885245901639,BMS_10_BG03,BMS,10,BG03,alveolar basal epithelial cells,A549,True,lung adenocarcinoma,cell_line,human,drug,855,12.408759,4.136253,1,,10.0,False,BMS,855
A06_B02_RT_393,4129,3.0,2.34754832916325e-96,6.33838048874078e-95,1.00268096514745,BMS_50_AG02,BMS,50,AG02,alveolar basal epithelial cells,A549,True,lung adenocarcinoma,cell_line,human,drug,2254,8.8883505,0.9203197,1,,50.0,False,BMS,2254
A06_B02_RT_528,1041,5.0,1.49575312656173e-32,2.39320500249877e-31,1.0044964028777,BMS_10_BH07,BMS,10,BH07,alveolar basal epithelial cells,A549,True,lung adenocarcinoma,cell_line,human,drug,751,6.147935,0.76849186,1,,10.0,False,BMS,751
A06_B02_RT_543,6468,341.0,0.0,0.0,2.2204228520018,BMS_50_AH06,BMS,50,AH06,alveolar basal epithelial cells,A549,True,lung adenocarcinoma,cell_line,human,drug,3070,7.8076687,1.1286333,1,,50.0,False,BMS,3070
A07_A01_RT_420,8904,71.0,0.0,0.0,1.01505039193729,BMS_50_BG02,BMS,50,BG02,alveolar basal epithelial cells,A549,True,lung adenocarcinoma,cell_line,human,drug,3955,5.345912,1.7969452,1,,50.0,False,BMS,3955
A07_A01_RT_530,6738,835.0,0.0,0.0,77.1126464735795,BMS_50_BG02,BMS,50,BG02,alveolar basal epithelial cells,A549,True,lung adenocarcinoma,cell_line,human,drug,3168,6.945681,1.6918967,1,,50.0,False,BMS,3168
A07_A01_RT_742,1552,82.0,2.92152953411862e-46,3.50583544094235e-45,74.0,BMS_10_BG11,BMS,10,BG11,alveolar basal epithelial cells,A549,True,lung adenocarcinoma,cell_line,human,drug,1052,7.5386596,4.3170104,1,,10.0,False,BMS,1052
A07_B02_RT_544,2597,68.0,0.0,0.0,61.9354838709677,BMS_10_BG03,BMS,10,BG03,alveolar basal epithelial cells,A549,True,lung adenocarcinoma,cell_line,human,drug,1493,6.8540626,5.3523297,1,,10.0,False,BMS,1493
A07_B02_RT_575,1098,7.0,2.59691068385504e-16,5.7132035044810904e-15,1.00673076923077,BMS_10_AG03,BMS,10,AG03,alveolar basal epithelial cells,A549,True,lung adenocarcinoma,cell_line,human,drug,809,3.734062,0.63752276,1,,10.0,False,BMS,809
A07_B02_RT_635,2175,6.0,1.73806301034402e-16,3.99754492379124e-15,1.00572519083969,BMS_100_AG01,BMS,100,AG01,alveolar basal epithelial cells,A549,True,lung adenocarcinoma,cell_line,human,drug,1417,3.1264367,0.3218391,1,,100.0,False,BMS,1417
A08_A01_RT_767,1842,227.0,0.0,0.0,3.08937066209155,BMS_100_BG09,BMS,100,BG09,alveolar basal epithelial cells,A549,True,lung adenocarcinoma,cell_line,human,drug,1218,10.423452,2.8230186,1,,100.0,False,BMS,1218
A08_B02_RT_431,1269,69.0,0.0,0.0,97.1649214659686,BMS_10_AG11,BMS,10,AG11,alveolar basal epithelial cells,A549,True,lung adenocarcinoma,cell_line,human,drug,821,16.706068,5.9101653,1,,10.0,False,BMS,821
A08_B02_RT_497,1265,4.0,0.0006634109822125,0.0019902329466377,1.00734618916437,BMS_50_BG02,BMS,50,BG02,alveolar basal epithelial cells,A549,True,lung adenocarcinoma,cell_line,human,drug,944,2.450593,0.15810277,1,,50.0,False,BMS,944
A08_B02_RT_503,1063,2.0,1.45578019724439e-63,3.0571384142132097e-62,1.01095890410959,BMS_10_AG11,BMS,10,AG11,alveolar basal epithelial cells,A549,True,lung adenocarcinoma,cell_line,human,drug,802,3.2925682,0.56444025,1,,10.0,False,BMS,802
A08_B02_RT_662,8192,538.0,0.0,0.0,8.76239017023613,BMS_50_BH06,BMS,50,BH06,alveolar basal epithelial cells,A549,True,lung adenocarcinoma,cell_line,human,drug,3638,10.424805,1.2207031,1,,50.0,False,BMS,3638
A09_A01_RT_397,5547,225.0,0.0,0.0,51.2256097560976,BMS_10_BH07,BMS,10,BH07,alveolar basal epithelial cells,A549,True,lung adenocarcinoma,cell_line,human,drug,3107,7.4995494,3.0827475,1,,10.0,False,BMS,3107
A09_A01_RT_404,1861,358.0,0.0,0.0,3.24421412544075,BMS_50_AH06,BMS,50,AH06,alveolar basal epithelial cells,A549,True,lung adenocarcinoma,cell_line,human,drug,1098,8.3288555,7.415368,1,,50.0,False,BMS,1098
A09_B02_RT_552,1367,49.0,0.0,0.0,43.9117117117117,BMS_10_BG11,BMS,10,BG11,alveolar basal epithelial cells,A549,True,lung adenocarcinoma,cell_line,human,drug,944,5.6327724,4.535479,1,,10.0,False,BMS,944
A09_B02_RT_624,2950,589.0,0.0,0.0,21.4178465112902,BMS_50_AG02,BMS,50,AG02,alveolar basal epithelial cells,A549,True,lung adenocarcinoma,cell_line,human,drug,1782,10.711864,1.661017,1,,50.0,False,BMS,1782
A10_A01_RT_470,1995,864.0,0.0,0.0,642.831295843521,BMS_50_AG10,BMS,50,AG10,alveolar basal epithelial cells,A549,True,lung adenocarcinoma,cell_line,human,drug,1337,8.87218,0.85213035,1,,50.0,False,BMS,1337
A10_B02_RT_396,1242,13.0,0.0208709482528519,0.229580430781371,1.02719665271967,BMS_100_AH05,BMS,100,AH05,alveolar basal epithelial cells,A549,True,lung adenocarcinoma,cell_line,human,drug,933,4.1867957,0.80515295,1,,100.0,False,BMS,933
A10_B02_RT_476,1011,6.0,1.06244621731057e-09,2.01864781289009e-08,1.00610376398779,BMS_100_BH05,BMS,100,BH05,alveolar basal epithelial cells,A549,True,lung adenocarcinoma,cell_line,human,drug,758,5.341246,0.5934718,1,,100.0,False,BMS,758
A11_B02_RT_390,2553,63.0,0.0,0.0,57.3773195876289,BMS_10_AG03,BMS,10,AG03,alveolar basal epithelial cells,A549,True,lung adenocarcinoma,cell_line,human,drug,1498,8.068938,4.151978,1,,10.0,False,BMS,1498
A11_B02_RT_504,2046,26.0,0.0,0.0,19.9748305905131,BMS_10_BG03,BMS,10,BG03,alveolar basal epithelial cells,A549,True,lung adenocarcinoma,cell_line,human,drug,1363,5.718475,3.6656892,1,,10.0,False,BMS,1363
A11_B02_RT_506,13876,3809.0,0.0,0.0,3661.38044530494,BMS_100_AG09,BMS,100,AG09,alveolar basal epithelial cells,A549,True,lung adenocarcinoma,cell_line,human,drug,5075,14.161141,1.3764774,1,,100.0,False,BMS,5075
A11_B02_RT_514,2246,51.0,0.0,0.0,43.9012584704743,BMS_10_AG03,BMS,10,AG03,alveolar basal epithelial cells,A549,True,lung adenocarcinoma,cell_line,human,drug,1334,6.366874,6.990205,1,,10.0,False,BMS,1334
A11_B02_RT_575,1076,5.0,0.999999996762988,1.0,1.3025152957172,BMS_100_AG09,BMS,100,AG09,alveolar basal epithelial cells,A549,True,lung adenocarcinoma,cell_line,human,drug,802,3.3457248,0.5576208,1,,100.0,False,BMS,802
A12_A01_RT_398,8376,43.0,8.07108419679022e-46,1.7756385232938502e-44,1.58333333333333,BMS_10_AH07,BMS,10,AH07,alveolar basal epithelial cells,A549,True,lung adenocarcinoma,cell_line,human,drug,3908,8.858644,2.1370583,1,,10.0,False,BMS,3908
A12_A01_RT_405,1347,75.0,0.0,0.0,84.368778280543,BMS_10_BG11,BMS,10,BG11,alveolar basal epithelial cells,A549,True,lung adenocarcinoma,cell_line,human,drug,817,17.891611,6.7557535,1,,10.0,False,BMS,817
A12_A01_RT_687,1312,39.0,0.0,0.0,14.897489539749,BMS_10_BG11,BMS,10,BG11,alveolar basal epithelial cells,A549,True,lung adenocarcinoma,cell_line,human,drug,887,8.917683,4.878049,1,,10.0,False,BMS,887
A12_B02_RT_429,1541,4.0,0.0001239111843801,0.0038412467157856,1.0463768115942,BMS_50_AG02,BMS,50,AG02,alveolar basal epithelial cells,A549,True,lung adenocarcinoma,cell_line,human,drug,1066,2.8552887,0.45425048,1,,50.0,False,BMS,1066
A12_B02_RT_476,1458,100.0,0.0,0.0,109.856230031949,BMS_10_BG11,BMS,10,BG11,alveolar basal epithelial cells,A549,True,lung adenocarcinoma,cell_line,human,drug,981,7.681756,3.840878,1,,10.0,False,BMS,981
A12_B02_RT_570,1155,3.0,0.999000770163258,1.0,1.02542372881356,BMS_50_BH06,BMS,50,BH06,alveolar basal epithelial cells,A549,True,lung adenocarcinoma,cell_line,human,drug,862,4.848485,0.6060606,1,,50.0,False,BMS,862
A12_B02_RT_610,2613,93.0,0.0,0.0,84.2314049586777,BMS_10_AG03,BMS,10,AG03,alveolar basal epithelial cells,A549,True,lung adenocarcinoma,cell_line,human,drug,1906,4.0566397,4.09491,1,,10.0,False,BMS,1906
A12_B02_RT_684,2002,756.0,0.0,0.0,6.80121865065348,BMS_100_BG01,BMS,100,BG01,alveolar basal epithelial cells,A549,True,lung adenocarcinoma,cell_line,human,drug,1216,11.938062,2.2477522,1,,100.0,False,BMS,1216
B01_A01_RT_402,6837,1.0,1.0,1.0,inf,BMS_50_AH06,BMS,50,AH06,alveolar basal epithelial cells,A549,True,lung adenocarcinoma,cell_line,human,drug,3171,9.170689,0.7313149,1,,50.0,False,BMS,3171
B01_A01_RT_461,1709,25.0,0.999999841391415,1.0,40.0,BMS_10_AH07,BMS,10,AH07,alveolar basal epithelial cells,A549,True,lung adenocarcinoma,cell_line,human,drug,986,11.410181,9.2451725,1,,10.0,False,BMS,986
B01_A01_RT_707,5308,4.0,0.0157254723086365,0.157254723086365,1.02179836512262,BMS_50_AG10,BMS,50,AG10,alveolar basal epithelial cells,A549,True,lung adenocarcinoma,cell_line,human,drug,2691,9.664658,1.1492088,1,,50.0,False,BMS,2691
B01_A01_RT_721,1618,9.0,0.0157254723086365,0.157254723086365,6.14754098360656,BMS_10_BG03,BMS,10,BG03,alveolar basal epithelial cells,A549,True,lung adenocarcinoma,cell_line,human,drug,984,7.4165635,4.944376,1,,10.0,False,BMS,984
B01_B02_RT_430,1177,57.0,0.0,0.0,31.098773402195,BMS_10_BG11,BMS,10,BG11,alveolar basal epithelial cells,A549,True,lung adenocarcinoma,cell_line,human,drug,760,7.9864063,4.6728973,1,,10.0,False,BMS,760
B01_B02_RT_497,1889,9.0,0.329628868813203,1.0,1.964461994077,BMS_100_BG09,BMS,100,BG09,alveolar basal epithelial cells,A549,True,lung adenocarcinoma,cell_line,human,drug,1303,2.0645845,0.5293806,1,,100.0,False,BMS,1303
B01_B02_RT_590,6116,90.0,0.0,0.0,1.05993594206935,BMS_10_AG11,BMS,10,AG11,alveolar basal epithelial cells,A549,True,lung adenocarcinoma,cell_line,human,drug,3067,6.000654,1.9457161,1,,10.0,False,BMS,3067
B02_A01_RT_521,1272,48.0,0.0,0.0,67.7627906976744,BMS_10_BH07,BMS,10,BH07,alveolar basal epithelial cells,A549,True,lung adenocarcinoma,cell_line,human,drug,869,9.669811,5.581761,1,,10.0,False,BMS,869
B02_A01_RT_701,1270,5.0,1.0,1.0,inf,BMS_50_BG02,BMS,50,BG02,alveolar basal epithelial cells,A549,True,lung adenocarcinoma,cell_line,human,drug,897,5.11811,0.31496063,1,,50.0,False,BMS,897
B02_A01_RT_749,9112,6229.0,0.0,0.0,7.52435249956906,BMS_50_BG02,BMS,50,BG02,alveolar basal epithelial cells,A549,True,lung adenocarcinoma,cell_line,human,drug,3948,9.064969,1.8437226,1,,50.0,False,BMS,3948
B03_A01_RT_390,1419,101.0,0.0,0.0,94.479381443299,BMS_10_BH07,BMS,10,BH07,alveolar basal epithelial cells,A549,True,lung adenocarcinoma,cell_line,human,drug,910,7.751938,4.6511626,1,,10.0,False,BMS,910
B03_A01_RT_401,3908,136.0,0.0,0.0,10.2043795620438,BMS_10_BH07,BMS,10,BH07,alveolar basal epithelial cells,A549,True,lung adenocarcinoma,cell_line,human,drug,2185,11.412487,2.8915045,1,,10.0,False,BMS,2185
B03_A01_RT_527,3001,136.0,0.0,0.0,1.18125,BMS_50_AG10,BMS,50,AG10,alveolar basal epithelial cells,A549,True,lung adenocarcinoma,cell_line,human,drug,1750,6.497834,1.9326891,1,,50.0,False,BMS,1750
B03_A01_RT_670,4692,1.0,1.42674163852721e-58,3.13883160475986e-57,inf,BMS_50_AG02,BMS,50,AG02,alveolar basal epithelial cells,A549,True,lung adenocarcinoma,cell_line,human,drug,2345,12.702473,1.9181585,1,,50.0,False,BMS,2345
B03_B02_RT_745,2157,97.0,2.14556926937165e-184,5.578480100366291e-183,8.77321617936676,BMS_10_AG03,BMS,10,AG03,alveolar basal epithelial cells,A549,True,lung adenocarcinoma,cell_line,human,drug,1358,6.351414,4.636069,1,,10.0,False,BMS,1358
B04_A01_RT_393,1458,14.0,1.0,1.0,inf,BMS_10_AH07,BMS,10,AH07,alveolar basal epithelial cells,A549,True,lung adenocarcinoma,cell_line,human,drug,986,11.179698,5.69273,1,,10.0,False,BMS,986
B04_A01_RT_498,1438,35.0,9.968537007299789e-16,1.7943366613139602e-14,30.0,BMS_10_AH07,BMS,10,AH07,alveolar basal epithelial cells,A549,True,lung adenocarcinoma,cell_line,human,drug,895,6.6063976,6.0500693,1,,10.0,False,BMS,895
B04_A01_RT_583,4932,28.0,0.0,0.0,2.32329749103943,BMS_50_BG10,BMS,50,BG10,alveolar basal epithelial cells,A549,True,lung adenocarcinoma,cell_line,human,drug,2605,6.5287914,1.2368208,1,,50.0,False,BMS,2605
B04_A01_RT_622,7027,66.0,2.4834941745594e-135,6.45708485385443e-134,3.00902934537246,BMS_10_AH07,BMS,10,AH07,alveolar basal epithelial cells,A549,True,lung adenocarcinoma,cell_line,human,drug,3457,5.2654047,3.1450121,1,,10.0,False,BMS,3457
B04_A01_RT_651,3452,102.0,0.0,0.0,3.06872653768409,BMS_10_BG11,BMS,10,BG11,alveolar basal epithelial cells,A549,True,lung adenocarcinoma,cell_line,human,drug,2117,3.7949016,2.7520278,1,,10.0,False,BMS,2117
B04_A01_RT_720,1771,6.0,3.54634353773285e-113,8.865858844332131e-112,2.98709677419355,BMS_10_AG03,BMS,10,AG03,alveolar basal epithelial cells,A549,True,lung adenocarcinoma,cell_line,human,drug,1095,7.7922077,5.6465273,1,,10.0,False,BMS,1095
B04_B02_RT_472,1213,30.0,0.0,0.0,25.9518459069021,BMS_10_AH07,BMS,10,AH07,alveolar basal epithelial cells,A549,True,lung adenocarcinoma,cell_line,human,drug,788,8.821105,5.5234957,1,,10.0,False,BMS,788
B04_B02_RT_711,2492,41.0,0.0,0.0,34.9341894060995,BMS_10_BG03,BMS,10,BG03,alveolar basal epithelial cells,A549,True,lung adenocarcinoma,cell_line,human,drug,1535,8.507223,3.7319422,1,,10.0,False,BMS,1535
B04_B02_RT_764,8371,237.0,0.0,0.0,3.99062702570122,BMS_100_BH05,BMS,100,BH05,alveolar basal epithelial cells,A549,True,lung adenocarcinoma,cell_line,human,drug,3809,10.3930235,1.7321706,1,,100.0,False,BMS,3809
B05_A01_RT_448,1805,178.0,0.0,0.0,232.635294117647,BMS_10_BH07,BMS,10,BH07,alveolar basal epithelial cells,A549,True,lung adenocarcinoma,cell_line,human,drug,1176,8.310249,4.764543,1,,10.0,False,BMS,1176
B05_A01_RT_566,2281,125.0,0.0,0.0,119.273255813953,BMS_10_BG11,BMS,10,BG11,alveolar basal epithelial cells,A549,True,lung adenocarcinoma,cell_line,human,drug,1303,8.724244,6.7075844,1,,10.0,False,BMS,1303
B05_A01_RT_586,3515,343.0,0.0,0.0,2.45122937383892,BMS_50_AG02,BMS,50,AG02,alveolar basal epithelial cells,A549,True,lung adenocarcinoma,cell_line,human,drug,1982,7.5391183,1.7069701,1,,50.0,False,BMS,1982
B05_B02_RT_432,1246,9.0,0.0074906856617786,0.0507287492298886,1.01908127208481,BMS_100_AG09,BMS,100,AG09,alveolar basal epithelial cells,A549,True,lung adenocarcinoma,cell_line,human,drug,892,5.05618,0.56179774,1,,100.0,False,BMS,892
B05_B02_RT_485,2093,71.0,0.0,0.0,64.0669546436285,BMS_10_AH07,BMS,10,AH07,alveolar basal epithelial cells,A549,True,lung adenocarcinoma,cell_line,human,drug,1344,7.4534163,4.2522693,1,,10.0,False,BMS,1344
B05_B02_RT_705,6863,77.0,0.0,0.0,1.52055213161514,BMS_50_AH06,BMS,50,AH06,alveolar basal epithelial cells,A549,True,lung adenocarcinoma,cell_line,human,drug,3323,6.07606,1.3113799,1,,50.0,False,BMS,3323
B06_A01_RT_402,1333,6.0,3.28998057843837e-11,3.94797669412605e-10,1.02108963093146,BMS_100_BH05,BMS,100,BH05,alveolar basal epithelial cells,A549,True,lung adenocarcinoma,cell_line,human,drug,897,3.4508626,0.45011252,1,,100.0,False,BMS,897
B06_A01_RT_497,1016,8.0,6.90712260684009e-07,6.21641034615608e-06,1.17647058823529,BMS_100_BG09,BMS,100,BG09,alveolar basal epithelial cells,A549,True,lung adenocarcinoma,cell_line,human,drug,752,2.3622048,0.2952756,1,,100.0,False,BMS,752
B06_A01_RT_575,1188,8.0,0.999999997930067,1.0,7.05343511450382,BMS_100_BG09,BMS,100,BG09,alveolar basal epithelial cells,A549,True,lung adenocarcinoma,cell_line,human,drug,881,3.4511786,0.6734007,1,,100.0,False,BMS,881
B06_A01_RT_619,1050,7.0,2.7838913807643e-16,3.61905879499359e-15,1.21727861771058,BMS_100_BG09,BMS,100,BG09,alveolar basal epithelial cells,A549,True,lung adenocarcinoma,cell_line,human,drug,760,6.857143,0.1904762,1,,100.0,False,BMS,760
B06_A01_RT_635,1986,8.0,0.446586566836294,1.0,1.35664335664336,BMS_100_BG09,BMS,100,BG09,alveolar basal epithelial cells,A549,True,lung adenocarcinoma,cell_line,human,drug,1268,2.9707956,0.6042296,1,,100.0,False,BMS,1268
B06_A01_RT_752,1023,4.0,0.999248872596473,1.0,1.68166089965398,BMS_100_BG09,BMS,100,BG09,alveolar basal epithelial cells,A549,True,lung adenocarcinoma,cell_line,human,drug,704,6.3538613,0.7820137,1,,100.0,False,BMS,704
B06_A01_RT_755,1545,2770.0,0.0,0.0,2480.58561643836,BMS_100_BG09,BMS,100,BG09,alveolar basal epithelial cells,A549,True,lung adenocarcinoma,cell_line,human,drug,1209,6.343042,0.32362458,1,,100.0,False,BMS,1209
B06_B02_RT_702,1461,9.0,2.46393703651621e-05,0.0002956724443819,4.07114624505929,BMS_10_AH07,BMS,10,AH07,alveolar basal epithelial cells,A549,True,lung adenocarcinoma,cell_line,human,drug,1062,5.270363,2.806297,1,,10.0,False,BMS,1062
B07_A01_RT_519,1595,118.0,0.0,0.0,50.3387978142077,BMS_100_BH05,BMS,100,BH05,alveolar basal epithelial cells,A549,True,lung adenocarcinoma,cell_line,human,drug,1240,5.705329,0.56426334,1,,100.0,False,BMS,1240
B07_A01_RT_568,4498,5.0,3.8317130537475504e-44,5.36439827524658e-43,1.00459558823529,BMS_50_BG10,BMS,50,BG10,alveolar basal epithelial cells,A549,True,lung adenocarcinoma,cell_line,human,drug,2393,3.201423,1.6451756,1,,50.0,False,BMS,2393
B07_A01_RT_725,4789,219.0,0.0,0.0,1.29167165967645,BMS_50_AG10,BMS,50,AG10,alveolar basal epithelial cells,A549,True,lung adenocarcinoma,cell_line,human,drug,2429,9.647108,2.1089997,1,,50.0,False,BMS,2429
B07_A01_RT_756,3122,7.0,1.26154960143589e-24,1.51385952172306e-23,1.00645756457565,BMS_100_AH05,BMS,100,AH05,alveolar basal epithelial cells,A549,True,lung adenocarcinoma,cell_line,human,drug,1801,10.345932,2.0179372,1,,100.0,False,BMS,1801
B07_B02_RT_438,12379,311.0,0.0,0.0,2.8150912106136,BMS_50_BG10,BMS,50,BG10,alveolar basal epithelial cells,A549,True,lung adenocarcinoma,cell_line,human,drug,4890,6.7937636,1.47831,1,,50.0,False,BMS,4890
B07_B02_RT_499,1001,1.0,0.999938035500633,1.0,inf,BMS_50_BG10,BMS,50,BG10,alveolar basal epithelial cells,A549,True,lung adenocarcinoma,cell_line,human,drug,717,4.895105,0.4995005,1,,50.0,False,BMS,717
B07_B02_RT_629,1045,3.0,1.0,1.0,1.04145077720207,BMS_50_BH06,BMS,50,BH06,alveolar basal epithelial cells,A549,True,lung adenocarcinoma,cell_line,human,drug,736,2.4880383,0.28708133,1,,50.0,False,BMS,736
B07_B02_RT_676,1273,1.0,1.0,1.0,inf,BMS_10_AG03,BMS,10,AG03,alveolar basal epithelial cells,A549,True,lung adenocarcinoma,cell_line,human,drug,822,1.9638649,0.31421837,1,,10.0,False,BMS,822
B07_B02_RT_710,2144,5.0,0.889829578781526,1.0,1.00423370025402,BMS_50_AG02,BMS,50,AG02,alveolar basal epithelial cells,A549,True,lung adenocarcinoma,cell_line,human,drug,1358,6.5764923,0.4197761,1,,50.0,False,BMS,1358
B08_B02_RT_619,1054,2.0,0.999721080088413,1.0,1.03059805285118,BMS_100_BG09,BMS,100,BG09,alveolar basal epithelial cells,A549,True,lung adenocarcinoma,cell_line,human,drug,752,8.728653,0.37950665,1,,100.0,False,BMS,752
B09_A01_RT_424,1312,7.0,1.48196050466464e-43,1.0373723532652499e-42,1.85272277227723,BMS_50_BG02,BMS,50,BG02,alveolar basal epithelial cells,A549,True,lung adenocarcinoma,cell_line,human,drug,968,2.5914633,0.30487806,1,,50.0,False,BMS,968
B09_A01_RT_539,6388,213.0,0.0,0.0,1.24456086997254,BMS_10_BG11,BMS,10,BG11,alveolar basal epithelial cells,A549,True,lung adenocarcinoma,cell_line,human,drug,3095,7.529743,2.0507202,1,,10.0,False,BMS,3095
B09_A01_RT_686,5902,892.0,0.0,0.0,15.1809010181784,BMS_50_BG02,BMS,50,BG02,alveolar basal epithelial cells,A549,True,lung adenocarcinoma,cell_line,human,drug,2839,13.249746,0.99966115,1,,50.0,False,BMS,2839
B09_A01_RT_710,1132,10.0,0.0067844174069389,0.0135688348138779,2.82456140350877,BMS_50_BG02,BMS,50,BG02,alveolar basal epithelial cells,A549,True,lung adenocarcinoma,cell_line,human,drug,816,6.1837454,0.5300353,1,,50.0,False,BMS,816
B09_A01_RT_730,4042,4281.0,0.0,0.0,23.1201025412557,BMS_100_AG09,BMS,100,AG09,alveolar basal epithelial cells,A549,True,lung adenocarcinoma,cell_line,human,drug,2288,14.027709,1.6575953,1,,100.0,False,BMS,2288
B09_B02_RT_401,2702,42.0,0.0,0.0,27.9239130434783,BMS_10_BG03,BMS,10,BG03,alveolar basal epithelial cells,A549,True,lung adenocarcinoma,cell_line,human,drug,1447,10.547743,5.2183566,1,,10.0,False,BMS,1447
B09_B02_RT_682,1257,72.0,0.0,0.0,37.6506024096386,BMS_10_AG11,BMS,10,AG11,alveolar basal epithelial cells,A549,True,lung adenocarcinoma,cell_line,human,drug,784,9.38743,5.48926,1,,10.0,False,BMS,784
B09_B02_RT_709,1193,31.0,0.0,0.0,28.5470249520154,BMS_10_BG03,BMS,10,BG03,alveolar basal epithelial cells,A549,True,lung adenocarcinoma,cell_line,human,drug,851,8.801341,4.3587594,1,,10.0,False,BMS,851
B10_B02_RT_397,2359,9.0,1.31778480703657e-08,5.13936074744263e-07,1.92299465240642,BMS_100_BG09,BMS,100,BG09,alveolar basal epithelial cells,A549,True,lung adenocarcinoma,cell_line,human,drug,1441,5.0445104,0.5086901,1,,100.0,False,BMS,1441
B10_B02_RT_444,2321,63.0,0.0,0.0,49.7997881355932,BMS_10_AH07,BMS,10,AH07,alveolar basal epithelial cells,A549,True,lung adenocarcinoma,cell_line,human,drug,1354,7.367514,5.4286947,1,,10.0,False,BMS,1354
B10_B02_RT_513,1165,7.0,2.78938574366251e-28,1.31101129952138e-26,1.00747065101387,BMS_50_AG02,BMS,50,AG02,alveolar basal epithelial cells,A549,True,lung adenocarcinoma,cell_line,human,drug,825,3.690987,0.51502144,1,,50.0,False,BMS,825
B10_B02_RT_529,2485,72.0,0.0,0.0,77.61,BMS_10_AG03,BMS,10,AG03,alveolar basal epithelial cells,A549,True,lung adenocarcinoma,cell_line,human,drug,1439,6.1167,4.4265594,1,,10.0,False,BMS,1439
B10_B02_RT_706,8001,313.0,0.0,0.0,2.48408797537484,BMS_10_BG11,BMS,10,BG11,alveolar basal epithelial cells,A549,True,lung adenocarcinoma,cell_line,human,drug,3463,10.336208,3.3745782,1,,10.0,False,BMS,3463
B10_B02_RT_708,1025,53.0,0.0,0.0,48.5578002244669,BMS_10_AG03,BMS,10,AG03,alveolar basal epithelial cells,A549,True,lung adenocarcinoma,cell_line,human,drug,649,8.878049,7.414634,1,,10.0,False,BMS,649
B10_B02_RT_745,1011,3.0,0.994816014585786,1.0,1.01943844492441,BMS_50_AH06,BMS,50,AH06,alveolar basal epithelial cells,A549,True,lung adenocarcinoma,cell_line,human,drug,733,7.5173097,0.0,1,,50.0,False,BMS,733
B11_A01_RT_397,1173,9.0,0.0244794673720719,0.195835738976576,1.84584980237154,BMS_50_BG02,BMS,50,BG02,alveolar basal epithelial cells,A549,True,lung adenocarcinoma,cell_line,human,drug,855,5.882353,0.59676045,1,,50.0,False,BMS,855
B11_A01_RT_575,7004,303.0,0.0,0.0,13.5208208806535,BMS_50_BG02,BMS,50,BG02,alveolar basal epithelial cells,A549,True,lung adenocarcinoma,cell_line,human,drug,3227,11.165049,1.4563106,1,,50.0,False,BMS,3227
B11_A01_RT_605,1204,215.0,0.0,0.0,inf,BMS_10_BH07,BMS,10,BH07,alveolar basal epithelial cells,A549,True,lung adenocarcinoma,cell_line,human,drug,847,8.72093,4.6511626,1,,10.0,False,BMS,847
B11_A01_RT_635,2102,6.0,0.999999813266802,1.0,1.01260504201681,BMS_50_BG02,BMS,50,BG02,alveolar basal epithelial cells,A549,True,lung adenocarcinoma,cell_line,human,drug,1363,3.9486203,0.5708849,1,,50.0,False,BMS,1363
B11_B02_RT_406,4776,90.0,0.0,0.0,7.62676056338028,BMS_50_BG02,BMS,50,BG02,alveolar basal epithelial cells,A549,True,lung adenocarcinoma,cell_line,human,drug,2345,14.447236,1.2562814,1,,50.0,False,BMS,2345
B11_B02_RT_423,1759,44.0,1.01101498065604e-06,2.9319434439025e-05,39.1562913907285,BMS_10_AH07,BMS,10,AH07,alveolar basal epithelial cells,A549,True,lung adenocarcinoma,cell_line,human,drug,1130,7.5611143,5.173394,1,,10.0,False,BMS,1130
B11_B02_RT_433,1492,5.0,2.18673603289794e-11,7.653576115142791e-10,1.00629722921914,BMS_10_AH07,BMS,10,AH07,alveolar basal epithelial cells,A549,True,lung adenocarcinoma,cell_line,human,drug,1011,2.2117963,0.4691689,1,,10.0,False,BMS,1011
B11_B02_RT_455,1163,5.0,3.5712544036247e-24,1.67848956970361e-22,1.0063371356147,BMS_100_BG01,BMS,100,BG01,alveolar basal epithelial cells,A549,True,lung adenocarcinoma,cell_line,human,drug,847,4.901118,0.4299226,1,,100.0,False,BMS,847
B11_B02_RT_468,1109,7.0,0.0004294340212358,0.0098769824884238,1.01783439490446,BMS_100_BH05,BMS,100,BH05,alveolar basal epithelial cells,A549,True,lung adenocarcinoma,cell_line,human,drug,794,4.5085664,0.54102796,1,,100.0,False,BMS,794
B11_B02_RT_502,1679,3.0,1.26527655463769e-27,6.1998551177247e-26,1.00376884422111,BMS_100_BH05,BMS,100,BH05,alveolar basal epithelial cells,A549,True,lung adenocarcinoma,cell_line,human,drug,1147,4.7051816,0.23823705,1,,100.0,False,BMS,1147
B11_B02_RT_601,8300,8.0,1.81764775664829e-16,7.815885353587641e-15,1.01011378002528,BMS_50_BH06,BMS,50,BH06,alveolar basal epithelial cells,A549,True,lung adenocarcinoma,cell_line,human,drug,3350,15.506024,1.9518073,1,,50.0,False,BMS,3350
B11_B02_RT_735,1937,74.0,1.04203403715944e-17,4.58494976350153e-16,77.1448275862069,BMS_10_AG11,BMS,10,AG11,alveolar basal epithelial cells,A549,True,lung adenocarcinoma,cell_line,human,drug,1130,8.673206,6.3500257,1,,10.0,False,BMS,1130
B12_A01_RT_546,3219,4.0,7.019794011853979e-13,7.72177341303937e-12,1.0112676056338,BMS_50_AG02,BMS,50,AG02,alveolar basal epithelial cells,A549,True,lung adenocarcinoma,cell_line,human,drug,1875,6.1509786,1.4600807,1,,50.0,False,BMS,1875
B12_B02_RT_384,1097,111.0,0.0,0.0,135.405362776025,BMS_10_AG11,BMS,10,AG11,alveolar basal epithelial cells,A549,True,lung adenocarcinoma,cell_line,human,drug,702,12.032817,5.9252505,1,,10.0,False,BMS,702
B12_B02_RT_387,1177,8.0,1.34300690939897e-29,1.74590898221867e-28,1.01999167013744,BMS_50_AG10,BMS,50,AG10,alveolar basal epithelial cells,A549,True,lung adenocarcinoma,cell_line,human,drug,823,5.6074767,0.33984706,1,,50.0,False,BMS,823
B12_B02_RT_484,2191,68.0,0.0,0.0,27.4648858250754,BMS_10_AG11,BMS,10,AG11,alveolar basal epithelial cells,A549,True,lung adenocarcinoma,cell_line,human,drug,1290,12.688271,4.564126,1,,10.0,False,BMS,1290
B12_B02_RT_658,1361,62.0,0.0,0.0,53.6043720531504,BMS_10_AG11,BMS,10,AG11,alveolar basal epithelial cells,A549,True,lung adenocarcinoma,cell_line,human,drug,947,7.1271124,2.7185893,1,,10.0,False,BMS,947
B12_B02_RT_727,6584,618.0,0.0,0.0,1.27412991404819,BMS_10_BH07,BMS,10,BH07,alveolar basal epithelial cells,A549,True,lung adenocarcinoma,cell_line,human,drug,3165,8.140947,2.8705955,1,,10.0,False,BMS,3165
B12_B02_RT_735,2100,795.0,0.0,0.0,1155.36462093863,BMS_100_BG01,BMS,100,BG01,alveolar basal epithelial cells,A549,True,lung adenocarcinoma,cell_line,human,drug,1490,8.666667,0.33333334,1,,100.0,False,BMS,1490
B12_B02_RT_738,4952,97.0,0.0,0.0,1.05067715584808,BMS_10_AG03,BMS,10,AG03,alveolar basal epithelial cells,A549,True,lung adenocarcinoma,cell_line,human,drug,2471,14.115509,3.3925686,1,,10.0,False,BMS,2471
C01_A01_RT_393,7092,205.0,0.0,0.0,10.3135240211052,BMS_10_BH07,BMS,10,BH07,alveolar basal epithelial cells,A549,True,lung adenocarcinoma,cell_line,human,drug,3398,5.9080653,2.0868585,1,,10.0,False,BMS,3398
C01_A01_RT_467,1016,1.0,2.95428252032392e-34,3.5451390243887e-33,inf,BMS_100_BH05,BMS,100,BH05,alveolar basal epithelial cells,A549,True,lung adenocarcinoma,cell_line,human,drug,726,9.350393,0.39370078,1,,100.0,False,BMS,726
C01_A01_RT_552,1113,57.0,0.0,0.0,8.40729358737964,BMS_50_BH06,BMS,50,BH06,alveolar basal epithelial cells,A549,True,lung adenocarcinoma,cell_line,human,drug,773,7.5471697,3.504043,1,,50.0,False,BMS,773
C01_B02_RT_437,1047,7.0,8.409831034888251e-17,2.0183594483731803e-15,1.00557768924303,BMS_100_AG09,BMS,100,AG09,alveolar basal epithelial cells,A549,True,lung adenocarcinoma,cell_line,human,drug,729,7.8319006,0.28653294,1,,100.0,False,BMS,729
C01_B02_RT_484,1233,2.0,1.2107316484227e-08,2.05824380231858e-07,1.01127214170692,BMS_50_BG02,BMS,50,BG02,alveolar basal epithelial cells,A549,True,lung adenocarcinoma,cell_line,human,drug,864,6.326034,0.64882404,1,,50.0,False,BMS,864
C01_B02_RT_668,1413,189.0,0.0,0.0,110.788962698007,BMS_10_BH07,BMS,10,BH07,alveolar basal epithelial cells,A549,True,lung adenocarcinoma,cell_line,human,drug,1016,6.1571126,3.821656,1,,10.0,False,BMS,1016
C01_B02_RT_752,1401,8.0,5.3483075373138905e-09,1.01617843208964e-07,1.01284109149278,BMS_50_BH06,BMS,50,BH06,alveolar basal epithelial cells,A549,True,lung adenocarcinoma,cell_line,human,drug,961,4.2826552,0.4282655,1,,50.0,False,BMS,961
C02_A01_RT_400,1408,5.0,5.80538631106361e-05,0.0012771849884339,1.00925925925926,BMS_10_AG03,BMS,10,AG03,alveolar basal epithelial cells,A549,True,lung adenocarcinoma,cell_line,human,drug,909,4.119318,0.35511363,1,,10.0,False,BMS,909
C02_A01_RT_470,1496,30.0,0.0,0.0,25.2815533980583,BMS_10_BG03,BMS,10,BG03,alveolar basal epithelial cells,A549,True,lung adenocarcinoma,cell_line,human,drug,964,6.951872,7.219251,1,,10.0,False,BMS,964
C02_A01_RT_481,16829,161.0,0.0,0.0,1.62444408375264,BMS_10_BH07,BMS,10,BH07,alveolar basal epithelial cells,A549,True,lung adenocarcinoma,cell_line,human,drug,5569,4.040644,2.7690296,1,,10.0,False,BMS,5569
C02_A01_RT_503,1033,3.0,0.997365283922446,1.0,1.01138519924099,BMS_10_BH07,BMS,10,BH07,alveolar basal epithelial cells,A549,True,lung adenocarcinoma,cell_line,human,drug,778,3.7754114,0.48402712,1,,10.0,False,BMS,778
C02_A01_RT_606,6516,72.0,0.0063864264719438,0.121342102966934,2.55555555555556,BMS_10_BG11,BMS,10,BG11,alveolar basal epithelial cells,A549,True,lung adenocarcinoma,cell_line,human,drug,3064,11.510129,2.0411296,1,,10.0,False,BMS,3064
C02_B02_RT_424,1191,3.0,2.13621114562949e-25,2.1362111456294902e-24,1.01216216216216,BMS_100_BH05,BMS,100,BH05,alveolar basal epithelial cells,A549,True,lung adenocarcinoma,cell_line,human,drug,865,3.8623006,0.6717045,1,,100.0,False,BMS,865
C02_B02_RT_435,3381,1.0,0.997599116140939,1.0,inf,BMS_100_BG09,BMS,100,BG09,alveolar basal epithelial cells,A549,True,lung adenocarcinoma,cell_line,human,drug,1917,8.370305,1.5084294,1,,100.0,False,BMS,1917
C02_B02_RT_589,1048,24.0,5.7003864405717e-39,1.19708115252006e-37,22.7252747252747,BMS_10_BG11,BMS,10,BG11,alveolar basal epithelial cells,A549,True,lung adenocarcinoma,cell_line,human,drug,767,6.29771,4.5801525,1,,10.0,False,BMS,767
C03_A01_RT_447,1054,24.0,0.0,0.0,21.9382716049383,BMS_10_AG11,BMS,10,AG11,alveolar basal epithelial cells,A549,True,lung adenocarcinoma,cell_line,human,drug,656,11.0056925,6.641366,1,,10.0,False,BMS,656
C03_A01_RT_578,2075,52.0,0.0,0.0,55.2227074235808,BMS_10_AH07,BMS,10,AH07,alveolar basal epithelial cells,A549,True,lung adenocarcinoma,cell_line,human,drug,1069,10.891566,5.9759035,1,,10.0,False,BMS,1069
C03_A01_RT_588,1005,109.0,0.0,0.0,104.93137254902,BMS_10_BH07,BMS,10,BH07,alveolar basal epithelial cells,A549,True,lung adenocarcinoma,cell_line,human,drug,662,11.542289,4.875622,1,,10.0,False,BMS,662
C03_B02_RT_428,1920,71.0,0.0,0.0,63.8016759776536,BMS_10_AG11,BMS,10,AG11,alveolar basal epithelial cells,A549,True,lung adenocarcinoma,cell_line,human,drug,1198,9.322917,5.0520835,1,,10.0,False,BMS,1198
C03_B02_RT_432,1639,5.0,0.992982189797438,1.0,1.02139800285307,BMS_50_AG02,BMS,50,AG02,alveolar basal epithelial cells,A549,True,lung adenocarcinoma,cell_line,human,drug,1094,4.575961,0.3660769,1,,50.0,False,BMS,1094
C03_B02_RT_468,1169,5.0,4.70640690599073e-08,1.17660172649768e-06,1.0070821529745,BMS_100_BH05,BMS,100,BH05,alveolar basal epithelial cells,A549,True,lung adenocarcinoma,cell_line,human,drug,845,4.1060734,0.0855432,1,,100.0,False,BMS,845
C03_B02_RT_497,1895,4.0,0.996776348927545,1.0,1.00574712643678,BMS_100_AG09,BMS,100,AG09,alveolar basal epithelial cells,A549,True,lung adenocarcinoma,cell_line,human,drug,1248,1.8997362,0.21108179,1,,100.0,False,BMS,1248
C04_A01_RT_595,1471,8.0,1.0,1.0,inf,BMS_10_BG03,BMS,10,BG03,alveolar basal epithelial cells,A549,True,lung adenocarcinoma,cell_line,human,drug,952,5.914344,5.574439,1,,10.0,False,BMS,952
C04_B02_RT_433,1251,8.0,5.56911247828898e-10,1.50366036913802e-08,1.00773694390716,BMS_100_AG09,BMS,100,AG09,alveolar basal epithelial cells,A549,True,lung adenocarcinoma,cell_line,human,drug,873,1.518785,0.3197442,1,,100.0,False,BMS,873
C04_B02_RT_499,1373,3.0,0.0288682061367649,0.433023092051473,1.00872093023256,BMS_50_AG10,BMS,50,AG10,alveolar basal epithelial cells,A549,True,lung adenocarcinoma,cell_line,human,drug,921,5.608157,0.29133284,1,,50.0,False,BMS,921
C04_B02_RT_533,1102,2.0,1.0,1.0,1.00197238658777,BMS_50_AG02,BMS,50,AG02,alveolar basal epithelial cells,A549,True,lung adenocarcinoma,cell_line,human,drug,787,8.166969,0.2722323,1,,50.0,False,BMS,787
C04_B02_RT_589,13980,940.0,0.0,0.0,5.54865117729612,BMS_50_AG02,BMS,50,AG02,alveolar basal epithelial cells,A549,True,lung adenocarcinoma,cell_line,human,drug,5131,9.842632,2.811159,1,,50.0,False,BMS,5131
C04_B02_RT_617,1800,3.0,0.999999524059606,1.0,1.00294985250737,BMS_100_BG09,BMS,100,BG09,alveolar basal epithelial cells,A549,True,lung adenocarcinoma,cell_line,human,drug,1122,9.944445,0.3888889,1,,100.0,False,BMS,1122
C04_B02_RT_653,1065,164.0,0.0,0.0,233.005540166205,BMS_10_BG11,BMS,10,BG11,alveolar basal epithelial cells,A549,True,lung adenocarcinoma,cell_line,human,drug,664,10.610329,7.2300467,1,,10.0,False,BMS,664
C05_A01_RT_402,2575,84.0,0.0,0.0,91.6791443850267,BMS_10_AG11,BMS,10,AG11,alveolar basal epithelial cells,A549,True,lung adenocarcinoma,cell_line,human,drug,1514,10.446602,3.6893203,1,,10.0,False,BMS,1514
C05_A01_RT_530,14184,293.0,0.0,0.0,2.55915338766573,BMS_50_AH06,BMS,50,AH06,alveolar basal epithelial cells,A549,True,lung adenocarcinoma,cell_line,human,drug,5135,6.4509306,1.5510434,1,,50.0,False,BMS,5135
C05_A01_RT_635,1034,1.0,6.9956612035606905e-15,6.29609508320462e-14,inf,BMS_50_AH06,BMS,50,AH06,alveolar basal epithelial cells,A549,True,lung adenocarcinoma,cell_line,human,drug,781,3.4816248,0.48355898,1,,50.0,False,BMS,781
C05_B02_RT_431,2659,86.0,3.58290080582665e-10,8.24067185340129e-09,44.8566308243728,BMS_10_AG11,BMS,10,AG11,alveolar basal epithelial cells,A549,True,lung adenocarcinoma,cell_line,human,drug,1442,13.313275,5.0394883,1,,10.0,False,BMS,1442
C05_B02_RT_617,2016,4.0,0.998858550310851,1.0,2.05154639175258,BMS_100_BG09,BMS,100,BG09,alveolar basal epithelial cells,A549,True,lung adenocarcinoma,cell_line,human,drug,1263,9.722222,0.29761904,1,,100.0,False,BMS,1263
C05_B02_RT_624,1145,2.0,0.997124272901643,1.0,1.01511335012594,BMS_50_BG10,BMS,50,BG10,alveolar basal epithelial cells,A549,True,lung adenocarcinoma,cell_line,human,drug,814,3.7554586,0.08733624,1,,50.0,False,BMS,814
C06_A01_RT_631,1931,55.0,0.0,0.0,55.7053231939163,BMS_10_AG11,BMS,10,AG11,alveolar basal epithelial cells,A549,True,lung adenocarcinoma,cell_line,human,drug,1118,13.619886,6.47333,1,,10.0,False,BMS,1118
C06_B02_RT_502,1365,6.0,7.34282895808648e-07,1.17485263329384e-05,1.01517067003793,BMS_10_AG03,BMS,10,AG03,alveolar basal epithelial cells,A549,True,lung adenocarcinoma,cell_line,human,drug,972,4.6153846,0.51282054,1,,10.0,False,BMS,972
C06_B02_RT_622,1912,70.0,0.0,0.0,76.1975867269985,BMS_10_AG11,BMS,10,AG11,alveolar basal epithelial cells,A549,True,lung adenocarcinoma,cell_line,human,drug,1227,8.002092,4.3410044,1,,10.0,False,BMS,1227
C06_B02_RT_711,1711,5.0,0.0210110411948476,0.294154576727867,1.97477931904161,BMS_100_BG09,BMS,100,BG09,alveolar basal epithelial cells,A549,True,lung adenocarcinoma,cell_line,human,drug,1175,6.54588,0.818235,1,,100.0,False,BMS,1175
C06_B02_RT_752,1247,5.0,1.35696415198929e-07,2.30683905838178e-06,1.01915708812261,BMS_50_BH06,BMS,50,BH06,alveolar basal epithelial cells,A549,True,lung adenocarcinoma,cell_line,human,drug,894,4.009623,0.32076985,1,,50.0,False,BMS,894
C07_A01_RT_407,1341,66.0,0.0,0.0,20.0263459335624,BMS_10_AG03,BMS,10,AG03,alveolar basal epithelial cells,A549,True,lung adenocarcinoma,cell_line,human,drug,882,7.4571214,3.2065623,1,,10.0,False,BMS,882
C07_A01_RT_493,1266,109.0,0.0,0.0,235.297833935018,BMS_10_BH07,BMS,10,BH07,alveolar basal epithelial cells,A549,True,lung adenocarcinoma,cell_line,human,drug,744,15.323854,6.477093,1,,10.0,False,BMS,744
C07_A01_RT_516,1450,23.0,5.91342495989753e-34,5.91342495989753e-33,20.7917383820998,BMS_10_BG03,BMS,10,BG03,alveolar basal epithelial cells,A549,True,lung adenocarcinoma,cell_line,human,drug,997,11.172414,2.4827585,1,,10.0,False,BMS,997
C07_B02_RT_594,1919,86.0,0.0,0.0,82.5304568527919,BMS_10_AH07,BMS,10,AH07,alveolar basal epithelial cells,A549,True,lung adenocarcinoma,cell_line,human,drug,1139,10.474205,4.4293904,1,,10.0,False,BMS,1139
C07_B02_RT_711,2080,6.0,0.0701380190337008,0.911794247438111,1.95823665893271,BMS_100_BG09,BMS,100,BG09,alveolar basal epithelial cells,A549,True,lung adenocarcinoma,cell_line,human,drug,1360,6.298077,0.1923077,1,,100.0,False,BMS,1360
C07_B02_RT_755,1862,101.0,0.0,0.0,91.6533180778032,BMS_10_AG11,BMS,10,AG11,alveolar basal epithelial cells,A549,True,lung adenocarcinoma,cell_line,human,drug,1046,10.257788,8.163265,1,,10.0,False,BMS,1046
C07_B02_RT_763,2263,48.0,0.0,0.0,21.159383033419,BMS_10_AH07,BMS,10,AH07,alveolar basal epithelial cells,A549,True,lung adenocarcinoma,cell_line,human,drug,1191,14.891737,4.816615,1,,10.0,False,BMS,1191
C08_A01_RT_489,2077,44.0,3.62912858077312e-33,3.26621572269581e-32,37.2190201729107,BMS_10_AG11,BMS,10,AG11,alveolar basal epithelial cells,A549,True,lung adenocarcinoma,cell_line,human,drug,1251,11.314396,6.1627345,1,,10.0,False,BMS,1251
C08_A01_RT_617,1552,3.0,1.0900363027746501e-15,6.54021781664792e-15,1.0082304526749,BMS_10_AG03,BMS,10,AG03,alveolar basal epithelial cells,A549,True,lung adenocarcinoma,cell_line,human,drug,1052,8.762887,0.45103094,1,,10.0,False,BMS,1052
C08_A01_RT_638,1192,37.0,0.0,0.0,33.6362339514979,BMS_10_AG03,BMS,10,AG03,alveolar basal epithelial cells,A549,True,lung adenocarcinoma,cell_line,human,drug,729,9.228188,5.3691278,1,,10.0,False,BMS,729
C08_B02_RT_393,1349,4.0,0.988569605191129,1.0,1.018779342723,BMS_100_AG09,BMS,100,AG09,alveolar basal epithelial cells,A549,True,lung adenocarcinoma,cell_line,human,drug,911,4.892513,0.37064493,1,,100.0,False,BMS,911
C08_B02_RT_457,1055,8.0,5.769947419644069e-11,9.23191587143051e-10,1.00742804085422,BMS_100_AG09,BMS,100,AG09,alveolar basal epithelial cells,A549,True,lung adenocarcinoma,cell_line,human,drug,786,2.748815,0.2843602,1,,100.0,False,BMS,786
C08_B02_RT_526,1927,111.0,1.35026316903462e-21,3.10560528877963e-20,67.8544891640867,BMS_10_AG03,BMS,10,AG03,alveolar basal epithelial cells,A549,True,lung adenocarcinoma,cell_line,human,drug,1179,5.345096,5.345096,1,,10.0,False,BMS,1179
C09_A01_RT_489,11039,1138.0,0.0,0.0,13.4050608645644,BMS_100_AH05,BMS,100,AH05,alveolar basal epithelial cells,A549,True,lung adenocarcinoma,cell_line,human,drug,5308,4.2666907,1.213878,1,,100.0,False,BMS,5308
C09_B02_RT_484,2280,47.0,0.0,0.0,53.7563959955506,BMS_10_AH07,BMS,10,AH07,alveolar basal epithelial cells,A549,True,lung adenocarcinoma,cell_line,human,drug,1412,10.307017,4.254386,1,,10.0,False,BMS,1412
C09_B02_RT_647,1025,215.0,0.0,0.0,42.9451669595782,BMS_10_BH07,BMS,10,BH07,alveolar basal epithelial cells,A549,True,lung adenocarcinoma,cell_line,human,drug,659,9.463414,7.02439,1,,10.0,False,BMS,659
C09_B02_RT_707,1709,11.0,0.871896966351757,1.0,1.78577476714649,BMS_50_BG10,BMS,50,BG10,alveolar basal epithelial cells,A549,True,lung adenocarcinoma,cell_line,human,drug,1143,2.1650088,0.3510825,1,,50.0,False,BMS,1143
C09_B02_RT_727,7938,79.0,0.0,0.0,1.03239788220448,BMS_10_AH07,BMS,10,AH07,alveolar basal epithelial cells,A549,True,lung adenocarcinoma,cell_line,human,drug,3688,7.583774,2.154195,1,,10.0,False,BMS,3688
C09_B02_RT_743,3732,576.0,0.0,0.0,5.16830929675389,BMS_50_BG10,BMS,50,BG10,alveolar basal epithelial cells,A549,True,lung adenocarcinoma,cell_line,human,drug,1974,12.352626,1.6345123,1,,50.0,False,BMS,1974
C10_A01_RT_763,4753,268.0,0.0,0.0,4.46076952755077,BMS_10_BH07,BMS,10,BH07,alveolar basal epithelial cells,A549,True,lung adenocarcinoma,cell_line,human,drug,2482,13.864927,2.2932885,1,,10.0,False,BMS,2482
C10_B02_RT_424,1719,6.0,5.4236186780065396e-27,1.5728494166219e-25,1.0091533180778,BMS_50_AG02,BMS,50,AG02,alveolar basal epithelial cells,A549,True,lung adenocarcinoma,cell_line,human,drug,1206,3.3740547,0.05817336,1,,50.0,False,BMS,1206
C10_B02_RT_530,2048,172.0,0.0,0.0,225.798984771574,BMS_10_BG11,BMS,10,BG11,alveolar basal epithelial cells,A549,True,lung adenocarcinoma,cell_line,human,drug,1230,5.1757812,6.4941406,1,,10.0,False,BMS,1230
C10_B02_RT_583,1867,22.0,0.0,0.0,18.923198733175,BMS_10_AH07,BMS,10,AH07,alveolar basal epithelial cells,A549,True,lung adenocarcinoma,cell_line,human,drug,1181,13.711837,3.8564541,1,,10.0,False,BMS,1181
C10_B02_RT_752,1123,6.0,0.147081838713344,0.441245516140031,1.00461893764434,BMS_50_BG02,BMS,50,BG02,alveolar basal epithelial cells,A549,True,lung adenocarcinoma,cell_line,human,drug,815,4.897596,0.53428316,1,,50.0,False,BMS,815
C11_A01_RT_450,26356,124.0,0.0,0.0,1.29611737341206,BMS_10_AG03,BMS,10,AG03,alveolar basal epithelial cells,A549,True,lung adenocarcinoma,cell_line,human,drug,7252,6.655031,1.9274548,1,,10.0,False,BMS,7252
C11_A01_RT_503,1811,2.0,0.0561798318193867,0.665458975872555,1.02573529411765,BMS_10_AG03,BMS,10,AG03,alveolar basal epithelial cells,A549,True,lung adenocarcinoma,cell_line,human,drug,1226,3.920486,0.33130866,1,,10.0,False,BMS,1226
C11_B02_RT_463,1365,6.0,2.96178223509726e-06,5.03502979966535e-05,1.01135288552507,BMS_100_AG01,BMS,100,AG01,alveolar basal epithelial cells,A549,True,lung adenocarcinoma,cell_line,human,drug,938,7.106227,0.5860806,1,,100.0,False,BMS,938
C11_B02_RT_593,8955,175.0,0.0,0.0,1.53145503666538,BMS_50_BG02,BMS,50,BG02,alveolar basal epithelial cells,A549,True,lung adenocarcinoma,cell_line,human,drug,3607,16.437744,1.6192071,1,,50.0,False,BMS,3607
C11_B02_RT_619,1689,3.0,7.03142591318149e-05,0.0009843996278454,1.00283822138127,BMS_50_BG02,BMS,50,BG02,alveolar basal epithelial cells,A549,True,lung adenocarcinoma,cell_line,human,drug,1135,5.62463,0.71047956,1,,50.0,False,BMS,1135
C11_B02_RT_702,1072,6.0,3.4246723821099696e-42,1.50685584812839e-40,1.00564440263405,BMS_10_AG11,BMS,10,AG11,alveolar basal epithelial cells,A549,True,lung adenocarcinoma,cell_line,human,drug,767,5.783582,0.27985075,1,,10.0,False,BMS,767
C12_A01_RT_546,3001,28.0,3.8495610717294303e-19,1.1933639322361201e-17,11.5,BMS_10_AG11,BMS,10,AG11,alveolar basal epithelial cells,A549,True,lung adenocarcinoma,cell_line,human,drug,1730,14.695102,1.632789,1,,10.0,False,BMS,1730
C12_B02_RT_388,2409,38.0,0.0,0.0,57.481981981982,BMS_10_AH07,BMS,10,AH07,alveolar basal epithelial cells,A549,True,lung adenocarcinoma,cell_line,human,drug,1324,7.762557,7.098381,1,,10.0,False,BMS,1324
C12_B02_RT_622,6417,89.0,0.0,0.0,1.46663934986,BMS_10_AG11,BMS,10,AG11,alveolar basal epithelial cells,A549,True,lung adenocarcinoma,cell_line,human,drug,3059,10.659186,0.8103475,1,,10.0,False,BMS,3059
C12_B02_RT_629,1092,4.0,0.784473385338967,1.0,1.02332361516035,BMS_10_AG03,BMS,10,AG03,alveolar basal epithelial cells,A549,True,lung adenocarcinoma,cell_line,human,drug,770,3.6630037,0.45787546,1,,10.0,False,BMS,770
C12_B02_RT_665,2463,154.0,0.0,0.0,138.698591549296,BMS_10_AG11,BMS,10,AG11,alveolar basal epithelial cells,A549,True,lung adenocarcinoma,cell_line,human,drug,1428,7.1051564,6.577345,1,,10.0,False,BMS,1428
C12_B02_RT_716,1040,3.0,0.999999287863942,1.0,1.00435413642961,BMS_10_AG11,BMS,10,AG11,alveolar basal epithelial cells,A549,True,lung adenocarcinoma,cell_line,human,drug,744,7.2115383,0.3846154,1,,10.0,False,BMS,744
D01_A01_RT_515,4517,6.0,2.12044837285129e-07,5.0890760948431e-06,2.03389830508475,BMS_100_BH05,BMS,100,BH05,alveolar basal epithelial cells,A549,True,lung adenocarcinoma,cell_line,human,drug,2381,14.832853,1.7932256,1,,100.0,False,BMS,2381
D01_A01_RT_623,6417,387.0,0.0,0.0,10.4273719563392,BMS_50_AG02,BMS,50,AG02,alveolar basal epithelial cells,A549,True,lung adenocarcinoma,cell_line,human,drug,3130,12.092878,1.5583606,1,,50.0,False,BMS,3130
D01_B02_RT_400,1486,4.0,0.974806731712634,1.0,1.01996007984032,BMS_50_AG02,BMS,50,AG02,alveolar basal epithelial cells,A549,True,lung adenocarcinoma,cell_line,human,drug,977,3.768506,0.47106326,1,,50.0,False,BMS,977
D01_B02_RT_423,1415,27.0,1.0,1.0,inf,BMS_10_AH07,BMS,10,AH07,alveolar basal epithelial cells,A549,True,lung adenocarcinoma,cell_line,human,drug,862,10.530035,4.9469967,1,,10.0,False,BMS,862
D01_B02_RT_635,1413,1.0,2.21050620804487e-136,6.18941738252564e-135,inf,BMS_50_BG02,BMS,50,BG02,alveolar basal epithelial cells,A549,True,lung adenocarcinoma,cell_line,human,drug,991,2.9723992,0.21231422,1,,50.0,False,BMS,991
D02_A01_RT_567,1364,23.0,0.0,0.0,33.714953271028,BMS_10_AH07,BMS,10,AH07,alveolar basal epithelial cells,A549,True,lung adenocarcinoma,cell_line,human,drug,857,8.72434,8.2111435,1,,10.0,False,BMS,857
D02_A01_RT_671,6036,3.0,9.75121367745381e-08,1.75521846194169e-06,1.00920245398773,BMS_10_AG11,BMS,10,AG11,alveolar basal epithelial cells,A549,True,lung adenocarcinoma,cell_line,human,drug,2797,13.303513,1.8389663,1,,10.0,False,BMS,2797
D02_A01_RT_758,1676,21.0,0.0,0.0,8.46808510638298,BMS_10_AH07,BMS,10,AH07,alveolar basal epithelial cells,A549,True,lung adenocarcinoma,cell_line,human,drug,1055,14.558473,3.9976134,1,,10.0,False,BMS,1055
D02_B02_RT_503,1023,3.0,7.47371215165417e-33,1.4200053088142902e-31,1.00385604113111,BMS_100_BH05,BMS,100,BH05,alveolar basal epithelial cells,A549,True,lung adenocarcinoma,cell_line,human,drug,775,2.6392963,0.58651024,1,,100.0,False,BMS,775
D02_B02_RT_627,1724,237.0,0.0,0.0,23.1964623278423,BMS_10_BH07,BMS,10,BH07,alveolar basal epithelial cells,A549,True,lung adenocarcinoma,cell_line,human,drug,1072,13.921114,4.0023203,1,,10.0,False,BMS,1072
D02_B02_RT_710,1049,1.0,0.999998172875083,1.0,inf,BMS_10_BH07,BMS,10,BH07,alveolar basal epithelial cells,A549,True,lung adenocarcinoma,cell_line,human,drug,757,6.577693,0.28598666,1,,10.0,False,BMS,757
D03_A01_RT_517,2599,78.0,0.0,0.0,73.5068493150685,BMS_10_AH07,BMS,10,AH07,alveolar basal epithelial cells,A549,True,lung adenocarcinoma,cell_line,human,drug,1464,6.6564064,5.809927,1,,10.0,False,BMS,1464
D03_B02_RT_400,2591,36.0,0.0,0.0,19.3619160260201,BMS_10_AH07,BMS,10,AH07,alveolar basal epithelial cells,A549,True,lung adenocarcinoma,cell_line,human,drug,1543,5.63489,2.0455422,1,,10.0,False,BMS,1543
D03_B02_RT_499,1747,109.0,9.58215322427975e-51,1.5331445158847599e-49,109.938813349815,BMS_10_BG11,BMS,10,BG11,alveolar basal epithelial cells,A549,True,lung adenocarcinoma,cell_line,human,drug,1117,8.357183,3.606182,1,,10.0,False,BMS,1117
D03_B02_RT_524,4636,301.0,0.0,0.0,4.76682992191471,BMS_10_BH07,BMS,10,BH07,alveolar basal epithelial cells,A549,True,lung adenocarcinoma,cell_line,human,drug,2390,6.9887834,3.1924071,1,,10.0,False,BMS,2390
D03_B02_RT_667,1436,48.0,0.0,0.0,43.8610306890562,BMS_10_AG03,BMS,10,AG03,alveolar basal epithelial cells,A549,True,lung adenocarcinoma,cell_line,human,drug,995,6.7548747,3.6908078,1,,10.0,False,BMS,995
D03_B02_RT_692,1551,84.0,0.0,0.0,77.7568037058483,BMS_10_AG03,BMS,10,AG03,alveolar basal epithelial cells,A549,True,lung adenocarcinoma,cell_line,human,drug,968,7.156673,5.54481,1,,10.0,False,BMS,968
D04_A01_RT_496,6730,187.0,0.0,0.0,1.96184075216689,BMS_10_BH07,BMS,10,BH07,alveolar basal epithelial cells,A549,True,lung adenocarcinoma,cell_line,human,drug,3285,10.772659,2.3922734,1,,10.0,False,BMS,3285
D04_A01_RT_503,2415,56.0,0.0,0.0,50.6433121019108,BMS_10_BG11,BMS,10,BG11,alveolar basal epithelial cells,A549,True,lung adenocarcinoma,cell_line,human,drug,1506,6.9979296,4.5962734,1,,10.0,False,BMS,1506
D04_B02_RT_561,1734,79.0,0.0,0.0,87.411889596603,BMS_10_BG11,BMS,10,BG11,alveolar basal epithelial cells,A549,True,lung adenocarcinoma,cell_line,human,drug,1035,5.536332,5.940023,1,,10.0,False,BMS,1035
D04_B02_RT_630,1162,4.0,3.53460083693418e-44,6.36228150648152e-43,1.003663003663,BMS_100_AH05,BMS,100,AH05,alveolar basal epithelial cells,A549,True,lung adenocarcinoma,cell_line,human,drug,829,6.110155,0.17211704,1,,100.0,False,BMS,829
D05_A01_RT_678,13840,284.0,0.0,0.0,3.10193642674461,BMS_50_BG02,BMS,50,BG02,alveolar basal epithelial cells,A549,True,lung adenocarcinoma,cell_line,human,drug,4795,15.765896,1.8569365,1,,50.0,False,BMS,4795
D05_B02_RT_398,1513,32.0,0.0,0.0,23.5556432517759,BMS_10_AH07,BMS,10,AH07,alveolar basal epithelial cells,A549,True,lung adenocarcinoma,cell_line,human,drug,944,6.4771976,4.097819,1,,10.0,False,BMS,944
D05_B02_RT_492,3208,7.0,1.88185733112642e-07,1.88185733112642e-06,1.01643192488263,BMS_100_AG01,BMS,100,AG01,alveolar basal epithelial cells,A549,True,lung adenocarcinoma,cell_line,human,drug,1702,14.495012,2.1197007,1,,100.0,False,BMS,1702
D05_B02_RT_710,1852,7.0,0.919212093066223,1.0,1.3233483791547,BMS_50_BG10,BMS,50,BG10,alveolar basal epithelial cells,A549,True,lung adenocarcinoma,cell_line,human,drug,1191,5.3455725,0.7019438,1,,50.0,False,BMS,1191
D06_B02_RT_740,3574,134.0,0.0,0.0,62.7947368421053,BMS_50_BG02,BMS,50,BG02,alveolar basal epithelial cells,A549,True,lung adenocarcinoma,cell_line,human,drug,2116,9.317291,1.7067711,1,,50.0,False,BMS,2116
D07_A01_RT_719,2223,42.0,0.99999867495505,1.0,38.0,BMS_10_BG11,BMS,10,BG11,alveolar basal epithelial cells,A549,True,lung adenocarcinoma,cell_line,human,drug,1299,9.041836,5.5330634,1,,10.0,False,BMS,1299
D07_B02_RT_424,1943,84.0,0.0,0.0,102.975609756098,BMS_10_BG11,BMS,10,BG11,alveolar basal epithelial cells,A549,True,lung adenocarcinoma,cell_line,human,drug,1241,6.4333506,0.15440041,1,,10.0,False,BMS,1241
D07_B02_RT_495,1012,68.0,0.0,0.0,80.6996699669967,BMS_10_AG03,BMS,10,AG03,alveolar basal epithelial cells,A549,True,lung adenocarcinoma,cell_line,human,drug,720,3.853755,6.6205535,1,,10.0,False,BMS,720
D07_B02_RT_719,1625,35.0,9.48228669082556e-28,1.6119887374403498e-26,18.7735849056604,BMS_10_AH07,BMS,10,AH07,alveolar basal epithelial cells,A549,True,lung adenocarcinoma,cell_line,human,drug,975,12.676923,3.5692308,1,,10.0,False,BMS,975
D08_B02_RT_582,1328,101.0,0.0,0.0,2.92636473375956,BMS_50_BH06,BMS,50,BH06,alveolar basal epithelial cells,A549,True,lung adenocarcinoma,cell_line,human,drug,840,15.512048,2.259036,1,,50.0,False,BMS,840
D08_B02_RT_635,1725,7.0,2.59093754466878e-07,2.85003129913565e-06,1.00739957716702,BMS_10_AG03,BMS,10,AG03,alveolar basal epithelial cells,A549,True,lung adenocarcinoma,cell_line,human,drug,1185,2.3768115,0.3478261,1,,10.0,False,BMS,1185
D08_B02_RT_716,1077,5.0,8.28843258598731e-05,0.0008288432585987,1.010718113612,BMS_100_BH05,BMS,100,BH05,alveolar basal epithelial cells,A549,True,lung adenocarcinoma,cell_line,human,drug,768,7.428041,0.46425256,1,,100.0,False,BMS,768
D09_A01_RT_426,4636,144.0,0.0,0.0,10.0806878306878,BMS_50_BG02,BMS,50,BG02,alveolar basal epithelial cells,A549,True,lung adenocarcinoma,cell_line,human,drug,2752,2.631579,1.6177739,1,,50.0,False,BMS,2752
D09_A01_RT_506,1040,11.0,1.06733614612378e-59,2.34813952147232e-58,8.15827338129496,BMS_10_BG03,BMS,10,BG03,alveolar basal epithelial cells,A549,True,lung adenocarcinoma,cell_line,human,drug,676,11.826923,6.25,1,,10.0,False,BMS,676
D10_A01_RT_566,1461,14.0,1.97769835245867e-39,2.57100785819627e-38,12.279534109817,BMS_10_AH07,BMS,10,AH07,alveolar basal epithelial cells,A549,True,lung adenocarcinoma,cell_line,human,drug,952,11.293634,4.3805614,1,,10.0,False,BMS,952
D10_B02_RT_701,1118,6.0,1.03112358629596e-06,2.1085504514692e-05,1.01421800947867,BMS_100_AG09,BMS,100,AG09,alveolar basal epithelial cells,A549,True,lung adenocarcinoma,cell_line,human,drug,810,4.025045,0.71556354,1,,100.0,False,BMS,810
D10_B02_RT_740,6250,315.0,0.0,0.0,1.31927334814298,BMS_10_BG11,BMS,10,BG11,alveolar basal epithelial cells,A549,True,lung adenocarcinoma,cell_line,human,drug,3056,7.824,2.992,1,,10.0,False,BMS,3056
D11_A01_RT_399,5300,123.0,0.0,0.0,1.04111886598496,BMS_10_AG11,BMS,10,AG11,alveolar basal epithelial cells,A549,True,lung adenocarcinoma,cell_line,human,drug,2804,5.962264,2.471698,1,,10.0,False,BMS,2804
D11_A01_RT_630,4254,251.0,0.0,0.0,6.55490397302448,BMS_10_BH07,BMS,10,BH07,alveolar basal epithelial cells,A549,True,lung adenocarcinoma,cell_line,human,drug,2329,8.697697,2.5152798,1,,10.0,False,BMS,2329
D11_A01_RT_720,1714,23.0,2.79763435784029e-34,2.23810748627224e-33,18.0166270783848,BMS_10_AH07,BMS,10,AH07,alveolar basal epithelial cells,A549,True,lung adenocarcinoma,cell_line,human,drug,1120,10.560093,4.900817,1,,10.0,False,BMS,1120
D11_B02_RT_424,1573,6.0,2.97650649842986e-100,4.76241039748778e-99,1.98263888888889,BMS_50_BG10,BMS,50,BG10,alveolar basal epithelial cells,A549,True,lung adenocarcinoma,cell_line,human,drug,1094,3.4329307,0.25429118,1,,50.0,False,BMS,1094
D11_B02_RT_484,1098,765.0,0.0,0.0,314.642936596218,BMS_50_BG10,BMS,50,BG10,alveolar basal epithelial cells,A549,True,lung adenocarcinoma,cell_line,human,drug,771,9.107468,0.5464481,1,,50.0,False,BMS,771
D11_B02_RT_502,1113,5.0,8.11431701656059e-09,2.43429510496818e-08,2.01467566774288,BMS_50_BG10,BMS,50,BG10,alveolar basal epithelial cells,A549,True,lung adenocarcinoma,cell_line,human,drug,804,4.851752,0.26954177,1,,50.0,False,BMS,804
D11_B02_RT_716,1049,1.0,2.63368823405705e-08,5.2673764681141e-08,inf,BMS_50_BG10,BMS,50,BG10,alveolar basal epithelial cells,A549,True,lung adenocarcinoma,cell_line,human,drug,748,6.673022,0.38131553,1,,50.0,False,BMS,748
D12_A01_RT_536,2015,25.0,0.0,0.0,21.9181669394435,BMS_10_AG03,BMS,10,AG03,alveolar basal epithelial cells,A549,True,lung adenocarcinoma,cell_line,human,drug,1210,14.937965,3.4243176,1,,10.0,False,BMS,1210
D12_B02_RT_396,1115,15.0,3.8672940259888304e-60,6.961129246779901e-59,1.00825082508251,BMS_50_AG10,BMS,50,AG10,alveolar basal epithelial cells,A549,True,lung adenocarcinoma,cell_line,human,drug,811,3.7668161,0.71748877,1,,50.0,False,BMS,811
D12_B02_RT_424,1930,9.0,5.89232201265372e-06,2.94616100632686e-05,1.00500834724541,BMS_50_BG02,BMS,50,BG02,alveolar basal epithelial cells,A549,True,lung adenocarcinoma,cell_line,human,drug,1283,3.6787565,0.31088084,1,,50.0,False,BMS,1283
E01_A01_RT_478,3128,313.0,0.0,0.0,2.73188943894389,BMS_100_AH05,BMS,100,AH05,alveolar basal epithelial cells,A549,True,lung adenocarcinoma,cell_line,human,drug,1671,18.57417,0.92710996,1,,100.0,False,BMS,1671
E01_A01_RT_617,1279,1.0,1.0,1.0,inf,BMS_100_AH05,BMS,100,AH05,alveolar basal epithelial cells,A549,True,lung adenocarcinoma,cell_line,human,drug,857,11.57154,0.4691165,1,,100.0,False,BMS,857
E01_B02_RT_396,1383,55.0,3.22930341191124e-69,7.1044675062047405e-68,45.4986737400531,BMS_10_BG11,BMS,10,BG11,alveolar basal epithelial cells,A549,True,lung adenocarcinoma,cell_line,human,drug,960,5.133767,2.9645698,1,,10.0,False,BMS,960
E01_B02_RT_397,2707,80.0,0.0,0.0,94.6632996632997,BMS_10_AG03,BMS,10,AG03,alveolar basal epithelial cells,A549,True,lung adenocarcinoma,cell_line,human,drug,1636,9.752494,3.1030662,1,,10.0,False,BMS,1636
E01_B02_RT_630,1289,4.0,2.70197973973563e-15,3.24237568768275e-14,1.01078167115903,BMS_100_BG09,BMS,100,BG09,alveolar basal epithelial cells,A549,True,lung adenocarcinoma,cell_line,human,drug,904,4.4996123,0.4654771,1,,100.0,False,BMS,904
E02_A01_RT_505,1048,19.0,0.0,0.0,16.9765432098765,BMS_10_AH07,BMS,10,AH07,alveolar basal epithelial cells,A549,True,lung adenocarcinoma,cell_line,human,drug,676,9.255725,5.7251906,1,,10.0,False,BMS,676
E02_A01_RT_617,1642,8.0,0.0,0.0,6.0498753117207,BMS_10_AH07,BMS,10,AH07,alveolar basal epithelial cells,A549,True,lung adenocarcinoma,cell_line,human,drug,1065,12.423873,4.445798,1,,10.0,False,BMS,1065
E02_B02_RT_428,2300,609.0,0.0,0.0,566.710169491525,BMS_50_BG02,BMS,50,BG02,alveolar basal epithelial cells,A549,True,lung adenocarcinoma,cell_line,human,drug,1406,5.9565215,1.3043479,1,,50.0,False,BMS,1406
E03_A01_RT_543,2499,35.0,1.0,1.0,34.0,BMS_10_BG11,BMS,10,BG11,alveolar basal epithelial cells,A549,True,lung adenocarcinoma,cell_line,human,drug,1447,8.203281,5.322129,1,,10.0,False,BMS,1447
E03_B02_RT_510,1481,56.0,0.0,0.0,46.7850287907869,BMS_10_AG11,BMS,10,AG11,alveolar basal epithelial cells,A549,True,lung adenocarcinoma,cell_line,human,drug,1010,8.237678,3.4436193,1,,10.0,False,BMS,1010
E03_B02_RT_635,1551,2.0,5.93364282476017e-26,1.95810213217086e-24,1.00386847195358,BMS_50_AG10,BMS,50,AG10,alveolar basal epithelial cells,A549,True,lung adenocarcinoma,cell_line,human,drug,1074,3.030303,0.58027077,1,,50.0,False,BMS,1074
E04_A01_RT_635,1309,4.0,0.996175563475628,1.0,1.03883495145631,BMS_100_BG09,BMS,100,BG09,alveolar basal epithelial cells,A549,True,lung adenocarcinoma,cell_line,human,drug,941,3.2085562,0.22918259,1,,100.0,False,BMS,941
E04_B02_RT_446,1049,1.0,0.844567056905935,1.0,inf,BMS_100_BG09,BMS,100,BG09,alveolar basal epithelial cells,A549,True,lung adenocarcinoma,cell_line,human,drug,727,5.910391,0.47664443,1,,100.0,False,BMS,727
E04_B02_RT_562,5906,417.0,0.0,0.0,1.55963913780576,BMS_10_BH07,BMS,10,BH07,alveolar basal epithelial cells,A549,True,lung adenocarcinoma,cell_line,human,drug,3004,5.130376,1.6593295,1,,10.0,False,BMS,3004
E04_B02_RT_630,5486,50.0,0.0,0.0,24.6764705882353,BMS_100_AG09,BMS,100,AG09,alveolar basal epithelial cells,A549,True,lung adenocarcinoma,cell_line,human,drug,2735,8.786001,1.1848341,1,,100.0,False,BMS,2735
E04_B02_RT_692,4971,93.0,0.0,0.0,3.66999824653691,BMS_10_AG03,BMS,10,AG03,alveolar basal epithelial cells,A549,True,lung adenocarcinoma,cell_line,human,drug,2663,3.7417018,2.051901,1,,10.0,False,BMS,2663
E05_A01_RT_402,2241,7.0,0.0923168435384372,0.64621790476906,1.01806451612903,BMS_50_AH06,BMS,50,AH06,alveolar basal epithelial cells,A549,True,lung adenocarcinoma,cell_line,human,drug,1387,4.640785,0.31236055,1,,50.0,False,BMS,1387
E05_B02_RT_391,3981,211.0,0.0,0.0,3.16437829525483,BMS_10_BH07,BMS,10,BH07,alveolar basal epithelial cells,A549,True,lung adenocarcinoma,cell_line,human,drug,2157,6.9580507,2.3612158,1,,10.0,False,BMS,2157
E05_B02_RT_475,1207,134.0,0.0,0.0,77.921589688507,BMS_10_BH07,BMS,10,BH07,alveolar basal epithelial cells,A549,True,lung adenocarcinoma,cell_line,human,drug,840,7.1251035,5.1367025,1,,10.0,False,BMS,840
E05_B02_RT_575,1235,5.0,8.95828387050792e-08,1.34374258057619e-06,1.00447627573859,BMS_100_BH05,BMS,100,BH05,alveolar basal epithelial cells,A549,True,lung adenocarcinoma,cell_line,human,drug,894,3.2388663,0.64777327,1,,100.0,False,BMS,894
E05_B02_RT_604,1299,3.0,1.90117041275657e-10,3.9924578667888e-09,1.97879858657244,BMS_100_BG09,BMS,100,BG09,alveolar basal epithelial cells,A549,True,lung adenocarcinoma,cell_line,human,drug,886,1.6936104,0.8468052,1,,100.0,False,BMS,886
E05_B02_RT_635,2369,3.0,2.42931370634888e-10,4.85862741269776e-09,2.0,BMS_100_BG09,BMS,100,BG09,alveolar basal epithelial cells,A549,True,lung adenocarcinoma,cell_line,human,drug,1503,3.2081046,0.29548332,1,,100.0,False,BMS,1503
E05_B02_RT_644,1029,61.0,2.30722130916178e-43,6.690941796569149e-42,57.0756302521008,BMS_10_AH07,BMS,10,AH07,alveolar basal epithelial cells,A549,True,lung adenocarcinoma,cell_line,human,drug,652,10.009718,5.442177,1,,10.0,False,BMS,652
E06_A01_RT_546,1284,55.0,1.12802024508891e-117,1.5792283431244798e-116,51.0852211434736,BMS_10_AG03,BMS,10,AG03,alveolar basal epithelial cells,A549,True,lung adenocarcinoma,cell_line,human,drug,886,8.099689,5.76324,1,,10.0,False,BMS,886
E06_A01_RT_568,2173,250.0,0.0,0.0,18.6785798444741,BMS_10_BH07,BMS,10,BH07,alveolar basal epithelial cells,A549,True,lung adenocarcinoma,cell_line,human,drug,1401,6.8108606,2.0248504,1,,10.0,False,BMS,1401
E07_A01_RT_396,1049,5.0,1.4593238525309698e-11,2.33491816404956e-10,1.01226993865031,BMS_50_AG10,BMS,50,AG10,alveolar basal epithelial cells,A549,True,lung adenocarcinoma,cell_line,human,drug,772,5.052431,0.28598666,1,,50.0,False,BMS,772
E07_A01_RT_545,1570,364.0,0.0,0.0,347.930120481928,BMS_10_AG11,BMS,10,AG11,alveolar basal epithelial cells,A549,True,lung adenocarcinoma,cell_line,human,drug,993,5.859873,6.11465,1,,10.0,False,BMS,993
E07_A01_RT_558,1039,181.0,0.0,0.0,176.127710843374,BMS_10_BH07,BMS,10,BH07,alveolar basal epithelial cells,A549,True,lung adenocarcinoma,cell_line,human,drug,709,4.908566,5.2935514,1,,10.0,False,BMS,709
E07_A01_RT_631,4444,76.0,0.0,0.0,1.02650715458597,BMS_10_BG11,BMS,10,BG11,alveolar basal epithelial cells,A549,True,lung adenocarcinoma,cell_line,human,drug,2521,6.2556257,4.1854186,1,,10.0,False,BMS,2521
E07_A01_RT_635,1135,3.0,0.99512742097707,1.0,1.02216748768473,BMS_50_BH06,BMS,50,BH06,alveolar basal epithelial cells,A549,True,lung adenocarcinoma,cell_line,human,drug,849,2.9955947,0.3524229,1,,50.0,False,BMS,849
E07_A01_RT_682,1020,22.0,0.0,0.0,24.9083094555874,BMS_10_AH07,BMS,10,AH07,alveolar basal epithelial cells,A549,True,lung adenocarcinoma,cell_line,human,drug,689,10.882353,2.8431373,1,,10.0,False,BMS,689
E08_A01_RT_481,5786,23.0,0.0,0.0,1.10304562417238,BMS_100_BG01,BMS,100,BG01,alveolar basal epithelial cells,A549,True,lung adenocarcinoma,cell_line,human,drug,2884,10.871068,1.8320082,1,,100.0,False,BMS,2884
E08_A01_RT_619,1294,3.0,9.821251053844471e-09,9.82125105384447e-08,1.00725513905683,BMS_50_AG02,BMS,50,AG02,alveolar basal epithelial cells,A549,True,lung adenocarcinoma,cell_line,human,drug,927,6.877898,0.4636785,1,,50.0,False,BMS,927
E08_B02_RT_424,1893,5.0,0.999301976435431,1.0,1.02944640753828,BMS_50_BG10,BMS,50,BG10,alveolar basal epithelial cells,A549,True,lung adenocarcinoma,cell_line,human,drug,1276,3.2752244,0.3169572,1,,50.0,False,BMS,1276
E08_B02_RT_425,1081,108.0,0.0,0.0,103.258581235698,BMS_10_BH07,BMS,10,BH07,alveolar basal epithelial cells,A549,True,lung adenocarcinoma,cell_line,human,drug,776,5.827937,2.8677151,1,,10.0,False,BMS,776
E08_B02_RT_501,1384,96.0,0.0,0.0,161.726530612245,BMS_10_BG11,BMS,10,BG11,alveolar basal epithelial cells,A549,True,lung adenocarcinoma,cell_line,human,drug,881,9.176301,7.0086703,1,,10.0,False,BMS,881
E09_A01_RT_629,1756,22.0,0.0,0.0,6.74962962962963,BMS_10_BG03,BMS,10,BG03,alveolar basal epithelial cells,A549,True,lung adenocarcinoma,cell_line,human,drug,1200,5.0113897,3.473804,1,,10.0,False,BMS,1200
E09_B02_RT_442,3293,39.0,0.0,0.0,2.64009198926792,BMS_10_AG11,BMS,10,AG11,alveolar basal epithelial cells,A549,True,lung adenocarcinoma,cell_line,human,drug,1857,8.320681,2.459763,1,,10.0,False,BMS,1857
E09_B02_RT_471,1021,5.0,4.21761146920895e-73,9.70050637918058e-72,1.98855835240275,BMS_10_AH07,BMS,10,AH07,alveolar basal epithelial cells,A549,True,lung adenocarcinoma,cell_line,human,drug,690,10.479921,4.4074435,1,,10.0,False,BMS,690
E09_B02_RT_617,1376,1.0,0.8863810599913,1.0,inf,BMS_100_BG09,BMS,100,BG09,alveolar basal epithelial cells,A549,True,lung adenocarcinoma,cell_line,human,drug,939,9.811047,0.7994186,1,,100.0,False,BMS,939
E09_B02_RT_757,3227,110.0,0.0,0.0,2.48602744310576,BMS_10_AG11,BMS,10,AG11,alveolar basal epithelial cells,A549,True,lung adenocarcinoma,cell_line,human,drug,1765,9.699411,5.175085,1,,10.0,False,BMS,1765
E10_A01_RT_454,1160,5.0,1.28530745716733e-55,1.9279611857509902e-54,1.00576701268743,BMS_10_AH07,BMS,10,AH07,alveolar basal epithelial cells,A549,True,lung adenocarcinoma,cell_line,human,drug,835,13.793103,1.0344827,1,,10.0,False,BMS,835
E10_A01_RT_761,2525,47.0,0.0,0.0,1.7432626146789,BMS_10_BG11,BMS,10,BG11,alveolar basal epithelial cells,A549,True,lung adenocarcinoma,cell_line,human,drug,1563,12.990099,2.9306931,1,,10.0,False,BMS,1563
E10_B02_RT_745,2155,227.0,0.0,0.0,1.49907278313954,BMS_10_BH07,BMS,10,BH07,alveolar basal epithelial cells,A549,True,lung adenocarcinoma,cell_line,human,drug,1261,10.023202,4.4547563,1,,10.0,False,BMS,1261
E11_B02_RT_397,2176,24.0,0.0,0.0,11.9847328244275,BMS_10_AH07,BMS,10,AH07,alveolar basal epithelial cells,A549,True,lung adenocarcinoma,cell_line,human,drug,1380,5.46875,2.2058823,1,,10.0,False,BMS,1380
E11_B02_RT_567,4129,1532.0,0.0,0.0,1.03639352232344,BMS_100_AG09,BMS,100,AG09,alveolar basal epithelial cells,A549,True,lung adenocarcinoma,cell_line,human,drug,2113,18.600145,1.4773552,1,,100.0,False,BMS,2113
E11_B02_RT_604,1192,4.0,0.0510302975708767,0.30618178542526,1.98449612403101,BMS_50_BG10,BMS,50,BG10,alveolar basal epithelial cells,A549,True,lung adenocarcinoma,cell_line,human,drug,839,1.6778524,0.33557048,1,,50.0,False,BMS,839
E12_A01_RT_503,1533,13.0,0.0003244902172464,0.0006489804344928,10.5115907274181,BMS_10_AH07,BMS,10,AH07,alveolar basal epithelial cells,A549,True,lung adenocarcinoma,cell_line,human,drug,998,11.611219,3.7834313,1,,10.0,False,BMS,998
E12_A01_RT_678,1079,37.0,0.0,0.0,30.9710258418168,BMS_10_AG03,BMS,10,AG03,alveolar basal epithelial cells,A549,True,lung adenocarcinoma,cell_line,human,drug,698,13.345691,5.931418,1,,10.0,False,BMS,698
E12_B02_RT_700,2749,1480.0,0.0,0.0,95.0123817712812,BMS_100_BH05,BMS,100,BH05,alveolar basal epithelial cells,A549,True,lung adenocarcinoma,cell_line,human,drug,1685,5.674791,1.054929,1,,100.0,False,BMS,1685
F01_B02_RT_635,1556,1.0,1.0,1.0,inf,BMS_50_BH06,BMS,50,BH06,alveolar basal epithelial cells,A549,True,lung adenocarcinoma,cell_line,human,drug,1082,2.6992288,0.44987145,1,,50.0,False,BMS,1082
F01_B02_RT_726,1032,51.0,1.88477532397262e-39,4.71193830993156e-38,21.813829787234,BMS_10_AH07,BMS,10,AH07,alveolar basal epithelial cells,A549,True,lung adenocarcinoma,cell_line,human,drug,728,11.821706,3.9728682,1,,10.0,False,BMS,728
F02_A01_RT_502,5294,61.0,0.0,0.0,5.36840289755088,BMS_10_AG11,BMS,10,AG11,alveolar basal epithelial cells,A549,True,lung adenocarcinoma,cell_line,human,drug,2816,6.6868153,2.0778239,1,,10.0,False,BMS,2816
F02_A01_RT_635,1652,6.0,0.849619941540449,1.0,1.02843601895735,BMS_100_BG01,BMS,100,BG01,alveolar basal epithelial cells,A549,True,lung adenocarcinoma,cell_line,human,drug,1166,3.5714285,0.30266345,1,,100.0,False,BMS,1166
F02_B02_RT_602,1161,1.0,1.5655603398677198e-22,1.56556033986772e-21,inf,BMS_100_BG09,BMS,100,BG09,alveolar basal epithelial cells,A549,True,lung adenocarcinoma,cell_line,human,drug,879,2.8423772,1.1197244,1,,100.0,False,BMS,879
F03_A01_RT_497,1722,379.0,0.0,0.0,4.09593793364451,BMS_10_BG11,BMS,10,BG11,alveolar basal epithelial cells,A549,True,lung adenocarcinoma,cell_line,human,drug,1179,5.749129,1.8583043,1,,10.0,False,BMS,1179
F03_A01_RT_613,1373,39.0,1.03385006415361e-17,1.75754510906114e-16,30.6716621253406,BMS_10_AG11,BMS,10,AG11,alveolar basal epithelial cells,A549,True,lung adenocarcinoma,cell_line,human,drug,954,7.501821,5.0254917,1,,10.0,False,BMS,954
F03_A01_RT_729,2451,164.0,0.0,0.0,1066.10256410256,BMS_10_BH07,BMS,10,BH07,alveolar basal epithelial cells,A549,True,lung adenocarcinoma,cell_line,human,drug,1506,8.486332,4.610363,1,,10.0,False,BMS,1506
F03_B02_RT_572,1183,6.0,3.2179978827821703e-23,2.5743983062257297e-22,1.00678349349915,BMS_100_AH05,BMS,100,AH05,alveolar basal epithelial cells,A549,True,lung adenocarcinoma,cell_line,human,drug,827,4.818259,0.08453085,1,,100.0,False,BMS,827
F03_B02_RT_676,1117,5.0,1.9621493084904198e-56,3.13943889358467e-55,1.00282326369283,BMS_10_BG11,BMS,10,BG11,alveolar basal epithelial cells,A549,True,lung adenocarcinoma,cell_line,human,drug,710,2.0590868,0.8057296,1,,10.0,False,BMS,710
F04_A01_RT_616,3944,46.0,0.0,0.0,1.29507042253521,BMS_10_AH07,BMS,10,AH07,alveolar basal epithelial cells,A549,True,lung adenocarcinoma,cell_line,human,drug,2143,11.6125765,2.332657,1,,10.0,False,BMS,2143
F04_A01_RT_619,1307,3.0,1.0,1.0,1.00375469336671,BMS_100_BG09,BMS,100,BG09,alveolar basal epithelial cells,A549,True,lung adenocarcinoma,cell_line,human,drug,953,5.891354,0.53557765,1,,100.0,False,BMS,953
F04_A01_RT_734,4580,217.0,0.0,0.0,10.1700671487603,BMS_10_BH07,BMS,10,BH07,alveolar basal epithelial cells,A549,True,lung adenocarcinoma,cell_line,human,drug,2296,9.672489,3.1222708,1,,10.0,False,BMS,2296
F04_B02_RT_386,4405,84.0,0.0,0.0,2.28724544480171,BMS_10_AG03,BMS,10,AG03,alveolar basal epithelial cells,A549,True,lung adenocarcinoma,cell_line,human,drug,2157,10.374575,4.540295,1,,10.0,False,BMS,2157
F04_B02_RT_698,1138,49.0,0.0,0.0,46.9345794392523,BMS_10_BG11,BMS,10,BG11,alveolar basal epithelial cells,A549,True,lung adenocarcinoma,cell_line,human,drug,779,7.908612,3.954306,1,,10.0,False,BMS,779
F05_A01_RT_389,15569,588.0,0.0,0.0,1.79189705958348,BMS_50_BG10,BMS,50,BG10,alveolar basal epithelial cells,A549,True,lung adenocarcinoma,cell_line,human,drug,5320,12.749695,2.4792857,1,,50.0,False,BMS,5320
F05_A01_RT_526,2529,131.0,0.0,0.0,133.772998805257,BMS_10_AG03,BMS,10,AG03,alveolar basal epithelial cells,A549,True,lung adenocarcinoma,cell_line,human,drug,1426,8.303678,5.3776197,1,,10.0,False,BMS,1426
F05_A01_RT_533,1166,2.0,1.29220130255986e-08,2.97206299588767e-07,1.00208333333333,BMS_50_BG02,BMS,50,BG02,alveolar basal epithelial cells,A549,True,lung adenocarcinoma,cell_line,human,drug,798,9.691252,0.5145798,1,,50.0,False,BMS,798
F05_A01_RT_651,1957,54.0,0.0,0.0,1.44721074380165,BMS_10_BG03,BMS,10,BG03,alveolar basal epithelial cells,A549,True,lung adenocarcinoma,cell_line,human,drug,1184,8.533469,6.0296373,1,,10.0,False,BMS,1184
F05_A01_RT_711,4158,143.0,0.0,0.0,6.85628342245989,BMS_100_AG09,BMS,100,AG09,alveolar basal epithelial cells,A549,True,lung adenocarcinoma,cell_line,human,drug,2425,8.008658,2.7898028,1,,100.0,False,BMS,2425
F05_B02_RT_432,7058,42.0,0.0,0.0,19.0537885874649,BMS_10_AH07,BMS,10,AH07,alveolar basal epithelial cells,A549,True,lung adenocarcinoma,cell_line,human,drug,3507,8.316804,2.7344856,1,,10.0,False,BMS,3507
F05_B02_RT_512,3831,145.0,0.0,0.0,2.02885599027196,BMS_10_BG11,BMS,10,BG11,alveolar basal epithelial cells,A549,True,lung adenocarcinoma,cell_line,human,drug,2177,8.457322,2.6363873,1,,10.0,False,BMS,2177
F05_B02_RT_524,6787,147.0,0.0,0.0,1.34527187777682,BMS_10_AG03,BMS,10,AG03,alveolar basal epithelial cells,A549,True,lung adenocarcinoma,cell_line,human,drug,3063,13.525858,2.7257993,1,,10.0,False,BMS,3063
F05_B02_RT_527,1593,48.0,0.0,0.0,39.4533221194281,BMS_10_AH07,BMS,10,AH07,alveolar basal epithelial cells,A549,True,lung adenocarcinoma,cell_line,human,drug,911,12.931576,6.591337,1,,10.0,False,BMS,911
F05_B02_RT_572,1352,9.0,4.21578319572372e-10,3.3470387484618904e-09,1.00743801652893,BMS_10_AH07,BMS,10,AH07,alveolar basal epithelial cells,A549,True,lung adenocarcinoma,cell_line,human,drug,937,5.547337,0.51775146,1,,10.0,False,BMS,937
F06_A01_RT_434,1722,1097.0,0.0,0.0,1.26831492204613,BMS_10_AG03,BMS,10,AG03,alveolar basal epithelial cells,A549,True,lung adenocarcinoma,cell_line,human,drug,1182,7.781649,1.7421603,1,,10.0,False,BMS,1182
F06_A01_RT_453,1353,44.0,0.0,0.0,33.2301957129543,BMS_10_AH07,BMS,10,AH07,alveolar basal epithelial cells,A549,True,lung adenocarcinoma,cell_line,human,drug,865,15.225425,4.5084996,1,,10.0,False,BMS,865
F06_A01_RT_609,1057,45.0,0.0,0.0,3.12068563432836,BMS_10_BG03,BMS,10,BG03,alveolar basal epithelial cells,A549,True,lung adenocarcinoma,cell_line,human,drug,678,10.312204,6.433302,1,,10.0,False,BMS,678
F06_B02_RT_432,1021,5.0,0.787963834465538,1.0,1.88622754491018,BMS_50_AH06,BMS,50,AH06,alveolar basal epithelial cells,A549,True,lung adenocarcinoma,cell_line,human,drug,730,7.247796,0.2938296,1,,50.0,False,BMS,730
F06_B02_RT_455,5304,133.0,0.0,0.0,1.19695839830068,BMS_10_AH07,BMS,10,AH07,alveolar basal epithelial cells,A549,True,lung adenocarcinoma,cell_line,human,drug,2627,12.368024,1.6214178,1,,10.0,False,BMS,2627
F06_B02_RT_569,1236,33.0,2.53563843711913e-16,5.0712768742382605e-15,13.6290322580645,BMS_10_BG03,BMS,10,BG03,alveolar basal epithelial cells,A549,True,lung adenocarcinoma,cell_line,human,drug,804,9.546926,4.288026,1,,10.0,False,BMS,804
F07_A01_RT_546,8357,901.0,0.0,0.0,4.10452342920374,BMS_50_AG02,BMS,50,AG02,alveolar basal epithelial cells,A549,True,lung adenocarcinoma,cell_line,human,drug,3278,12.516454,2.3692713,1,,50.0,False,BMS,3278
F07_A01_RT_635,2980,49.0,0.0,0.0,26.6360424028269,BMS_10_AG11,BMS,10,AG11,alveolar basal epithelial cells,A549,True,lung adenocarcinoma,cell_line,human,drug,1747,5.704698,0.738255,1,,10.0,False,BMS,1747
F07_A01_RT_710,1904,7.0,1.54790843761179e-08,3.09581687522357e-07,1.46981627296588,BMS_50_AG02,BMS,50,AG02,alveolar basal epithelial cells,A549,True,lung adenocarcinoma,cell_line,human,drug,1223,6.302521,0.42016807,1,,50.0,False,BMS,1223
F07_B02_RT_479,4198,540.0,0.0,0.0,1.83353410097431,BMS_50_AG02,BMS,50,AG02,alveolar basal epithelial cells,A549,True,lung adenocarcinoma,cell_line,human,drug,2308,10.695569,2.6202953,1,,50.0,False,BMS,2308
F07_B02_RT_743,4572,77.0,0.0,0.0,1.76553753115679,BMS_10_AH07,BMS,10,AH07,alveolar basal epithelial cells,A549,True,lung adenocarcinoma,cell_line,human,drug,2292,8.464567,3.1058617,1,,10.0,False,BMS,2292
F08_A01_RT_424,2284,11.0,0.0091315997620924,0.0273947992862772,1.00752908966461,BMS_50_BG02,BMS,50,BG02,alveolar basal epithelial cells,A549,True,lung adenocarcinoma,cell_line,human,drug,1494,4.203152,0.43782836,1,,50.0,False,BMS,1494
F08_A01_RT_635,1372,3.0,5.83426288546227e-68,1.05016731938321e-66,1.0060281312793,BMS_50_AG02,BMS,50,AG02,alveolar basal epithelial cells,A549,True,lung adenocarcinoma,cell_line,human,drug,956,2.9883382,0.29154518,1,,50.0,False,BMS,956
F08_A01_RT_710,1395,4.0,0.0041370749634079,0.0165482998536319,1.00540175557056,BMS_10_AG11,BMS,10,AG11,alveolar basal epithelial cells,A549,True,lung adenocarcinoma,cell_line,human,drug,971,7.5985665,0.57347673,1,,10.0,False,BMS,971
F08_B02_RT_420,8178,59.0,0.0,0.0,1.84962263255328,BMS_10_AG11,BMS,10,AG11,alveolar basal epithelial cells,A549,True,lung adenocarcinoma,cell_line,human,drug,3716,9.843483,1.9564686,1,,10.0,False,BMS,3716
F08_B02_RT_485,3290,59.0,0.0,0.0,8.07847533632287,BMS_100_BG09,BMS,100,BG09,alveolar basal epithelial cells,A549,True,lung adenocarcinoma,cell_line,human,drug,1880,5.9270515,0.85106385,1,,100.0,False,BMS,1880
F08_B02_RT_604,1313,3.0,1.6631257225198798e-12,1.16418800576392e-11,1.00543970988214,BMS_50_AH06,BMS,50,AH06,alveolar basal epithelial cells,A549,True,lung adenocarcinoma,cell_line,human,drug,930,2.8941355,0.3808073,1,,50.0,False,BMS,930
F09_A01_RT_429,1530,6.0,1.26167040792873e-64,4.41584642775057e-63,1.0093131548312,BMS_100_AG01,BMS,100,AG01,alveolar basal epithelial cells,A549,True,lung adenocarcinoma,cell_line,human,drug,1045,3.267974,0.45751634,1,,100.0,False,BMS,1045
F09_A01_RT_444,2379,54.0,0.0,0.0,7.95067926757236,BMS_10_BG03,BMS,10,BG03,alveolar basal epithelial cells,A549,True,lung adenocarcinoma,cell_line,human,drug,1352,12.021858,3.6569986,1,,10.0,False,BMS,1352
F09_A01_RT_652,1402,83.0,0.0,0.0,80.4992076069731,BMS_10_AG11,BMS,10,AG11,alveolar basal epithelial cells,A549,True,lung adenocarcinoma,cell_line,human,drug,861,5.8487873,6.562054,1,,10.0,False,BMS,861
F09_A01_RT_746,1067,6.0,8.62969101995442e-07,4.31484550997721e-06,1.00233918128655,BMS_100_AH05,BMS,100,AH05,alveolar basal epithelial cells,A549,True,lung adenocarcinoma,cell_line,human,drug,744,3.0927835,0.46860355,1,,100.0,False,BMS,744
F09_B02_RT_474,1553,46.0,0.0,0.0,41.9389920424403,BMS_10_AG03,BMS,10,AG03,alveolar basal epithelial cells,A549,True,lung adenocarcinoma,cell_line,human,drug,964,7.4050226,5.15132,1,,10.0,False,BMS,964
F10_A01_RT_567,1875,51.0,0.0,0.0,48.1489361702128,BMS_10_BG11,BMS,10,BG11,alveolar basal epithelial cells,A549,True,lung adenocarcinoma,cell_line,human,drug,1220,6.56,6.5066667,1,,10.0,False,BMS,1220
F10_A01_RT_726,18622,419.0,0.0,0.0,5.00729702497746,BMS_50_BG02,BMS,50,BG02,alveolar basal epithelial cells,A549,True,lung adenocarcinoma,cell_line,human,drug,5790,10.176136,1.2780582,1,,50.0,False,BMS,5790
F10_B02_RT_424,1652,4.0,8.18881663453656e-28,1.3102106615258498e-26,1.01310401310401,BMS_100_AH05,BMS,100,AH05,alveolar basal epithelial cells,A549,True,lung adenocarcinoma,cell_line,human,drug,1179,2.118644,0.4842615,1,,100.0,False,BMS,1179
F10_B02_RT_632,1974,28.0,0.0,0.0,23.5078318219291,BMS_10_AH07,BMS,10,AH07,alveolar basal epithelial cells,A549,True,lung adenocarcinoma,cell_line,human,drug,1129,8.308004,5.673759,1,,10.0,False,BMS,1129
F10_B02_RT_661,2098,181.0,0.0,0.0,2.86552947768163,BMS_10_BG11,BMS,10,BG11,alveolar basal epithelial cells,A549,True,lung adenocarcinoma,cell_line,human,drug,1264,11.201144,8.293613,1,,10.0,False,BMS,1264
F11_A01_RT_456,1229,36.0,0.0,0.0,25.731330472103,BMS_10_AH07,BMS,10,AH07,alveolar basal epithelial cells,A549,True,lung adenocarcinoma,cell_line,human,drug,749,12.530513,7.6484947,1,,10.0,False,BMS,749
F11_A01_RT_551,2185,97.0,0.0,0.0,38.5098402738163,BMS_10_BG03,BMS,10,BG03,alveolar basal epithelial cells,A549,True,lung adenocarcinoma,cell_line,human,drug,1202,9.016018,5.90389,1,,10.0,False,BMS,1202
F11_A01_RT_570,1122,6.0,2.42413782942584e-05,0.0004605861875909,1.00168776371308,BMS_10_AG03,BMS,10,AG03,alveolar basal epithelial cells,A549,True,lung adenocarcinoma,cell_line,human,drug,771,7.7540107,0.17825311,1,,10.0,False,BMS,771
F11_A01_RT_624,1254,7.0,0.0988131378667864,0.494065689333932,1.99011299435028,BMS_100_BG09,BMS,100,BG09,alveolar basal epithelial cells,A549,True,lung adenocarcinoma,cell_line,human,drug,873,4.385965,0.39872408,1,,100.0,False,BMS,873
F12_A01_RT_496,3868,127.0,0.0,0.0,1.43092757528949,BMS_10_AG11,BMS,10,AG11,alveolar basal epithelial cells,A549,True,lung adenocarcinoma,cell_line,human,drug,2005,11.06515,2.197518,1,,10.0,False,BMS,2005
F12_A01_RT_641,1248,30.0,7.561313495582049e-33,5.29291944690743e-32,29.372922909289,BMS_10_AH07,BMS,10,AH07,alveolar basal epithelial cells,A549,True,lung adenocarcinoma,cell_line,human,drug,792,16.987179,3.6858974,1,,10.0,False,BMS,792
F12_A01_RT_694,1244,311.0,0.0,0.0,179.548072230356,BMS_10_AG11,BMS,10,AG11,alveolar basal epithelial cells,A549,True,lung adenocarcinoma,cell_line,human,drug,802,10.610932,4.2604504,1,,10.0,False,BMS,802
F12_B02_RT_400,1498,7.0,3.12214566661366e-06,2.18550196662956e-05,1.01508620689655,BMS_50_BH06,BMS,50,BH06,alveolar basal epithelial cells,A549,True,lung adenocarcinoma,cell_line,human,drug,986,4.0053406,0.33377838,1,,50.0,False,BMS,986
F12_B02_RT_617,1382,3.0,0.999999999949413,1.0,1.04022346368715,BMS_100_BG09,BMS,100,BG09,alveolar basal epithelial cells,A549,True,lung adenocarcinoma,cell_line,human,drug,926,9.768452,0.3617945,1,,100.0,False,BMS,926
F12_B02_RT_761,5627,501.0,0.0,0.0,13.7120413832743,BMS_10_BH07,BMS,10,BH07,alveolar basal epithelial cells,A549,True,lung adenocarcinoma,cell_line,human,drug,2663,6.646526,2.9145193,1,,10.0,False,BMS,2663
G01_A01_RT_424,2277,10.0,0.409966254254165,1.0,1.02614379084967,BMS_50_AG10,BMS,50,AG10,alveolar basal epithelial cells,A549,True,lung adenocarcinoma,cell_line,human,drug,1492,2.5032938,0.43917435,1,,50.0,False,BMS,1492
G01_A01_RT_447,3396,145.0,0.0,0.0,65.0764331210191,BMS_10_AG03,BMS,10,AG03,alveolar basal epithelial cells,A549,True,lung adenocarcinoma,cell_line,human,drug,1720,10.924617,4.5641932,1,,10.0,False,BMS,1720
G01_A01_RT_572,2003,4.0,3.00110425029934e-06,9.60353360095788e-05,1.02628120893561,BMS_100_BH05,BMS,100,BH05,alveolar basal epithelial cells,A549,True,lung adenocarcinoma,cell_line,human,drug,1322,4.543185,0.449326,1,,100.0,False,BMS,1322
G01_A01_RT_579,5461,23.0,0.173543665747038,1.0,1.16942675159236,BMS_100_BG09,BMS,100,BG09,alveolar basal epithelial cells,A549,True,lung adenocarcinoma,cell_line,human,drug,2703,11.078557,1.3184398,1,,100.0,False,BMS,2703
G01_A01_RT_587,1788,89.0,0.0,0.0,91.2068965517241,BMS_10_AG03,BMS,10,AG03,alveolar basal epithelial cells,A549,True,lung adenocarcinoma,cell_line,human,drug,1039,11.297539,3.6912751,1,,10.0,False,BMS,1039
G01_A01_RT_730,9606,165.0,0.0,0.0,1.02635658914729,BMS_10_AG03,BMS,10,AG03,alveolar basal epithelial cells,A549,True,lung adenocarcinoma,cell_line,human,drug,4085,9.254633,2.5088487,1,,10.0,False,BMS,4085
G01_B02_RT_503,1680,7.0,1.0,1.0,2.2909604519774,BMS_50_BG02,BMS,50,BG02,alveolar basal epithelial cells,A549,True,lung adenocarcinoma,cell_line,human,drug,1159,3.5714285,0.53571427,1,,50.0,False,BMS,1159
G01_B02_RT_539,1624,1537.0,0.0,0.0,43.8247259088286,BMS_50_BG02,BMS,50,BG02,alveolar basal epithelial cells,A549,True,lung adenocarcinoma,cell_line,human,drug,1112,4.064039,2.2167487,1,,50.0,False,BMS,1112
G01_B02_RT_676,1322,5.0,5.3565840674075505e-09,5.89224247414831e-08,1.00356887937188,BMS_100_AG09,BMS,100,AG09,alveolar basal epithelial cells,A549,True,lung adenocarcinoma,cell_line,human,drug,827,2.193646,0.22692889,1,,100.0,False,BMS,827
G01_B02_RT_757,1382,9.0,7.86080099781495e-169,2.8298883592133803e-167,1.97449521785335,BMS_100_BG09,BMS,100,BG09,alveolar basal epithelial cells,A549,True,lung adenocarcinoma,cell_line,human,drug,948,4.6309695,1.8813314,1,,100.0,False,BMS,948
G02_A01_RT_443,20010,198.0,0.0,0.0,1.91536438186601,BMS_10_AG03,BMS,10,AG03,alveolar basal epithelial cells,A549,True,lung adenocarcinoma,cell_line,human,drug,5721,13.188406,2.3438282,1,,10.0,False,BMS,5721
G02_A01_RT_457,1413,10.0,0.686802528923586,1.0,1.80910425844347,BMS_50_AG02,BMS,50,AG02,alveolar basal epithelial cells,A549,True,lung adenocarcinoma,cell_line,human,drug,1013,2.4062278,0.21231422,1,,50.0,False,BMS,1013
G02_A01_RT_582,3981,134.0,0.0,0.0,1.63506654286599,BMS_10_BG03,BMS,10,BG03,alveolar basal epithelial cells,A549,True,lung adenocarcinoma,cell_line,human,drug,2044,8.038181,4.4712386,1,,10.0,False,BMS,2044
G02_A01_RT_671,8468,2251.0,0.0,0.0,3.82780452875447,BMS_50_AG02,BMS,50,AG02,alveolar basal epithelial cells,A549,True,lung adenocarcinoma,cell_line,human,drug,3676,4.7590933,4.8889937,1,,50.0,False,BMS,3676
G02_A01_RT_687,1614,82.0,0.0,0.0,84.6156351791531,BMS_10_BG11,BMS,10,BG11,alveolar basal epithelial cells,A549,True,lung adenocarcinoma,cell_line,human,drug,1000,6.3816605,4.8946714,1,,10.0,False,BMS,1000
G02_A01_RT_701,1411,10.0,4.96455468079116e-13,2.6808595276272197e-11,1.00723589001447,BMS_10_AH07,BMS,10,AH07,alveolar basal epithelial cells,A549,True,lung adenocarcinoma,cell_line,human,drug,966,3.6853294,0.7087172,1,,10.0,False,BMS,966
G02_B02_RT_635,2111,6.0,4.2980945244803104e-24,1.07452363112008e-22,1.0122199592668,BMS_50_BH06,BMS,50,BH06,alveolar basal epithelial cells,A549,True,lung adenocarcinoma,cell_line,human,drug,1400,2.273804,0.2842255,1,,50.0,False,BMS,1400
G02_B02_RT_691,1293,60.0,0.0,0.0,59.3191489361702,BMS_10_BG11,BMS,10,BG11,alveolar basal epithelial cells,A549,True,lung adenocarcinoma,cell_line,human,drug,918,7.8112917,3.3255994,1,,10.0,False,BMS,918
G03_A01_RT_388,1046,12.0,0.998913478711531,1.0,1.05623242736645,BMS_50_BH06,BMS,50,BH06,alveolar basal epithelial cells,A549,True,lung adenocarcinoma,cell_line,human,drug,724,4.1108985,0.28680688,1,,50.0,False,BMS,724
G03_A01_RT_390,1568,13.0,0.672232661827139,1.0,1.8819255222525,BMS_100_BG09,BMS,100,BG09,alveolar basal epithelial cells,A549,True,lung adenocarcinoma,cell_line,human,drug,949,7.9719386,0.44642857,1,,100.0,False,BMS,949
G03_A01_RT_513,1177,11.0,1.99667402335817e-06,0.0001417638556584,1.54617537313433,BMS_10_BH07,BMS,10,BH07,alveolar basal epithelial cells,A549,True,lung adenocarcinoma,cell_line,human,drug,825,5.097706,0.6796941,1,,10.0,False,BMS,825
G03_A01_RT_516,1336,10.0,0.884969234440599,1.0,1.00919963201472,BMS_50_AG02,BMS,50,AG02,alveolar basal epithelial cells,A549,True,lung adenocarcinoma,cell_line,human,drug,887,4.8652697,0.37425148,1,,50.0,False,BMS,887
G03_A01_RT_542,3093,260.0,0.0,0.0,788.726224783862,BMS_10_BG11,BMS,10,BG11,alveolar basal epithelial cells,A549,True,lung adenocarcinoma,cell_line,human,drug,1524,15.033948,5.8519235,1,,10.0,False,BMS,1524
G03_A01_RT_601,2886,549.0,0.0,0.0,203.782132768362,BMS_10_BH07,BMS,10,BH07,alveolar basal epithelial cells,A549,True,lung adenocarcinoma,cell_line,human,drug,1736,5.3014555,2.1136522,1,,10.0,False,BMS,1736
G03_A01_RT_658,1964,6.0,3.72824648450892e-12,2.90803225791696e-10,1.00538116591928,BMS_10_AH07,BMS,10,AH07,alveolar basal epithelial cells,A549,True,lung adenocarcinoma,cell_line,human,drug,1255,4.837067,0.509165,1,,10.0,False,BMS,1255
G03_A01_RT_668,1137,8.0,0.0042277697316866,0.245210644437823,1.02175883952856,BMS_100_AG01,BMS,100,AG01,alveolar basal epithelial cells,A549,True,lung adenocarcinoma,cell_line,human,drug,794,4.397537,0.0,1,,100.0,False,BMS,794
G03_A01_RT_704,1449,3.0,0.99720869622195,1.0,1.01367365542388,BMS_10_BG11,BMS,10,BG11,alveolar basal epithelial cells,A549,True,lung adenocarcinoma,cell_line,human,drug,966,9.937888,0.5521049,1,,10.0,False,BMS,966
G03_B02_RT_397,6031,10.0,0.151961289512951,1.0,1.04480286738351,BMS_100_BG09,BMS,100,BG09,alveolar basal epithelial cells,A549,True,lung adenocarcinoma,cell_line,human,drug,2931,5.8199306,1.2601559,1,,100.0,False,BMS,2931
G03_B02_RT_434,3548,493.0,0.0,0.0,5.27519776640298,BMS_100_BG01,BMS,100,BG01,alveolar basal epithelial cells,A549,True,lung adenocarcinoma,cell_line,human,drug,2030,7.4408116,1.8038331,1,,100.0,False,BMS,2030
G03_B02_RT_502,1351,1.0,5.69731401951301e-12,2.44984502839059e-10,inf,BMS_100_AH05,BMS,100,AH05,alveolar basal epithelial cells,A549,True,lung adenocarcinoma,cell_line,human,drug,971,5.1813474,0.44411546,1,,100.0,False,BMS,971
G04_A01_RT_400,3682,13.0,0.886938384771763,1.0,1.02903946388682,BMS_10_BH07,BMS,10,BH07,alveolar basal epithelial cells,A549,True,lung adenocarcinoma,cell_line,human,drug,1965,4.046714,0.32590982,1,,10.0,False,BMS,1965
G04_A01_RT_450,1639,5.0,3.0170754982971603e-19,2.10544000833028e-17,1.01419446415898,BMS_50_BH06,BMS,50,BH06,alveolar basal epithelial cells,A549,True,lung adenocarcinoma,cell_line,human,drug,1107,2.8065894,0.30506405,1,,50.0,False,BMS,1107
G04_A01_RT_467,1314,8.0,1.13608997013293e-19,8.17984778495711e-18,1.0113475177305,BMS_50_AH06,BMS,50,AH06,alveolar basal epithelial cells,A549,True,lung adenocarcinoma,cell_line,human,drug,870,8.066971,0.2283105,1,,50.0,False,BMS,870
G04_A01_RT_577,4640,43.0,0.0,0.0,1.41416782891678,BMS_50_AG02,BMS,50,AG02,alveolar basal epithelial cells,A549,True,lung adenocarcinoma,cell_line,human,drug,2256,9.288794,2.564655,1,,50.0,False,BMS,2256
G04_A01_RT_623,1471,13.0,2.9457980777176e-07,1.4728990388588e-05,1.01863799283154,BMS_10_AG03,BMS,10,AG03,alveolar basal epithelial cells,A549,True,lung adenocarcinoma,cell_line,human,drug,971,4.1468387,0.06798097,1,,10.0,False,BMS,971
G04_A01_RT_710,3616,11.0,0.280645121651854,1.0,1.03165467625899,BMS_100_BH05,BMS,100,BH05,alveolar basal epithelial cells,A549,True,lung adenocarcinoma,cell_line,human,drug,1934,6.5818586,0.38716814,1,,100.0,False,BMS,1934
G04_A01_RT_711,5338,182.0,0.0,0.0,113.879468845761,BMS_10_BG11,BMS,10,BG11,alveolar basal epithelial cells,A549,True,lung adenocarcinoma,cell_line,human,drug,2504,13.769202,2.6039715,1,,10.0,False,BMS,2504
G04_A01_RT_745,12022,189.0,0.0,0.0,14.7022435199303,BMS_50_AG10,BMS,50,AG10,alveolar basal epithelial cells,A549,True,lung adenocarcinoma,cell_line,human,drug,4758,4.3420396,1.8050241,1,,50.0,False,BMS,4758
G04_B02_RT_469,1510,6.0,8.00931086884998e-21,3.04353813016299e-19,1.00600600600601,BMS_100_AH05,BMS,100,AH05,alveolar basal epithelial cells,A549,True,lung adenocarcinoma,cell_line,human,drug,1059,2.4503312,0.46357617,1,,100.0,False,BMS,1059
G04_B02_RT_500,3728,4.0,1.52094229327361e-32,6.38795763174915e-31,1.00397219463754,BMS_50_AH06,BMS,50,AH06,alveolar basal epithelial cells,A549,True,lung adenocarcinoma,cell_line,human,drug,2022,9.120172,1.2339056,1,,50.0,False,BMS,2022
G04_B02_RT_502,1681,2.0,0.987202243368279,1.0,1.01608040201005,BMS_50_AG10,BMS,50,AG10,alveolar basal epithelial cells,A549,True,lung adenocarcinoma,cell_line,human,drug,1146,4.878049,0.5353956,1,,50.0,False,BMS,1146
G05_A01_RT_386,2089,111.0,0.0,0.0,62.0139340455179,BMS_10_AG03,BMS,10,AG03,alveolar basal epithelial cells,A549,True,lung adenocarcinoma,cell_line,human,drug,1136,10.866444,6.94112,1,,10.0,False,BMS,1136
G05_A01_RT_488,1659,17.0,0.146344563161265,1.0,1.02254641909814,BMS_10_BG11,BMS,10,BG11,alveolar basal epithelial cells,A549,True,lung adenocarcinoma,cell_line,human,drug,1115,5.8468957,0.3013864,1,,10.0,False,BMS,1115
G05_A01_RT_510,1698,14.0,3.17531040976611e-14,3.15448265310983e-12,1.8756345177665,BMS_100_BG09,BMS,100,BG09,alveolar basal epithelial cells,A549,True,lung adenocarcinoma,cell_line,human,drug,1158,4.2991753,0.5300353,1,,100.0,False,BMS,1158
G05_A01_RT_560,1491,18.0,0.555780451061264,1.0,1.08274398868458,BMS_50_BH06,BMS,50,BH06,alveolar basal epithelial cells,A549,True,lung adenocarcinoma,cell_line,human,drug,1050,3.4205232,0.53655267,1,,50.0,False,BMS,1050
G05_A01_RT_566,1580,17.0,0.0320425402475875,1.0,1.89095574085953,BMS_100_BH05,BMS,100,BH05,alveolar basal epithelial cells,A549,True,lung adenocarcinoma,cell_line,human,drug,1066,2.78481,0.5063291,1,,100.0,False,BMS,1066
G05_A01_RT_583,2082,12.0,0.999812103971842,1.0,1.03243243243243,BMS_10_BH07,BMS,10,BH07,alveolar basal epithelial cells,A549,True,lung adenocarcinoma,cell_line,human,drug,1309,3.3621519,0.52833813,1,,10.0,False,BMS,1309
G05_A01_RT_595,1276,14.0,0.451401117610077,1.0,1.01842105263158,BMS_10_BG11,BMS,10,BG11,alveolar basal epithelial cells,A549,True,lung adenocarcinoma,cell_line,human,drug,912,3.9184954,0.62695926,1,,10.0,False,BMS,912
G05_A01_RT_605,2526,91.0,0.965501344651198,1.0,111.065120428189,BMS_10_AH07,BMS,10,AH07,alveolar basal epithelial cells,A549,True,lung adenocarcinoma,cell_line,human,drug,1458,9.817894,3.91924,1,,10.0,False,BMS,1458
G05_A01_RT_634,2450,309.0,0.0,0.0,275.759462759463,BMS_10_BG11,BMS,10,BG11,alveolar basal epithelial cells,A549,True,lung adenocarcinoma,cell_line,human,drug,1268,18.12245,5.020408,1,,10.0,False,BMS,1268
G05_A01_RT_641,1496,4.0,0.022410645626154,1.0,1.01036269430052,BMS_10_AG03,BMS,10,AG03,alveolar basal epithelial cells,A549,True,lung adenocarcinoma,cell_line,human,drug,1027,2.1390374,0.3342246,1,,10.0,False,BMS,1027
G05_A01_RT_669,1473,12.0,2.53934587649485e-06,0.0002133050536255,1.99226804123711,BMS_50_BG02,BMS,50,BG02,alveolar basal epithelial cells,A549,True,lung adenocarcinoma,cell_line,human,drug,1003,3.6659877,0.27155465,1,,50.0,False,BMS,1003
G05_A01_RT_676,2461,17.0,0.120694591796029,1.0,1.8489847715736,BMS_100_BG09,BMS,100,BG09,alveolar basal epithelial cells,A549,True,lung adenocarcinoma,cell_line,human,drug,1334,4.022755,0.24380334,1,,100.0,False,BMS,1334
G05_A01_RT_698,1164,14.0,0.135590564520265,1.0,2.00921052631579,BMS_50_AG02,BMS,50,AG02,alveolar basal epithelial cells,A549,True,lung adenocarcinoma,cell_line,human,drug,776,5.841924,0.94501716,1,,50.0,False,BMS,776
G05_B02_RT_397,3228,9.0,1.33427084088122e-153,5.3370833635248804e-152,3.01536710301651,BMS_10_AH07,BMS,10,AH07,alveolar basal epithelial cells,A549,True,lung adenocarcinoma,cell_line,human,drug,1924,5.0805454,2.7261462,1,,10.0,False,BMS,1924
G05_B02_RT_455,2704,72.0,1.63051645310334e-27,4.89154935931003e-26,61.0,BMS_10_AH07,BMS,10,AH07,alveolar basal epithelial cells,A549,True,lung adenocarcinoma,cell_line,human,drug,1620,6.213018,4.289941,1,,10.0,False,BMS,1620
G05_B02_RT_513,18071,859.0,0.0,0.0,5.72384651676232,BMS_100_BG01,BMS,100,BG01,alveolar basal epithelial cells,A549,True,lung adenocarcinoma,cell_line,human,drug,6320,8.9314375,1.6601185,1,,100.0,False,BMS,6320
G05_B02_RT_615,1099,3.0,1.63502658033356e-10,2.45253987050033e-09,1.00514874141876,BMS_100_AG09,BMS,100,AG09,alveolar basal epithelial cells,A549,True,lung adenocarcinoma,cell_line,human,drug,772,4.185623,0.36396724,1,,100.0,False,BMS,772
G05_B02_RT_617,2211,4.0,0.999999999987069,1.0,1.02555168408827,BMS_100_BH05,BMS,100,BH05,alveolar basal epithelial cells,A549,True,lung adenocarcinoma,cell_line,human,drug,1351,8.276798,0.22614202,1,,100.0,False,BMS,1351
G05_B02_RT_720,1384,13.0,1.88916610919404e-21,5.1007484948239e-20,2.52474377745242,BMS_50_BG02,BMS,50,BG02,alveolar basal epithelial cells,A549,True,lung adenocarcinoma,cell_line,human,drug,979,3.1069365,0.867052,1,,50.0,False,BMS,979
G05_B02_RT_732,2757,600.0,0.0,0.0,1.88857076942188,BMS_50_BG02,BMS,50,BG02,alveolar basal epithelial cells,A549,True,lung adenocarcinoma,cell_line,human,drug,1617,7.47189,3.9173014,1,,50.0,False,BMS,1617
G06_A01_RT_455,2072,13.0,3.85657884031229e-58,2.66103939981548e-56,1.00562770562771,BMS_10_AG11,BMS,10,AG11,alveolar basal epithelial cells,A549,True,lung adenocarcinoma,cell_line,human,drug,1322,4.6332045,0.530888,1,,10.0,False,BMS,1322
G06_A01_RT_617,2401,14.0,2.2675240216544097e-18,1.22446297169338e-16,1.01266395296246,BMS_100_BG09,BMS,100,BG09,alveolar basal epithelial cells,A549,True,lung adenocarcinoma,cell_line,human,drug,1464,10.28738,0.45814243,1,,100.0,False,BMS,1464
G06_A01_RT_637,1238,4.0,2.6337889693745803e-09,1.02717769805609e-07,2.00698384984723,BMS_100_BG09,BMS,100,BG09,alveolar basal epithelial cells,A549,True,lung adenocarcinoma,cell_line,human,drug,833,11.227787,0.3231018,1,,100.0,False,BMS,833
G06_A01_RT_738,5103,186.0,0.0,0.0,157.856538461538,BMS_10_BG11,BMS,10,BG11,alveolar basal epithelial cells,A549,True,lung adenocarcinoma,cell_line,human,drug,2138,8.171663,6.7803254,1,,10.0,False,BMS,2138
G06_B02_RT_457,1070,12.0,0.0131609251868309,0.394827755604927,1.85900783289817,BMS_100_BG09,BMS,100,BG09,alveolar basal epithelial cells,A549,True,lung adenocarcinoma,cell_line,human,drug,786,3.7383177,0.28037384,1,,100.0,False,BMS,786
G06_B02_RT_661,4206,5.0,8.73349227012669e-08,3.93007152155701e-06,1.00646830530401,BMS_50_AH06,BMS,50,AH06,alveolar basal epithelial cells,A549,True,lung adenocarcinoma,cell_line,human,drug,2229,5.325725,2.3537803,1,,50.0,False,BMS,2229
G06_B02_RT_750,9406,339.0,0.0,0.0,2.87070170319291,BMS_10_AG11,BMS,10,AG11,alveolar basal epithelial cells,A549,True,lung adenocarcinoma,cell_line,human,drug,3609,6.6234317,3.4446099,1,,10.0,False,BMS,3609
G07_A01_RT_387,1516,4.0,0.0072620601568627,0.101668842196079,1.00683760683761,BMS_50_AG02,BMS,50,AG02,alveolar basal epithelial cells,A549,True,lung adenocarcinoma,cell_line,human,drug,1000,6.7282324,0.39577836,1,,50.0,False,BMS,1000
G07_A01_RT_432,1667,9.0,0.0001712676662512,0.0034253533250257,1.02616279069767,BMS_100_BG01,BMS,100,BG01,alveolar basal epithelial cells,A549,True,lung adenocarcinoma,cell_line,human,drug,1131,6.5386925,0.539892,1,,100.0,False,BMS,1131
G07_A01_RT_465,1011,7.0,8.61138059351e-06,0.0001980617536507,1.01608271108558,BMS_50_AG10,BMS,50,AG10,alveolar basal epithelial cells,A549,True,lung adenocarcinoma,cell_line,human,drug,745,6.627102,0.39564788,1,,50.0,False,BMS,745
G07_A01_RT_527,10299,65.0,0.0,0.0,1.93621405601174,BMS_10_AH07,BMS,10,AH07,alveolar basal epithelial cells,A549,True,lung adenocarcinoma,cell_line,human,drug,3782,17.875523,2.194388,1,,10.0,False,BMS,3782
G07_A01_RT_533,4019,134.0,0.0,0.0,102.345911949686,BMS_10_AG11,BMS,10,AG11,alveolar basal epithelial cells,A549,True,lung adenocarcinoma,cell_line,human,drug,1975,16.297586,3.956208,1,,10.0,False,BMS,1975
G07_A01_RT_710,8144,121.0,0.0,0.0,56.9793988517393,BMS_10_AG03,BMS,10,AG03,alveolar basal epithelial cells,A549,True,lung adenocarcinoma,cell_line,human,drug,3474,11.124754,4.2853637,1,,10.0,False,BMS,3474
G07_A01_RT_741,12079,109.0,0.0,0.0,3.22645087199209,BMS_10_BG03,BMS,10,BG03,alveolar basal epithelial cells,A549,True,lung adenocarcinoma,cell_line,human,drug,4727,4.60303,3.0300522,1,,10.0,False,BMS,4727
G07_B02_RT_387,1094,8.0,0.839846222822067,1.0,1.03292181069959,BMS_50_BH06,BMS,50,BH06,alveolar basal epithelial cells,A549,True,lung adenocarcinoma,cell_line,human,drug,782,4.661792,0.0,1,,50.0,False,BMS,782
G07_B02_RT_539,3260,47.0,0.0,0.0,43.5951986754967,BMS_10_AH07,BMS,10,AH07,alveolar basal epithelial cells,A549,True,lung adenocarcinoma,cell_line,human,drug,1562,6.5337424,6.4417176,1,,10.0,False,BMS,1562
G07_B02_RT_566,1104,12.0,5.88331253075463e-13,1.4708281326886598e-11,1.00974817221771,BMS_100_AH05,BMS,100,AH05,alveolar basal epithelial cells,A549,True,lung adenocarcinoma,cell_line,human,drug,802,2.807971,0.36231884,1,,100.0,False,BMS,802
G07_B02_RT_614,1937,59.0,7.83821246221943e-14,2.03793524017705e-12,51.0,BMS_10_AG03,BMS,10,AG03,alveolar basal epithelial cells,A549,True,lung adenocarcinoma,cell_line,human,drug,1271,4.9044914,5.678885,1,,10.0,False,BMS,1271
G07_B02_RT_752,1417,4.0,1.09163661025644e-05,0.0001637454915384,1.00322841000807,BMS_100_AG09,BMS,100,AG09,alveolar basal epithelial cells,A549,True,lung adenocarcinoma,cell_line,human,drug,1009,4.6577277,0.49400142,1,,100.0,False,BMS,1009
G08_A01_RT_641,1109,9.0,0.0008583858409315,0.0188844885004938,1.02041973908111,BMS_10_BG11,BMS,10,BG11,alveolar basal epithelial cells,A549,True,lung adenocarcinoma,cell_line,human,drug,815,3.336339,0.45085663,1,,10.0,False,BMS,815
G08_B02_RT_617,2641,40.0,0.0,0.0,32.9232981783317,BMS_10_AG11,BMS,10,AG11,alveolar basal epithelial cells,A549,True,lung adenocarcinoma,cell_line,human,drug,1615,9.996214,2.3475957,1,,10.0,False,BMS,1615
G08_B02_RT_746,1045,4.0,0.192665277942654,1.0,1.01955034213099,BMS_50_AH06,BMS,50,AH06,alveolar basal epithelial cells,A549,True,lung adenocarcinoma,cell_line,human,drug,741,3.2535884,0.0,1,,50.0,False,BMS,741
G09_A01_RT_442,1705,120.0,0.0,0.0,60.8695566888976,BMS_10_AG03,BMS,10,AG03,alveolar basal epithelial cells,A549,True,lung adenocarcinoma,cell_line,human,drug,993,12.609971,5.4545455,1,,10.0,False,BMS,993
G09_A01_RT_457,1320,23.0,0.0001302727067633,0.0044292720299542,1.06665530173883,BMS_100_AG09,BMS,100,AG09,alveolar basal epithelial cells,A549,True,lung adenocarcinoma,cell_line,human,drug,944,4.1666665,0.45454547,1,,100.0,False,BMS,944
G09_A01_RT_585,4709,1343.0,0.0,0.0,1.2970222769582,BMS_10_AG11,BMS,10,AG11,alveolar basal epithelial cells,A549,True,lung adenocarcinoma,cell_line,human,drug,2492,4.650669,4.0985346,1,,10.0,False,BMS,2492
G09_A01_RT_715,1002,6.0,0.257018645071362,1.0,1.01149792398595,BMS_100_AH05,BMS,100,AH05,alveolar basal epithelial cells,A549,True,lung adenocarcinoma,cell_line,human,drug,727,6.786427,0.5988024,1,,100.0,False,BMS,727
G09_A01_RT_744,1414,12.0,7.19760803699135e-25,3.52682793812576e-23,1.98869701726845,BMS_100_AH05,BMS,100,AH05,alveolar basal epithelial cells,A549,True,lung adenocarcinoma,cell_line,human,drug,974,6.5770864,0.4950495,1,,100.0,False,BMS,974
G09_B02_RT_432,1500,5.0,3.9147087134846e-30,1.09611843977569e-28,1.01442585112522,BMS_100_BG01,BMS,100,BG01,alveolar basal epithelial cells,A549,True,lung adenocarcinoma,cell_line,human,drug,1063,4.866667,0.26666668,1,,100.0,False,BMS,1063
G09_B02_RT_516,1037,7.0,1.4498480630160301e-09,2.46474170712726e-08,1.00806916426513,BMS_10_AG03,BMS,10,AG03,alveolar basal epithelial cells,A549,True,lung adenocarcinoma,cell_line,human,drug,788,4.2430086,0.7714561,1,,10.0,False,BMS,788
G09_B02_RT_604,1337,4.0,0.0352522761669672,0.246765933168769,1.00915855752719,BMS_10_BG03,BMS,10,BG03,alveolar basal epithelial cells,A549,True,lung adenocarcinoma,cell_line,human,drug,921,2.617801,0.29917726,1,,10.0,False,BMS,921
G09_B02_RT_605,4200,63.0,0.0,0.0,1.0528507151971,BMS_50_BG02,BMS,50,BG02,alveolar basal epithelial cells,A549,True,lung adenocarcinoma,cell_line,human,drug,2056,16.02381,2.3095238,1,,50.0,False,BMS,2056
G10_A01_RT_502,1057,7.0,0.029195118765908,0.321146306424988,2.0,BMS_100_BG09,BMS,100,BG09,alveolar basal epithelial cells,A549,True,lung adenocarcinoma,cell_line,human,drug,757,7.0955534,0.09460738,1,,100.0,False,BMS,757
G10_A01_RT_533,1327,15.0,3.11162647028387e-16,6.845578234624511e-15,1.01051524710831,BMS_50_AH06,BMS,50,AH06,alveolar basal epithelial cells,A549,True,lung adenocarcinoma,cell_line,human,drug,864,9.495102,0.37678975,1,,50.0,False,BMS,864
G10_A01_RT_612,1184,268.0,0.0,0.0,109.670884146341,BMS_10_BH07,BMS,10,BH07,alveolar basal epithelial cells,A549,True,lung adenocarcinoma,cell_line,human,drug,670,10.89527,7.4324327,1,,10.0,False,BMS,670
G10_A01_RT_629,1269,14.0,6.09883113730456e-30,1.46371947295309e-28,1.00975269940787,BMS_50_AG10,BMS,50,AG10,alveolar basal epithelial cells,A549,True,lung adenocarcinoma,cell_line,human,drug,848,3.782506,0.39401102,1,,50.0,False,BMS,848
G10_A01_RT_760,2652,66.0,0.0,0.0,24.2446695095949,BMS_10_AH07,BMS,10,AH07,alveolar basal epithelial cells,A549,True,lung adenocarcinoma,cell_line,human,drug,1425,14.819004,3.770739,1,,10.0,False,BMS,1425
G10_B02_RT_575,1226,10.0,1.4023303390553801e-10,4.066757983260591e-09,1.00700770847933,BMS_50_AG02,BMS,50,AG02,alveolar basal epithelial cells,A549,True,lung adenocarcinoma,cell_line,human,drug,917,3.9967372,0.81566066,1,,50.0,False,BMS,917
G10_B02_RT_746,1418,4.0,0.858790486746509,1.0,1.03759942154736,BMS_50_BG02,BMS,50,BG02,alveolar basal epithelial cells,A549,True,lung adenocarcinoma,cell_line,human,drug,976,4.0197463,0.84626234,1,,50.0,False,BMS,976
G11_A01_RT_387,1671,11.0,0.703699665481994,1.0,1.03979099678457,BMS_50_AG10,BMS,50,AG10,alveolar basal epithelial cells,A549,True,lung adenocarcinoma,cell_line,human,drug,1088,5.745063,0.53859967,1,,50.0,False,BMS,1088
G11_A01_RT_701,1799,9.0,5.76310195647819e-35,2.5357648608504e-33,3.0419091967404,BMS_10_BG11,BMS,10,BG11,alveolar basal epithelial cells,A549,True,lung adenocarcinoma,cell_line,human,drug,1168,4.7248473,0.22234575,1,,10.0,False,BMS,1168
G11_A01_RT_767,12199,124.0,0.0,0.0,1.9599088366311,BMS_10_AH07,BMS,10,AH07,alveolar basal epithelial cells,A549,True,lung adenocarcinoma,cell_line,human,drug,4432,8.926961,1.9837692,1,,10.0,False,BMS,4432
G11_B02_RT_489,1438,4.0,0.921040060086952,1.0,1.03361344537815,BMS_50_BG02,BMS,50,BG02,alveolar basal epithelial cells,A549,True,lung adenocarcinoma,cell_line,human,drug,990,11.057024,0.55632824,1,,50.0,False,BMS,990
G11_B02_RT_508,4629,741.0,0.0,0.0,14.3914892157871,BMS_100_AH05,BMS,100,AH05,alveolar basal epithelial cells,A549,True,lung adenocarcinoma,cell_line,human,drug,2686,5.4655433,0.8641175,1,,100.0,False,BMS,2686
G11_B02_RT_550,2445,84.0,0.0,0.0,90.8441558441558,BMS_10_AG11,BMS,10,AG11,alveolar basal epithelial cells,A549,True,lung adenocarcinoma,cell_line,human,drug,1411,9.529653,4.335378,1,,10.0,False,BMS,1411
G12_A01_RT_400,2124,140.0,0.0,0.0,47.4228541337546,BMS_10_BG11,BMS,10,BG11,alveolar basal epithelial cells,A549,True,lung adenocarcinoma,cell_line,human,drug,1290,4.613936,0.75329566,1,,10.0,False,BMS,1290
G12_A01_RT_464,1256,7.0,5.795019521482931e-15,1.21695409951142e-13,1.01365409622887,BMS_50_AH06,BMS,50,AH06,alveolar basal epithelial cells,A549,True,lung adenocarcinoma,cell_line,human,drug,909,4.4585986,0.79617834,1,,50.0,False,BMS,909
G12_A01_RT_594,2280,55.0,0.0,0.0,59.2912371134021,BMS_10_AG11,BMS,10,AG11,alveolar basal epithelial cells,A549,True,lung adenocarcinoma,cell_line,human,drug,1379,11.096491,4.2105265,1,,10.0,False,BMS,1379
G12_A01_RT_711,2626,72.0,0.0,0.0,25.0275602881303,BMS_10_BG03,BMS,10,BG03,alveolar basal epithelial cells,A549,True,lung adenocarcinoma,cell_line,human,drug,1609,9.139376,1.8659558,1,,10.0,False,BMS,1609
G12_B02_RT_599,2056,330.0,0.0,0.0,3.28699340245052,BMS_10_AG03,BMS,10,AG03,alveolar basal epithelial cells,A549,True,lung adenocarcinoma,cell_line,human,drug,1294,8.949416,2.577821,1,,10.0,False,BMS,1294
H01_A01_RT_424,6808,105.0,0.0,0.0,1.74519427402863,BMS_100_BG09,BMS,100,BG09,alveolar basal epithelial cells,A549,True,lung adenocarcinoma,cell_line,human,drug,3162,10.164513,0.8813161,1,,100.0,False,BMS,3162
H01_A01_RT_507,3683,62.0,0.0,0.0,1.15330188679245,BMS_10_AG11,BMS,10,AG11,alveolar basal epithelial cells,A549,True,lung adenocarcinoma,cell_line,human,drug,2113,17.295683,2.1721423,1,,10.0,False,BMS,2113
H01_B02_RT_519,6357,347.0,0.0,0.0,4.90300335481123,BMS_10_BH07,BMS,10,BH07,alveolar basal epithelial cells,A549,True,lung adenocarcinoma,cell_line,human,drug,3122,10.806985,2.3281422,1,,10.0,False,BMS,3122
H01_B02_RT_617,2246,10.0,0.533268188469098,1.0,1.96899224806202,BMS_100_BG09,BMS,100,BG09,alveolar basal epithelial cells,A549,True,lung adenocarcinoma,cell_line,human,drug,1412,9.706144,0.26714158,1,,100.0,False,BMS,1412
H01_B02_RT_644,3624,354.0,0.0,0.0,4.23654323596218,BMS_100_BG01,BMS,100,BG01,alveolar basal epithelial cells,A549,True,lung adenocarcinoma,cell_line,human,drug,2137,3.2284768,2.0419426,1,,100.0,False,BMS,2137
H01_B02_RT_692,2523,88.0,0.0,0.0,421.014598540146,BMS_10_AH07,BMS,10,AH07,alveolar basal epithelial cells,A549,True,lung adenocarcinoma,cell_line,human,drug,1431,6.5001984,6.4209275,1,,10.0,False,BMS,1431
H01_B02_RT_746,1456,5.0,6.189006436321739e-11,2.846942960708e-09,1.00763358778626,BMS_50_AG02,BMS,50,AG02,alveolar basal epithelial cells,A549,True,lung adenocarcinoma,cell_line,human,drug,968,3.0906594,0.6181319,1,,50.0,False,BMS,968
H02_B02_RT_451,1511,423.0,0.0,0.0,414.317164179104,BMS_100_AH05,BMS,100,AH05,alveolar basal epithelial cells,A549,True,lung adenocarcinoma,cell_line,human,drug,1139,5.9563203,0.26472536,1,,100.0,False,BMS,1139
H02_B02_RT_503,1903,3.0,2.39460030411978e-33,6.94434088194737e-32,1.00375939849624,BMS_10_BG03,BMS,10,BG03,alveolar basal epithelial cells,A549,True,lung adenocarcinoma,cell_line,human,drug,1252,3.1003678,0.36784026,1,,10.0,False,BMS,1252
H02_B02_RT_630,2033,2.0,0.998691179716248,1.0,1.00253807106599,BMS_100_AH05,BMS,100,AH05,alveolar basal epithelial cells,A549,True,lung adenocarcinoma,cell_line,human,drug,1329,5.6074767,0.5410723,1,,100.0,False,BMS,1329
H02_B02_RT_726,1247,12.0,0.0,0.0,11.6825396825397,BMS_10_BG03,BMS,10,BG03,alveolar basal epithelial cells,A549,True,lung adenocarcinoma,cell_line,human,drug,813,13.873296,2.9671211,1,,10.0,False,BMS,813
H03_A01_RT_402,1725,10.0,0.972222436612303,1.0,1.59751773049645,BMS_100_BG09,BMS,100,BG09,alveolar basal epithelial cells,A549,True,lung adenocarcinoma,cell_line,human,drug,1133,4.0,0.5217391,1,,100.0,False,BMS,1133
H03_A01_RT_463,1263,5.0,5.63246939887466e-37,2.14033837157237e-35,1.00369549150037,BMS_100_AH05,BMS,100,AH05,alveolar basal epithelial cells,A549,True,lung adenocarcinoma,cell_line,human,drug,880,7.759303,0.07917656,1,,100.0,False,BMS,880
H03_A01_RT_489,1045,11.0,0.999999980306146,1.0,1.06242532855436,BMS_100_BG09,BMS,100,BG09,alveolar basal epithelial cells,A549,True,lung adenocarcinoma,cell_line,human,drug,716,14.066986,0.38277513,1,,100.0,False,BMS,716
H03_A01_RT_513,1070,12.0,0.687987689031344,1.0,1.82432432432432,BMS_100_BG09,BMS,100,BG09,alveolar basal epithelial cells,A549,True,lung adenocarcinoma,cell_line,human,drug,780,5.6074767,0.093457945,1,,100.0,False,BMS,780
H03_A01_RT_604,1796,4.0,0.0356871611959965,0.642368901527937,1.03053435114504,BMS_100_BG01,BMS,100,BG01,alveolar basal epithelial cells,A549,True,lung adenocarcinoma,cell_line,human,drug,1190,2.33853,0.389755,1,,100.0,False,BMS,1190
H03_A01_RT_726,15139,161.0,0.0,0.0,1.08116312509986,BMS_50_AG02,BMS,50,AG02,alveolar basal epithelial cells,A549,True,lung adenocarcinoma,cell_line,human,drug,5077,11.44065,1.4399894,1,,50.0,False,BMS,5077
H03_B02_RT_513,17858,1015.0,0.0,0.0,3.11232829073205,BMS_50_BH06,BMS,50,BH06,alveolar basal epithelial cells,A549,True,lung adenocarcinoma,cell_line,human,drug,5854,6.8652706,2.3238885,1,,50.0,False,BMS,5854
H03_B02_RT_559,1440,108.0,0.0,0.0,14.7627997407647,BMS_50_AG02,BMS,50,AG02,alveolar basal epithelial cells,A549,True,lung adenocarcinoma,cell_line,human,drug,914,10.416667,1.5277778,1,,50.0,False,BMS,914
H03_B02_RT_651,2406,33.0,0.0,0.0,31.3039806996381,BMS_10_AH07,BMS,10,AH07,alveolar basal epithelial cells,A549,True,lung adenocarcinoma,cell_line,human,drug,1286,8.603491,6.1512885,1,,10.0,False,BMS,1286
H03_B02_RT_686,1904,77.0,0.0,0.0,69.7510775862069,BMS_10_BG11,BMS,10,BG11,alveolar basal epithelial cells,A549,True,lung adenocarcinoma,cell_line,human,drug,1240,5.567227,4.569328,1,,10.0,False,BMS,1240
H03_B02_RT_701,1471,6.0,0.719085767760309,1.0,1.01978021978022,BMS_100_BH05,BMS,100,BH05,alveolar basal epithelial cells,A549,True,lung adenocarcinoma,cell_line,human,drug,986,3.806934,0.33990481,1,,100.0,False,BMS,986
H03_B02_RT_716,1208,3.0,0.999209902874955,1.0,1.00998890122087,BMS_50_BG02,BMS,50,BG02,alveolar basal epithelial cells,A549,True,lung adenocarcinoma,cell_line,human,drug,855,6.374172,0.4139073,1,,50.0,False,BMS,855
H04_A01_RT_388,1844,61.0,0.0,0.0,48.9064417177914,BMS_10_AG11,BMS,10,AG11,alveolar basal epithelial cells,A549,True,lung adenocarcinoma,cell_line,human,drug,1087,12.2017355,4.5553145,1,,10.0,False,BMS,1087
H04_A01_RT_450,1270,279.0,0.0,0.0,1892.60638297872,BMS_10_BH07,BMS,10,BH07,alveolar basal epithelial cells,A549,True,lung adenocarcinoma,cell_line,human,drug,922,9.291339,3.3070867,1,,10.0,False,BMS,922
H04_A01_RT_630,1257,3.0,1.3743496313734599e-49,1.5117845945108e-48,1.00696594427245,BMS_100_AH05,BMS,100,AH05,alveolar basal epithelial cells,A549,True,lung adenocarcinoma,cell_line,human,drug,895,6.9212413,0.7159904,1,,100.0,False,BMS,895
H04_A01_RT_671,5896,49.0,0.0,0.0,1.82793768831335,BMS_10_BG03,BMS,10,BG03,alveolar basal epithelial cells,A549,True,lung adenocarcinoma,cell_line,human,drug,2972,8.582089,2.6458616,1,,10.0,False,BMS,2972
H04_A01_RT_752,1114,7.0,0.0005600552844065,0.0022402211376262,1.96744186046512,BMS_10_BH07,BMS,10,BH07,alveolar basal epithelial cells,A549,True,lung adenocarcinoma,cell_line,human,drug,791,4.6678634,0.8078995,1,,10.0,False,BMS,791
H04_B02_RT_402,2138,5.0,0.992749815527016,1.0,1.02844950213371,BMS_10_BG11,BMS,10,BG11,alveolar basal epithelial cells,A549,True,lung adenocarcinoma,cell_line,human,drug,1344,3.8821328,0.5612722,1,,10.0,False,BMS,1344
H04_B02_RT_485,1508,5.0,7.20611367578172e-06,0.0002450078649765,1.02133712660028,BMS_100_AG09,BMS,100,AG09,alveolar basal epithelial cells,A549,True,lung adenocarcinoma,cell_line,human,drug,1001,4.244032,0.331565,1,,100.0,False,BMS,1001
H04_B02_RT_516,1005,1.0,1.0,1.0,inf,BMS_50_BH06,BMS,50,BH06,alveolar basal epithelial cells,A549,True,lung adenocarcinoma,cell_line,human,drug,706,5.4726367,0.09950249,1,,50.0,False,BMS,706
H04_B02_RT_623,1527,5.0,1.33761125429449e-07,4.9491616408896e-06,1.02133712660028,BMS_50_AH06,BMS,50,AH06,alveolar basal epithelial cells,A549,True,lung adenocarcinoma,cell_line,human,drug,1049,4.1257367,0.65487885,1,,50.0,False,BMS,1049
H05_A01_RT_455,1687,39.0,0.0,0.0,15.8953307392996,BMS_10_AG03,BMS,10,AG03,alveolar basal epithelial cells,A549,True,lung adenocarcinoma,cell_line,human,drug,1176,7.4096026,2.1339657,1,,10.0,False,BMS,1176
H05_A01_RT_674,5193,176.0,0.0,0.0,8.42257012393999,BMS_100_BG09,BMS,100,BG09,alveolar basal epithelial cells,A549,True,lung adenocarcinoma,cell_line,human,drug,2771,9.166185,1.4249952,1,,100.0,False,BMS,2771
H05_A01_RT_711,1456,5.0,7.75896618561931e-05,0.0007758966185619,2.01121076233184,BMS_100_BG09,BMS,100,BG09,alveolar basal epithelial cells,A549,True,lung adenocarcinoma,cell_line,human,drug,985,7.2802196,0.3434066,1,,100.0,False,BMS,985
H05_B02_RT_393,2885,1015.0,0.0,0.0,2.96600499530325,BMS_50_AH06,BMS,50,AH06,alveolar basal epithelial cells,A549,True,lung adenocarcinoma,cell_line,human,drug,1674,8.665511,1.2131716,1,,50.0,False,BMS,1674
H05_B02_RT_676,1424,4.0,0.0386950951601205,0.580426427401808,1.00323362974939,BMS_100_BH05,BMS,100,BH05,alveolar basal epithelial cells,A549,True,lung adenocarcinoma,cell_line,human,drug,897,2.4578652,0.21067415,1,,100.0,False,BMS,897
H06_B02_RT_453,1061,5.0,1.15628346679888e-32,1.50316850683855e-31,1.00425170068027,BMS_100_BH05,BMS,100,BH05,alveolar basal epithelial cells,A549,True,lung adenocarcinoma,cell_line,human,drug,727,4.806786,0.65975493,1,,100.0,False,BMS,727
H06_B02_RT_485,1307,4.0,3.73539995916365e-115,9.33849989790913e-114,1.00169923534409,BMS_100_AH05,BMS,100,AH05,alveolar basal epithelial cells,A549,True,lung adenocarcinoma,cell_line,human,drug,891,3.1369548,0.53557765,1,,100.0,False,BMS,891
H06_B02_RT_578,1464,50.0,0.0,0.0,50.2321924144311,BMS_10_AG03,BMS,10,AG03,alveolar basal epithelial cells,A549,True,lung adenocarcinoma,cell_line,human,drug,849,5.7377048,7.855191,1,,10.0,False,BMS,849
H06_B02_RT_617,1796,3.0,2.42373244978471e-76,5.08983814454789e-75,1.0012749681258,BMS_10_BH07,BMS,10,BH07,alveolar basal epithelial cells,A549,True,lung adenocarcinoma,cell_line,human,drug,1186,7.8507795,0.55679286,1,,10.0,False,BMS,1186
H06_B02_RT_648,6122,2.0,6.13204012474192e-50,1.10376722245355e-48,1.48488664987406,BMS_50_AG10,BMS,50,AG10,alveolar basal epithelial cells,A549,True,lung adenocarcinoma,cell_line,human,drug,2846,2.5808558,2.09082,1,,50.0,False,BMS,2846
H07_B02_RT_488,7026,758.0,0.0,0.0,14.4930874517729,BMS_10_BH07,BMS,10,BH07,alveolar basal epithelial cells,A549,True,lung adenocarcinoma,cell_line,human,drug,3281,7.287219,1.5229149,1,,10.0,False,BMS,3281
H07_B02_RT_635,1667,5.0,0.998521827818781,1.0,1.00455788514129,BMS_50_BG02,BMS,50,BG02,alveolar basal epithelial cells,A549,True,lung adenocarcinoma,cell_line,human,drug,1152,2.5194962,0.539892,1,,50.0,False,BMS,1152
H07_B02_RT_716,1126,2.0,0.884235934332904,1.0,1.01823154056518,BMS_50_BG02,BMS,50,BG02,alveolar basal epithelial cells,A549,True,lung adenocarcinoma,cell_line,human,drug,819,6.660746,0.71047956,1,,50.0,False,BMS,819
H08_B02_RT_642,1112,13.0,1.0,1.0,inf,BMS_10_AH07,BMS,10,AH07,alveolar basal epithelial cells,A549,True,lung adenocarcinoma,cell_line,human,drug,775,11.600719,7.6438847,1,,10.0,False,BMS,775
H09_A01_RT_497,2365,890.0,0.0,0.0,inf,BMS_100_AG09,BMS,100,AG09,alveolar basal epithelial cells,A549,True,lung adenocarcinoma,cell_line,human,drug,1612,12.980972,0.29598308,1,,100.0,False,BMS,1612
H09_A01_RT_502,7133,58.0,0.0,0.0,1.09675581064029,BMS_10_BG03,BMS,10,BG03,alveolar basal epithelial cells,A549,True,lung adenocarcinoma,cell_line,human,drug,3385,7.6125054,1.7944764,1,,10.0,False,BMS,3385
H09_A01_RT_669,1180,283.0,0.0,0.0,129.695445275323,BMS_100_AG01,BMS,100,AG01,alveolar basal epithelial cells,A549,True,lung adenocarcinoma,cell_line,human,drug,880,10.423729,0.33898306,1,,100.0,False,BMS,880
H09_B02_RT_542,1350,25.0,0.0,0.0,19.7300194931774,BMS_10_BG03,BMS,10,BG03,alveolar basal epithelial cells,A549,True,lung adenocarcinoma,cell_line,human,drug,755,15.259259,6.0740743,1,,10.0,False,BMS,755
H09_B02_RT_593,1122,37.0,0.0,0.0,13.8567493112948,BMS_10_AH07,BMS,10,AH07,alveolar basal epithelial cells,A549,True,lung adenocarcinoma,cell_line,human,drug,813,6.060606,5.4367204,1,,10.0,False,BMS,813
H09_B02_RT_617,1674,6.0,2.18792604426005e-10,3.5006816708160903e-09,1.02189781021898,BMS_50_BH06,BMS,50,BH06,alveolar basal epithelial cells,A549,True,lung adenocarcinoma,cell_line,human,drug,1129,8.124253,0.2986858,1,,50.0,False,BMS,1129
H10_B02_RT_467,1224,4.0,6.74182327616787e-49,2.69672931046715e-47,1.01244167962675,BMS_100_BG01,BMS,100,BG01,alveolar basal epithelial cells,A549,True,lung adenocarcinoma,cell_line,human,drug,842,8.496732,0.24509804,1,,100.0,False,BMS,842
H10_B02_RT_604,2103,6.0,3.47326428632171e-07,6.25187571537908e-06,1.00937011972931,BMS_100_BH05,BMS,100,BH05,alveolar basal epithelial cells,A549,True,lung adenocarcinoma,cell_line,human,drug,1394,2.2349026,0.2853067,1,,100.0,False,BMS,1394
H10_B02_RT_653,2301,242.0,0.0,0.0,1.40154655154598,BMS_10_AH07,BMS,10,AH07,alveolar basal epithelial cells,A549,True,lung adenocarcinoma,cell_line,human,drug,1406,4.6936116,4.0851803,1,,10.0,False,BMS,1406
H10_B02_RT_668,1758,27.0,0.0,0.0,18.4823962165003,BMS_10_AH07,BMS,10,AH07,alveolar basal epithelial cells,A549,True,lung adenocarcinoma,cell_line,human,drug,1117,6.8828216,2.3890786,1,,10.0,False,BMS,1117
H11_A01_RT_479,7010,27.0,2.52375078247282e-99,4.03800125195651e-98,1.4669387755102,BMS_50_BG02,BMS,50,BG02,alveolar basal epithelial cells,A549,True,lung adenocarcinoma,cell_line,human,drug,2970,19.029957,4.0656204,1,,50.0,False,BMS,2970
H11_A01_RT_576,1681,240.0,0.0,0.0,1.87488553113553,BMS_10_BH07,BMS,10,BH07,alveolar basal epithelial cells,A549,True,lung adenocarcinoma,cell_line,human,drug,1088,12.611541,3.271862,1,,10.0,False,BMS,1088
H11_A01_RT_720,1057,49.0,0.0007331154240102,0.002932461696041,28.6734693877551,BMS_10_AG11,BMS,10,AG11,alveolar basal epithelial cells,A549,True,lung adenocarcinoma,cell_line,human,drug,809,4.3519397,1.229896,1,,10.0,False,BMS,809
H11_B02_RT_432,1690,8.0,9.936271027397951e-09,9.93627102739795e-08,1.00524590163934,BMS_100_AG09,BMS,100,AG09,alveolar basal epithelial cells,A549,True,lung adenocarcinoma,cell_line,human,drug,1122,6.8047338,0.41420117,1,,100.0,False,BMS,1122
H11_B02_RT_489,6467,69.0,0.0,0.0,1.85290048879461,BMS_10_AG11,BMS,10,AG11,alveolar basal epithelial cells,A549,True,lung adenocarcinoma,cell_line,human,drug,2940,8.705737,3.1390135,1,,10.0,False,BMS,2940
H11_B02_RT_533,1021,7.0,0.0081154174010009,0.0324616696040038,1.01374345549738,BMS_10_BG03,BMS,10,BG03,alveolar basal epithelial cells,A549,True,lung adenocarcinoma,cell_line,human,drug,736,7.247796,0.68560237,1,,10.0,False,BMS,736
H12_B02_RT_402,1748,6.0,1.08659246293683e-51,2.17318492587366e-50,1.00568181818182,BMS_10_BG11,BMS,10,BG11,alveolar basal epithelial cells,A549,True,lung adenocarcinoma,cell_line,human,drug,1143,3.9473684,0.4576659,1,,10.0,False,BMS,1143
H12_B02_RT_445,2322,432.0,0.0,0.0,198.478873239437,BMS_10_BH07,BMS,10,BH07,alveolar basal epithelial cells,A549,True,lung adenocarcinoma,cell_line,human,drug,1322,15.762274,2.2394488,1,,10.0,False,BMS,1322
H12_B02_RT_572,1069,7.0,1.60054175821344e-18,1.60054175821344e-17,1.00666032350143,BMS_50_AG10,BMS,50,AG10,alveolar basal epithelial cells,A549,True,lung adenocarcinoma,cell_line,human,drug,771,5.144995,0.2806361,1,,50.0,False,BMS,771
G11_A01_RT_764,15301,223.0,0.0,0.0,222.947259136213,Nutlin_10_AB07,Nutlin,10,AB07,alveolar basal epithelial cells,A549,True,lung adenocarcinoma,cell_line,human,drug,4916,10.973139,1.3528527,1,CHEMBL407632;CHEMBL191334,10.0,False,Nutlin,4916
G09_A01_RT_699,6538,1141.0,0.0,0.0,569.683981828955,Nutlin_50_BA10,Nutlin,50,BA10,alveolar basal epithelial cells,A549,True,lung adenocarcinoma,cell_line,human,drug,3061,5.108596,3.1661057,1,CHEMBL407632;CHEMBL191334,50.0,False,Nutlin,3061
A08_A01_RT_705,3165,34.0,0.0,0.0,30.6091954022989,Nutlin_10_AA11,Nutlin,10,AA11,alveolar basal epithelial cells,A549,True,lung adenocarcinoma,cell_line,human,drug,1794,9.162717,1.4849921,1,CHEMBL407632;CHEMBL191334,10.0,False,Nutlin,1794
G03_B02_RT_707,1070,7.0,0.0502881420469385,1.0,2.88255033557047,Nutlin_10_AA03,Nutlin,10,AA03,alveolar basal epithelial cells,A549,True,lung adenocarcinoma,cell_line,human,drug,799,3.6448598,0.5607477,1,CHEMBL407632;CHEMBL191334,10.0,False,Nutlin,799
A02_A01_RT_755,2583,36.0,5.42241455949154e-23,4.337931647593229e-22,1.05013192612137,Nutlin_10_BA03,Nutlin,10,BA03,alveolar basal epithelial cells,A549,True,lung adenocarcinoma,cell_line,human,drug,1547,7.6267905,1.5098722,1,CHEMBL407632;CHEMBL191334,10.0,False,Nutlin,1547
H05_A01_RT_749,3050,99.0,0.0,0.0,2.83840807036969,Nutlin_10_AA03,Nutlin,10,AA03,alveolar basal epithelial cells,A549,True,lung adenocarcinoma,cell_line,human,drug,1625,15.606558,1.5081967,1,CHEMBL407632;CHEMBL191334,10.0,False,Nutlin,1625
A10_A01_RT_453,2316,53.0,0.0,0.0,52.9924812030075,Nutlin_10_AA03,Nutlin,10,AA03,alveolar basal epithelial cells,A549,True,lung adenocarcinoma,cell_line,human,drug,1357,15.673575,0.9499136,1,CHEMBL407632;CHEMBL191334,10.0,False,Nutlin,1357
C02_A01_RT_595,5866,80.0,0.0,0.0,74.4128440366973,Nutlin_10_BA11,Nutlin,10,BA11,alveolar basal epithelial cells,A549,True,lung adenocarcinoma,cell_line,human,drug,2990,4.466417,2.0797818,1,CHEMBL407632;CHEMBL191334,10.0,False,Nutlin,2990
A12_B02_RT_587,2741,27.0,0.891544766683319,1.0,6.88402625820569,Nutlin_10_BB07,Nutlin,10,BB07,alveolar basal epithelial cells,A549,True,lung adenocarcinoma,cell_line,human,drug,1658,7.880336,2.9916089,1,CHEMBL407632;CHEMBL191334,10.0,False,Nutlin,1658
F11_A01_RT_509,8716,183.0,0.0,0.0,155.086381322957,Nutlin_10_AB07,Nutlin,10,AB07,alveolar basal epithelial cells,A549,True,lung adenocarcinoma,cell_line,human,drug,3699,6.023405,1.801285,1,CHEMBL407632;CHEMBL191334,10.0,False,Nutlin,3699
B10_B02_RT_468,19373,342.0,0.0,0.0,1.2885266723116,Nutlin_10_AA11,Nutlin,10,AA11,alveolar basal epithelial cells,A549,True,lung adenocarcinoma,cell_line,human,drug,6062,6.302586,2.333144,1,CHEMBL407632;CHEMBL191334,10.0,False,Nutlin,6062
H03_A01_RT_552,12426,30.0,0.0003982759380984,0.0099568984524607,24.0631741140216,Nutlin_10_BA03,Nutlin,10,BA03,alveolar basal epithelial cells,A549,True,lung adenocarcinoma,cell_line,human,drug,4358,15.330758,1.4485756,1,CHEMBL407632;CHEMBL191334,10.0,False,Nutlin,4358
E08_A01_RT_466,17300,280.0,0.0,0.0,4.00068154711194,Nutlin_50_BA02,Nutlin,50,BA02,alveolar basal epithelial cells,A549,True,lung adenocarcinoma,cell_line,human,drug,5563,8.508671,2.0173411,1,CHEMBL407632;CHEMBL191334,50.0,False,Nutlin,5563
H06_B02_RT_585,2510,214.0,5.88098283626422e-129,1.58786536579134e-127,89.2869179600887,Nutlin_50_AB06,Nutlin,50,AB06,alveolar basal epithelial cells,A549,True,lung adenocarcinoma,cell_line,human,drug,1598,3.067729,3.5856574,1,CHEMBL407632;CHEMBL191334,50.0,False,Nutlin,1598
E08_B02_RT_686,8029,82.0,0.0,0.0,38.1578282828283,Nutlin_10_BA11,Nutlin,10,BA11,alveolar basal epithelial cells,A549,True,lung adenocarcinoma,cell_line,human,drug,3499,11.034998,1.9055922,1,CHEMBL407632;CHEMBL191334,10.0,False,Nutlin,3499
G11_A01_RT_464,1085,11.0,0.0192307939231524,0.576923817694573,1.01286549707602,Nutlin_100_BA01,Nutlin,100,BA01,alveolar basal epithelial cells,A549,True,lung adenocarcinoma,cell_line,human,drug,783,5.437788,0.1843318,1,CHEMBL407632;CHEMBL191334,100.0,False,Nutlin,783
G04_A01_RT_477,10388,50.0,1.8783537036834502e-17,1.2397134444310802e-15,19.9324861000794,Nutlin_10_BA03,Nutlin,10,BA03,alveolar basal epithelial cells,A549,True,lung adenocarcinoma,cell_line,human,drug,3651,17.241047,1.2610705,1,CHEMBL407632;CHEMBL191334,10.0,False,Nutlin,3651
C01_A01_RT_656,3344,22.0,0.0,0.0,19.8396111786148,Nutlin_10_AB07,Nutlin,10,AB07,alveolar basal epithelial cells,A549,True,lung adenocarcinoma,cell_line,human,drug,2016,3.4688995,1.6447369,1,CHEMBL407632;CHEMBL191334,10.0,False,Nutlin,2016
H07_B02_RT_469,5052,175.0,0.0,0.0,2.85356838214387,Nutlin_10_AA03,Nutlin,10,AA03,alveolar basal epithelial cells,A549,True,lung adenocarcinoma,cell_line,human,drug,2591,4.5724463,2.256532,1,CHEMBL407632;CHEMBL191334,10.0,False,Nutlin,2591
A12_B02_RT_657,11740,351.0,0.0,0.0,1.04701697907472,Nutlin_10_AA03,Nutlin,10,AA03,alveolar basal epithelial cells,A549,True,lung adenocarcinoma,cell_line,human,drug,4490,5.44293,1.1499149,1,CHEMBL407632;CHEMBL191334,10.0,False,Nutlin,4490
A03_B02_RT_455,1084,4.0,0.999658482473382,1.0,1.03007518796992,Nutlin_100_AB05,Nutlin,100,AB05,alveolar basal epithelial cells,A549,True,lung adenocarcinoma,cell_line,human,drug,809,4.0590405,0.27675277,1,CHEMBL407632;CHEMBL191334,100.0,False,Nutlin,809
B02_A01_RT_617,9110,49.0,0.0,0.0,35.8424437299035,Nutlin_10_AA11,Nutlin,10,AA11,alveolar basal epithelial cells,A549,True,lung adenocarcinoma,cell_line,human,drug,3739,14.56641,2.0087817,1,CHEMBL407632;CHEMBL191334,10.0,False,Nutlin,3739
F07_A01_RT_397,23988,132.0,0.0,0.0,3.52569955817378,Nutlin_10_BA11,Nutlin,10,BA11,alveolar basal epithelial cells,A549,True,lung adenocarcinoma,cell_line,human,drug,6736,11.143071,1.6716691,1,CHEMBL407632;CHEMBL191334,10.0,False,Nutlin,6736
D01_B02_RT_744,1966,111.0,0.0,0.0,104.913894324853,Nutlin_50_BB06,Nutlin,50,BB06,alveolar basal epithelial cells,A549,True,lung adenocarcinoma,cell_line,human,drug,1403,2.0854528,0.7629705,1,CHEMBL407632;CHEMBL191334,50.0,False,Nutlin,1403
C10_B02_RT_466,6759,192.0,0.0,0.0,135.726148409894,Nutlin_10_AA11,Nutlin,10,AA11,alveolar basal epithelial cells,A549,True,lung adenocarcinoma,cell_line,human,drug,3289,3.1069684,2.5003698,1,CHEMBL407632;CHEMBL191334,10.0,False,Nutlin,3289
B11_B02_RT_569,9907,24.0,0.0,0.0,12.909887359199,Nutlin_10_BA11,Nutlin,10,BA11,alveolar basal epithelial cells,A549,True,lung adenocarcinoma,cell_line,human,drug,3690,16.018976,1.8168972,1,CHEMBL407632;CHEMBL191334,10.0,False,Nutlin,3690
B01_A01_RT_605,3979,154.0,0.0,0.0,18.6266716196137,Nutlin_10_AA03,Nutlin,10,AA03,alveolar basal epithelial cells,A549,True,lung adenocarcinoma,cell_line,human,drug,2249,9.95225,1.4325207,1,CHEMBL407632;CHEMBL191334,10.0,False,Nutlin,2249
F12_B02_RT_695,1873,70.0,0.0,0.0,121.59168241966,Nutlin_10_BA11,Nutlin,10,BA11,alveolar basal epithelial cells,A549,True,lung adenocarcinoma,cell_line,human,drug,1131,7.688201,3.4169781,1,CHEMBL407632;CHEMBL191334,10.0,False,Nutlin,1131
E08_A01_RT_479,10168,134.0,0.0,0.0,1.11076653132842,Nutlin_10_AA11,Nutlin,10,AA11,alveolar basal epithelial cells,A549,True,lung adenocarcinoma,cell_line,human,drug,4362,8.625098,1.5637294,1,CHEMBL407632;CHEMBL191334,10.0,False,Nutlin,4362
D03_A01_RT_725,5930,101.0,0.0,0.0,91.7215189873418,Nutlin_10_AA11,Nutlin,10,AA11,alveolar basal epithelial cells,A549,True,lung adenocarcinoma,cell_line,human,drug,3089,1.989882,2.3777404,1,CHEMBL407632;CHEMBL191334,10.0,False,Nutlin,3089
B12_B02_RT_621,7298,241.0,0.0,0.0,236.304021210782,Nutlin_10_AA11,Nutlin,10,AA11,alveolar basal epithelial cells,A549,True,lung adenocarcinoma,cell_line,human,drug,3455,1.9046314,1.7265004,1,CHEMBL407632;CHEMBL191334,10.0,False,Nutlin,3455
B12_A01_RT_686,4130,22.0,0.0,0.0,8.73706896551724,Nutlin_10_BA11,Nutlin,10,BA11,alveolar basal epithelial cells,A549,True,lung adenocarcinoma,cell_line,human,drug,2143,12.953995,1.4527845,1,CHEMBL407632;CHEMBL191334,10.0,False,Nutlin,2143
F10_B02_RT_625,5639,113.0,0.0,0.0,170.152091254753,Nutlin_10_AA03,Nutlin,10,AA03,alveolar basal epithelial cells,A549,True,lung adenocarcinoma,cell_line,human,drug,2898,6.118106,2.1635041,1,CHEMBL407632;CHEMBL191334,10.0,False,Nutlin,2898
F10_B02_RT_699,5190,83.0,0.0,0.0,82.1571675302245,Nutlin_10_AA03,Nutlin,10,AA03,alveolar basal epithelial cells,A549,True,lung adenocarcinoma,cell_line,human,drug,2783,1.6184971,2.061657,1,CHEMBL407632;CHEMBL191334,10.0,False,Nutlin,2783
C07_B02_RT_485,1153,4.0,1.0,1.0,1.01452784503632,Nutlin_50_AB06,Nutlin,50,AB06,alveolar basal epithelial cells,A549,True,lung adenocarcinoma,cell_line,human,drug,830,3.8161318,0.2601908,1,CHEMBL407632;CHEMBL191334,50.0,False,Nutlin,830
A10_B02_RT_666,5050,42.0,0.0,0.0,35.189926547744,Nutlin_10_AA11,Nutlin,10,AA11,alveolar basal epithelial cells,A549,True,lung adenocarcinoma,cell_line,human,drug,2442,11.128713,1.6039604,1,CHEMBL407632;CHEMBL191334,10.0,False,Nutlin,2442
F02_A01_RT_524,21154,313.0,0.0,0.0,12.4934956257132,Nutlin_10_AA03,Nutlin,10,AA03,alveolar basal epithelial cells,A549,True,lung adenocarcinoma,cell_line,human,drug,6229,9.974473,1.8625319,1,CHEMBL407632;CHEMBL191334,10.0,False,Nutlin,6229
B05_B02_RT_397,9035,229.0,0.0,0.0,1.55950347815221,Nutlin_50_BA10,Nutlin,50,BA10,alveolar basal epithelial cells,A549,True,lung adenocarcinoma,cell_line,human,drug,3956,6.441616,2.8887658,1,CHEMBL407632;CHEMBL191334,50.0,False,Nutlin,3956
G04_B02_RT_472,4889,48.0,0.0,0.0,50.7213114754098,Nutlin_10_BA11,Nutlin,10,BA11,alveolar basal epithelial cells,A549,True,lung adenocarcinoma,cell_line,human,drug,2590,5.829413,2.1476784,1,CHEMBL407632;CHEMBL191334,10.0,False,Nutlin,2590
F07_A01_RT_736,11865,708.0,0.0,0.0,1.6850818015138,Nutlin_50_BA02,Nutlin,50,BA02,alveolar basal epithelial cells,A549,True,lung adenocarcinoma,cell_line,human,drug,4751,4.60177,1.6434892,1,CHEMBL407632;CHEMBL191334,50.0,False,Nutlin,4751
C01_A01_RT_758,5944,36.0,0.108703233159069,0.434812932636277,34.0,Nutlin_10_BA11,Nutlin,10,BA11,alveolar basal epithelial cells,A549,True,lung adenocarcinoma,cell_line,human,drug,2653,17.681696,1.6991924,1,CHEMBL407632;CHEMBL191334,10.0,False,Nutlin,2653
B07_A01_RT_529,14961,32.0,0.0,0.0,23.9708561020036,Nutlin_10_BA03,Nutlin,10,BA03,alveolar basal epithelial cells,A549,True,lung adenocarcinoma,cell_line,human,drug,4993,13.180937,1.9517412,1,CHEMBL407632;CHEMBL191334,10.0,False,Nutlin,4993
B01_A01_RT_651,2444,7.0,2.58727964488172e-144,8.53802282810966e-143,3.98133333333333,Nutlin_10_BB07,Nutlin,10,BB07,alveolar basal epithelial cells,A549,True,lung adenocarcinoma,cell_line,human,drug,1405,12.02946,2.0458264,1,CHEMBL407632;CHEMBL191334,10.0,False,Nutlin,1405
C09_B02_RT_710,6938,119.0,0.0,0.0,118.981167608286,Nutlin_50_BA10,Nutlin,50,BA10,alveolar basal epithelial cells,A549,True,lung adenocarcinoma,cell_line,human,drug,3338,4.1222253,1.7728451,1,CHEMBL407632;CHEMBL191334,50.0,False,Nutlin,3338
F09_B02_RT_579,3490,38.0,0.0,0.0,31.8488063660477,Nutlin_10_BA11,Nutlin,10,BA11,alveolar basal epithelial cells,A549,True,lung adenocarcinoma,cell_line,human,drug,1822,14.584527,1.4899714,1,CHEMBL407632;CHEMBL191334,10.0,False,Nutlin,1822
G03_B02_RT_744,10029,34.0,9.339468428463559e-114,5.416891688508871e-112,26.7768014059754,Nutlin_10_AA03,Nutlin,10,AA03,alveolar basal epithelial cells,A549,True,lung adenocarcinoma,cell_line,human,drug,4334,2.02413,1.8247083,1,CHEMBL407632;CHEMBL191334,10.0,False,Nutlin,4334
G07_A01_RT_630,2149,9.0,2.18084801937208e-38,1.02499856910488e-36,1.00507328072153,Nutlin_10_BB07,Nutlin,10,BB07,alveolar basal epithelial cells,A549,True,lung adenocarcinoma,cell_line,human,drug,1361,4.792927,0.74453235,1,CHEMBL407632;CHEMBL191334,10.0,False,Nutlin,1361
A12_B02_RT_633,9260,232.0,0.0,0.0,207.89417989418,Nutlin_50_BB06,Nutlin,50,BB06,alveolar basal epithelial cells,A549,True,lung adenocarcinoma,cell_line,human,drug,3954,5.87473,2.6457884,1,CHEMBL407632;CHEMBL191334,50.0,False,Nutlin,3954
A06_B02_RT_424,1711,1.0,0.999999999999176,1.0,inf,Nutlin_100_AB05,Nutlin,100,AB05,alveolar basal epithelial cells,A549,True,lung adenocarcinoma,cell_line,human,drug,1161,3.5651665,0.46756282,1,CHEMBL407632;CHEMBL191334,100.0,False,Nutlin,1161
G02_B02_RT_397,6829,162.0,2.6104470268988997e-127,9.13656459414616e-126,200.094674556213,Nutlin_10_AA03,Nutlin,10,AA03,alveolar basal epithelial cells,A549,True,lung adenocarcinoma,cell_line,human,drug,3125,11.055792,1.0250403,1,CHEMBL407632;CHEMBL191334,10.0,False,Nutlin,3125
A06_A01_RT_460,11125,92.0,0.0,0.0,1.88901472253681,Nutlin_10_AA03,Nutlin,10,AA03,alveolar basal epithelial cells,A549,True,lung adenocarcinoma,cell_line,human,drug,4227,11.775281,1.4561797,1,CHEMBL407632;CHEMBL191334,10.0,False,Nutlin,4227
E09_A01_RT_490,1112,5.0,4.08195462477554e-05,0.0006122931937163,1.01336898395722,Nutlin_100_AB05,Nutlin,100,AB05,alveolar basal epithelial cells,A549,True,lung adenocarcinoma,cell_line,human,drug,796,6.47482,0.26978418,1,CHEMBL407632;CHEMBL191334,100.0,False,Nutlin,796
C03_B02_RT_489,4807,92.0,0.0,0.0,100.942307692308,Nutlin_10_AA03,Nutlin,10,AA03,alveolar basal epithelial cells,A549,True,lung adenocarcinoma,cell_line,human,drug,2567,6.8025794,1.1441648,1,CHEMBL407632;CHEMBL191334,10.0,False,Nutlin,2567
F02_A01_RT_702,13324,38.0,0.0005347659729645,0.0064171916755742,32.9216965742251,Nutlin_10_BA03,Nutlin,10,BA03,alveolar basal epithelial cells,A549,True,lung adenocarcinoma,cell_line,human,drug,4676,8.555989,1.7637346,1,CHEMBL407632;CHEMBL191334,10.0,False,Nutlin,4676
F09_A01_RT_710,1963,15.0,9.750519677198389e-26,1.95010393543968e-24,1.00578703703704,Nutlin_50_AA02,Nutlin,50,AA02,alveolar basal epithelial cells,A549,True,lung adenocarcinoma,cell_line,human,drug,1265,6.164035,0.25471216,1,CHEMBL407632;CHEMBL191334,50.0,False,Nutlin,1265
E02_A01_RT_581,2723,211.0,0.0,0.0,34.828602383532,Nutlin_10_BA11,Nutlin,10,BA11,alveolar basal epithelial cells,A549,True,lung adenocarcinoma,cell_line,human,drug,1563,12.008814,2.0198312,1,CHEMBL407632;CHEMBL191334,10.0,False,Nutlin,1563
F05_A01_RT_661,12348,82.0,0.0,0.0,71.4070247933884,Nutlin_10_BA11,Nutlin,10,BA11,alveolar basal epithelial cells,A549,True,lung adenocarcinoma,cell_line,human,drug,4295,15.273728,2.0408163,1,CHEMBL407632;CHEMBL191334,10.0,False,Nutlin,4295
C03_A01_RT_390,21061,161.0,0.0,0.0,2.18424347075329,Nutlin_10_AB07,Nutlin,10,AB07,alveolar basal epithelial cells,A549,True,lung adenocarcinoma,cell_line,human,drug,6221,6.3339825,1.5668771,1,CHEMBL407632;CHEMBL191334,10.0,False,Nutlin,6221
F12_A01_RT_640,4551,88.0,0.0,0.0,90.7965132895113,Nutlin_50_AA10,Nutlin,50,AA10,alveolar basal epithelial cells,A549,True,lung adenocarcinoma,cell_line,human,drug,2528,1.3843112,3.2080863,1,CHEMBL407632;CHEMBL191334,50.0,False,Nutlin,2528
F08_B02_RT_402,1531,3.0,3.48599812729675e-05,0.0001742999063648,1.00271985494107,Nutlin_100_BA01,Nutlin,100,BA01,alveolar basal epithelial cells,A549,True,lung adenocarcinoma,cell_line,human,drug,1003,3.8536904,0.5878511,1,CHEMBL407632;CHEMBL191334,100.0,False,Nutlin,1003
C08_B02_RT_752,1197,7.0,9.17375289835215e-21,2.01822563763747e-19,1.96103896103896,Nutlin_10_AA11,Nutlin,10,AA11,alveolar basal epithelial cells,A549,True,lung adenocarcinoma,cell_line,human,drug,849,4.2606516,0.7518797,1,CHEMBL407632;CHEMBL191334,10.0,False,Nutlin,849
G03_A01_RT_762,18137,412.0,0.0,0.0,1.30243249091983,Nutlin_10_AA11,Nutlin,10,AA11,alveolar basal epithelial cells,A549,True,lung adenocarcinoma,cell_line,human,drug,5514,9.610189,1.5438055,1,CHEMBL407632;CHEMBL191334,10.0,False,Nutlin,5514
C04_A01_RT_422,2784,22.0,0.0,0.0,20.9166666666667,Nutlin_10_BA11,Nutlin,10,BA11,alveolar basal epithelial cells,A549,True,lung adenocarcinoma,cell_line,human,drug,1635,9.339081,1.8318965,1,CHEMBL407632;CHEMBL191334,10.0,False,Nutlin,1635
C11_B02_RT_630,1776,6.0,2.1871151928845e-05,0.0003280672789326,1.01148325358852,Nutlin_50_AB06,Nutlin,50,AB06,alveolar basal epithelial cells,A549,True,lung adenocarcinoma,cell_line,human,drug,1155,5.349099,0.6756757,1,CHEMBL407632;CHEMBL191334,50.0,False,Nutlin,1155
F09_B02_RT_650,3793,180.0,0.0,0.0,173.37400530504,Nutlin_10_AA03,Nutlin,10,AA03,alveolar basal epithelial cells,A549,True,lung adenocarcinoma,cell_line,human,drug,1945,13.287635,1.924598,1,CHEMBL407632;CHEMBL191334,10.0,False,Nutlin,1945
C09_A01_RT_617,1350,4.0,0.408493107671544,1.0,1.00742115027829,Nutlin_10_BA11,Nutlin,10,BA11,alveolar basal epithelial cells,A549,True,lung adenocarcinoma,cell_line,human,drug,921,10.518518,0.2962963,1,CHEMBL407632;CHEMBL191334,10.0,False,Nutlin,921
F04_A01_RT_583,5762,93.0,0.0,0.0,78.890214797136,Nutlin_10_AA03,Nutlin,10,AA03,alveolar basal epithelial cells,A549,True,lung adenocarcinoma,cell_line,human,drug,2810,7.0288095,1.1280805,1,CHEMBL407632;CHEMBL191334,10.0,False,Nutlin,2810
B10_B02_RT_622,1030,3.0,0.88195016259148,1.0,1.00323974082073,Nutlin_50_BB06,Nutlin,50,BB06,alveolar basal epithelial cells,A549,True,lung adenocarcinoma,cell_line,human,drug,740,6.0194173,0.3883495,1,CHEMBL407632;CHEMBL191334,50.0,False,Nutlin,740
G05_B02_RT_711,2363,3.0,0.962279224867875,1.0,1.97584818861415,Nutlin_100_BB05,Nutlin,100,BB05,alveolar basal epithelial cells,A549,True,lung adenocarcinoma,cell_line,human,drug,1450,5.2052474,0.42319086,1,CHEMBL407632;CHEMBL191334,100.0,False,Nutlin,1450
F09_B02_RT_623,1137,3.0,0.908327582684224,1.0,2.00407608695652,Nutlin_10_AA03,Nutlin,10,AA03,alveolar basal epithelial cells,A549,True,lung adenocarcinoma,cell_line,human,drug,832,3.3421285,0.43975374,1,CHEMBL407632;CHEMBL191334,10.0,False,Nutlin,832
B07_B02_RT_685,1000,4.0,0.0024650125650089,0.0337847999267357,1.01015228426396,Nutlin_10_BB07,Nutlin,10,BB07,alveolar basal epithelial cells,A549,True,lung adenocarcinoma,cell_line,human,drug,744,5.1,0.3,1,CHEMBL407632;CHEMBL191334,10.0,False,Nutlin,744
B10_B02_RT_443,19746,297.0,0.0,0.0,4.65495499611642,Nutlin_50_AA10,Nutlin,50,AA10,alveolar basal epithelial cells,A549,True,lung adenocarcinoma,cell_line,human,drug,5846,12.610148,2.3295858,1,CHEMBL407632;CHEMBL191334,50.0,False,Nutlin,5846
F10_B02_RT_453,5511,24.0,0.0,0.0,17.8646253021757,Nutlin_50_AB06,Nutlin,50,AB06,alveolar basal epithelial cells,A549,True,lung adenocarcinoma,cell_line,human,drug,2877,5.479949,2.0141535,1,CHEMBL407632;CHEMBL191334,50.0,False,Nutlin,2877
G05_A01_RT_619,3552,16.0,0.0211789262752073,1.0,1.01058201058201,Nutlin_100_AA01,Nutlin,100,AA01,alveolar basal epithelial cells,A549,True,lung adenocarcinoma,cell_line,human,drug,1953,6.4752254,0.16891892,1,CHEMBL407632;CHEMBL191334,100.0,False,Nutlin,1953
E10_B02_RT_509,6937,200.0,0.0,0.0,191.024316109423,Nutlin_10_AA03,Nutlin,10,AA03,alveolar basal epithelial cells,A549,True,lung adenocarcinoma,cell_line,human,drug,3176,6.8473406,2.0758252,1,CHEMBL407632;CHEMBL191334,10.0,False,Nutlin,3176
F05_B02_RT_743,9024,337.0,0.0,0.0,1.31801686936053,Nutlin_10_BA11,Nutlin,10,BA11,alveolar basal epithelial cells,A549,True,lung adenocarcinoma,cell_line,human,drug,4254,2.5044327,1.939273,1,CHEMBL407632;CHEMBL191334,10.0,False,Nutlin,4254
H10_A01_RT_642,1468,2.0,1.0431178201735e-133,1.14742960219084e-132,1.10796645702306,Nutlin_100_AA09,Nutlin,100,AA09,alveolar basal epithelial cells,A549,True,lung adenocarcinoma,cell_line,human,drug,928,15.940055,0.9536785,1,CHEMBL407632;CHEMBL191334,100.0,False,Nutlin,928
B01_A01_RT_687,5637,13.0,2.2311335203013e-163,7.58585396902441e-162,1.24133333333333,Nutlin_10_BA11,Nutlin,10,BA11,alveolar basal epithelial cells,A549,True,lung adenocarcinoma,cell_line,human,drug,2749,8.852226,1.4546745,1,CHEMBL407632;CHEMBL191334,10.0,False,Nutlin,2749
C02_B02_RT_672,4121,34.0,0.0,0.0,31.6382978723404,Nutlin_10_AA03,Nutlin,10,AA03,alveolar basal epithelial cells,A549,True,lung adenocarcinoma,cell_line,human,drug,2340,3.736957,2.3295317,1,CHEMBL407632;CHEMBL191334,10.0,False,Nutlin,2340
D01_A01_RT_438,4596,13.0,0.0,0.0,12.4121037463977,Nutlin_10_BA03,Nutlin,10,BA03,alveolar basal epithelial cells,A549,True,lung adenocarcinoma,cell_line,human,drug,2269,13.120105,1.261967,1,CHEMBL407632;CHEMBL191334,10.0,False,Nutlin,2269
D12_B02_RT_658,4252,25.0,0.0,0.0,20.2488938053097,Nutlin_10_BA03,Nutlin,10,BA03,alveolar basal epithelial cells,A549,True,lung adenocarcinoma,cell_line,human,drug,2153,12.511759,1.5522107,1,CHEMBL407632;CHEMBL191334,10.0,False,Nutlin,2153
B02_A01_RT_437,4580,90.0,0.0,0.0,102.041353383459,Nutlin_10_AB07,Nutlin,10,AB07,alveolar basal epithelial cells,A549,True,lung adenocarcinoma,cell_line,human,drug,2303,10.786026,1.3318777,1,CHEMBL407632;CHEMBL191334,10.0,False,Nutlin,2303
H09_A01_RT_734,7705,132.0,3.5183255652833e-305,4.22199067833996e-304,3.69828463439453,Nutlin_10_AB07,Nutlin,10,AB07,alveolar basal epithelial cells,A549,True,lung adenocarcinoma,cell_line,human,drug,3395,8.462038,1.2719014,1,CHEMBL407632;CHEMBL191334,10.0,False,Nutlin,3395
H01_A01_RT_712,3685,45.0,0.0,0.0,40.5398773006135,Nutlin_10_AA11,Nutlin,10,AA11,alveolar basal epithelial cells,A549,True,lung adenocarcinoma,cell_line,human,drug,2056,9.4165535,1.2754409,1,CHEMBL407632;CHEMBL191334,10.0,False,Nutlin,2056
D10_A01_RT_734,1530,27.0,1.95321221851041e-290,4.68770932442498e-289,25.780612244898,Nutlin_10_AA11,Nutlin,10,AA11,alveolar basal epithelial cells,A549,True,lung adenocarcinoma,cell_line,human,drug,1040,4.7712417,1.633987,1,CHEMBL407632;CHEMBL191334,10.0,False,Nutlin,1040
G04_A01_RT_669,1023,8.0,2.3321189657437804e-31,1.81905279328015e-29,2.04591104734577,Nutlin_100_BA09,Nutlin,100,BA09,alveolar basal epithelial cells,A549,True,lung adenocarcinoma,cell_line,human,drug,746,3.9100685,0.58651024,1,CHEMBL407632;CHEMBL191334,100.0,False,Nutlin,746
E02_A01_RT_471,8641,105.0,0.0,0.0,1.88016194331984,Nutlin_10_BA03,Nutlin,10,BA03,alveolar basal epithelial cells,A549,True,lung adenocarcinoma,cell_line,human,drug,3811,7.8231688,1.3771554,1,CHEMBL407632;CHEMBL191334,10.0,False,Nutlin,3811
G09_A01_RT_487,21048,263.0,0.0,0.0,2.11611920949093,Nutlin_50_BA10,Nutlin,50,BA10,alveolar basal epithelial cells,A549,True,lung adenocarcinoma,cell_line,human,drug,6396,2.7936146,1.9669328,1,CHEMBL407632;CHEMBL191334,50.0,False,Nutlin,6396
E07_A01_RT_455,6328,74.0,0.0,0.0,65.1975903614458,Nutlin_10_AA11,Nutlin,10,AA11,alveolar basal epithelial cells,A549,True,lung adenocarcinoma,cell_line,human,drug,3174,5.3097343,1.3748419,1,CHEMBL407632;CHEMBL191334,10.0,False,Nutlin,3174
H06_A01_RT_463,2319,37.0,0.0,0.0,37.5341463414634,Nutlin_50_BA10,Nutlin,50,BA10,alveolar basal epithelial cells,A549,True,lung adenocarcinoma,cell_line,human,drug,1443,8.969383,1.207417,1,CHEMBL407632;CHEMBL191334,50.0,False,Nutlin,1443
A08_A01_RT_545,4145,14.0,3.17613451794292e-16,2.54090761435433e-15,7.0,Nutlin_10_BA03,Nutlin,10,BA03,alveolar basal epithelial cells,A549,True,lung adenocarcinoma,cell_line,human,drug,2098,13.3896265,1.3751508,1,CHEMBL407632;CHEMBL191334,10.0,False,Nutlin,2098
E09_A01_RT_477,12554,521.0,0.0,0.0,14.5319633757302,Nutlin_50_AB06,Nutlin,50,AB06,alveolar basal epithelial cells,A549,True,lung adenocarcinoma,cell_line,human,drug,4810,4.691732,3.0826828,1,CHEMBL407632;CHEMBL191334,50.0,False,Nutlin,4810
B01_A01_RT_503,10489,42.0,0.0,0.0,34.664,Nutlin_10_AA11,Nutlin,10,AA11,alveolar basal epithelial cells,A549,True,lung adenocarcinoma,cell_line,human,drug,4268,6.8357325,1.2965964,1,CHEMBL407632;CHEMBL191334,10.0,False,Nutlin,4268
E11_B02_RT_534,4567,15.0,8.792989337802069e-55,1.93445765431645e-53,8.78053435114504,Nutlin_10_AB07,Nutlin,10,AB07,alveolar basal epithelial cells,A549,True,lung adenocarcinoma,cell_line,human,drug,2561,3.8099408,2.3428948,1,CHEMBL407632;CHEMBL191334,10.0,False,Nutlin,2561
A12_A01_RT_467,5109,13.0,0.0,0.0,8.97485493230174,Nutlin_10_BA03,Nutlin,10,BA03,alveolar basal epithelial cells,A549,True,lung adenocarcinoma,cell_line,human,drug,2666,9.3951845,1.9181836,1,CHEMBL407632;CHEMBL191334,10.0,False,Nutlin,2666
A10_B02_RT_424,1730,3.0,7.00245054356783e-05,0.0010503675815351,1.0030518819939,Nutlin_50_AB06,Nutlin,50,AB06,alveolar basal epithelial cells,A549,True,lung adenocarcinoma,cell_line,human,drug,1149,3.2947977,0.6936416,1,CHEMBL407632;CHEMBL191334,50.0,False,Nutlin,1149
F05_A01_RT_438,5474,124.0,0.0,0.0,68.1150895140665,Nutlin_10_AA03,Nutlin,10,AA03,alveolar basal epithelial cells,A549,True,lung adenocarcinoma,cell_line,human,drug,2686,8.037998,1.0778224,1,CHEMBL407632;CHEMBL191334,10.0,False,Nutlin,2686
F06_B02_RT_589,3515,124.0,0.0,0.0,113.239053254438,Nutlin_10_AA11,Nutlin,10,AA11,alveolar basal epithelial cells,A549,True,lung adenocarcinoma,cell_line,human,drug,2024,5.661451,1.4509246,1,CHEMBL407632;CHEMBL191334,10.0,False,Nutlin,2024
F07_A01_RT_702,6001,19.0,0.0,0.0,5.90121845082681,Nutlin_10_BA03,Nutlin,10,BA03,alveolar basal epithelial cells,A549,True,lung adenocarcinoma,cell_line,human,drug,2702,14.647559,1.4164306,1,CHEMBL407632;CHEMBL191334,10.0,False,Nutlin,2702
B08_B02_RT_593,3748,73.0,0.0,0.0,70.5139813581891,Nutlin_10_AA11,Nutlin,10,AA11,alveolar basal epithelial cells,A549,True,lung adenocarcinoma,cell_line,human,drug,2040,8.5912485,1.0672358,1,CHEMBL407632;CHEMBL191334,10.0,False,Nutlin,2040
F09_B02_RT_635,1625,8.0,0.0481149587887563,0.38491967031005,1.98915989159892,Nutlin_10_AA11,Nutlin,10,AA11,alveolar basal epithelial cells,A549,True,lung adenocarcinoma,cell_line,human,drug,1100,2.7076924,0.18461539,1,CHEMBL407632;CHEMBL191334,10.0,False,Nutlin,1100
B12_A01_RT_691,4956,57.0,1.1690900750308002e-174,2.2212711425585202e-173,1.1091922005571,Nutlin_10_AA11,Nutlin,10,AA11,alveolar basal epithelial cells,A549,True,lung adenocarcinoma,cell_line,human,drug,2765,5.1452785,1.8361582,1,CHEMBL407632;CHEMBL191334,10.0,False,Nutlin,2765
E08_A01_RT_568,4014,28.0,0.0,0.0,26.7652173913043,Nutlin_10_AA11,Nutlin,10,AA11,alveolar basal epithelial cells,A549,True,lung adenocarcinoma,cell_line,human,drug,2140,7.573493,2.815147,1,CHEMBL407632;CHEMBL191334,10.0,False,Nutlin,2140
G02_B02_RT_467,1006,1.0,9.00901912434931e-124,3.06306650227876e-122,inf,Nutlin_50_AA02,Nutlin,50,AA02,alveolar basal epithelial cells,A549,True,lung adenocarcinoma,cell_line,human,drug,718,8.846918,0.4970179,1,CHEMBL407632;CHEMBL191334,50.0,False,Nutlin,718
A07_A01_RT_688,2979,24.0,0.0,0.0,21.3866513233602,Nutlin_10_AB07,Nutlin,10,AB07,alveolar basal epithelial cells,A549,True,lung adenocarcinoma,cell_line,human,drug,1707,8.794898,2.2826452,1,CHEMBL407632;CHEMBL191334,10.0,False,Nutlin,1707
D04_A01_RT_432,6010,60.0,0.0,0.0,57.4904458598726,Nutlin_10_AA03,Nutlin,10,AA03,alveolar basal epithelial cells,A549,True,lung adenocarcinoma,cell_line,human,drug,2893,11.580699,1.4309484,1,CHEMBL407632;CHEMBL191334,10.0,False,Nutlin,2893
H03_A01_RT_398,2784,34.0,7.8882658132904095e-28,2.91865835091745e-26,9.5,Nutlin_10_BA03,Nutlin,10,BA03,alveolar basal epithelial cells,A549,True,lung adenocarcinoma,cell_line,human,drug,1633,13.505747,1.2931035,1,CHEMBL407632;CHEMBL191334,10.0,False,Nutlin,1633
B02_A01_RT_479,6104,63.0,0.0,0.0,56.8987138263666,Nutlin_10_BA11,Nutlin,10,BA11,alveolar basal epithelial cells,A549,True,lung adenocarcinoma,cell_line,human,drug,2868,7.3394494,1.5891219,1,CHEMBL407632;CHEMBL191334,10.0,False,Nutlin,2868
E02_A01_RT_726,8694,126.0,0.0,0.0,1.38043965903993,Nutlin_50_BA10,Nutlin,50,BA10,alveolar basal epithelial cells,A549,True,lung adenocarcinoma,cell_line,human,drug,3733,13.26202,1.9668738,1,CHEMBL407632;CHEMBL191334,50.0,False,Nutlin,3733
A06_B02_RT_723,2915,48.0,0.0,0.0,47.7894736842105,Nutlin_50_AA10,Nutlin,50,AA10,alveolar basal epithelial cells,A549,True,lung adenocarcinoma,cell_line,human,drug,1888,1.8181819,2.813036,1,CHEMBL407632;CHEMBL191334,50.0,False,Nutlin,1888
C05_B02_RT_716,1242,2.0,0.999999999998106,1.0,1.00506329113924,Nutlin_50_BA10,Nutlin,50,BA10,alveolar basal epithelial cells,A549,True,lung adenocarcinoma,cell_line,human,drug,898,6.6022544,0.32206118,1,CHEMBL407632;CHEMBL191334,50.0,False,Nutlin,898
G09_A01_RT_740,1096,10.0,0.065792548059189,1.0,1.00641231163835,Nutlin_50_BA02,Nutlin,50,BA02,alveolar basal epithelial cells,A549,True,lung adenocarcinoma,cell_line,human,drug,752,7.29927,0.6386861,1,CHEMBL407632;CHEMBL191334,50.0,False,Nutlin,752
B03_A01_RT_455,1024,3.0,0.122199259360265,0.610996296801324,1.02127659574468,Nutlin_50_AB06,Nutlin,50,AB06,alveolar basal epithelial cells,A549,True,lung adenocarcinoma,cell_line,human,drug,739,6.0546875,0.68359375,1,CHEMBL407632;CHEMBL191334,50.0,False,Nutlin,739
D09_B02_RT_438,11240,116.0,0.0,0.0,1.13611650485437,Nutlin_10_BA11,Nutlin,10,BA11,alveolar basal epithelial cells,A549,True,lung adenocarcinoma,cell_line,human,drug,4734,3.4786477,1.9039146,1,CHEMBL407632;CHEMBL191334,10.0,False,Nutlin,4734
A09_A01_RT_726,7472,117.0,0.0,0.0,134.373493975904,Nutlin_50_AA02,Nutlin,50,AA02,alveolar basal epithelial cells,A549,True,lung adenocarcinoma,cell_line,human,drug,3708,1.4721627,2.9041755,1,CHEMBL407632;CHEMBL191334,50.0,False,Nutlin,3708
C04_A01_RT_519,12308,404.0,0.0,0.0,8.2784139100933,Nutlin_50_AB06,Nutlin,50,AB06,alveolar basal epithelial cells,A549,True,lung adenocarcinoma,cell_line,human,drug,4863,6.475463,3.0711732,1,CHEMBL407632;CHEMBL191334,50.0,False,Nutlin,4863
D03_A01_RT_730,6360,378.0,0.0,0.0,361.215189873418,Nutlin_10_AA11,Nutlin,10,AA11,alveolar basal epithelial cells,A549,True,lung adenocarcinoma,cell_line,human,drug,3069,8.443397,2.3584905,1,CHEMBL407632;CHEMBL191334,10.0,False,Nutlin,3069
F02_A01_RT_757,7136,111.0,0.0,0.0,1.50634578544061,Nutlin_10_AB07,Nutlin,10,AB07,alveolar basal epithelial cells,A549,True,lung adenocarcinoma,cell_line,human,drug,3181,12.752242,2.0880046,1,CHEMBL407632;CHEMBL191334,10.0,False,Nutlin,3181
B06_A01_RT_397,1532,4.0,3.33297004584962e-06,2.6663760366797e-05,1.00689655172414,Nutlin_50_AA02,Nutlin,50,AA02,alveolar basal epithelial cells,A549,True,lung adenocarcinoma,cell_line,human,drug,1038,6.2010446,0.2610966,1,CHEMBL407632;CHEMBL191334,50.0,False,Nutlin,1038
G06_B02_RT_546,9909,538.0,0.0,0.0,1647.55833333333,Nutlin_50_BB06,Nutlin,50,BB06,alveolar basal epithelial cells,A549,True,lung adenocarcinoma,cell_line,human,drug,4099,5.3183975,4.036734,1,CHEMBL407632;CHEMBL191334,50.0,False,Nutlin,4099
C12_B02_RT_485,6419,51.0,0.0,0.0,42.9408194233687,Nutlin_10_BA03,Nutlin,10,BA03,alveolar basal epithelial cells,A549,True,lung adenocarcinoma,cell_line,human,drug,3038,6.3405514,1.7915564,1,CHEMBL407632;CHEMBL191334,10.0,False,Nutlin,3038
D10_B02_RT_506,3960,90.0,0.0,0.0,106.568047337278,Nutlin_10_AB07,Nutlin,10,AB07,alveolar basal epithelial cells,A549,True,lung adenocarcinoma,cell_line,human,drug,2029,10.606061,2.2979798,1,CHEMBL407632;CHEMBL191334,10.0,False,Nutlin,2029
F04_A01_RT_719,6787,34.0,1.3921276415515e-08,2.08819146232726e-07,28.1417910447761,Nutlin_10_BA03,Nutlin,10,BA03,alveolar basal epithelial cells,A549,True,lung adenocarcinoma,cell_line,human,drug,3081,10.299101,1.6502136,1,CHEMBL407632;CHEMBL191334,10.0,False,Nutlin,3081
H11_A01_RT_569,9431,154.0,0.0,0.0,159.692810457516,Nutlin_10_AA03,Nutlin,10,AA03,alveolar basal epithelial cells,A549,True,lung adenocarcinoma,cell_line,human,drug,4021,4.092885,1.4950695,1,CHEMBL407632;CHEMBL191334,10.0,False,Nutlin,4021
G04_A01_RT_463,1641,9.0,1.0567681937963702e-15,6.55196280153752e-14,1.01279317697228,Nutlin_100_AA01,Nutlin,100,AA01,alveolar basal epithelial cells,A549,True,lung adenocarcinoma,cell_line,human,drug,1020,8.104815,0.36563072,1,CHEMBL407632;CHEMBL191334,100.0,False,Nutlin,1020
C04_A01_RT_711,4516,12.0,1.69659711822485e-53,4.41115250738462e-52,2.97489539748954,Nutlin_10_BB07,Nutlin,10,BB07,alveolar basal epithelial cells,A549,True,lung adenocarcinoma,cell_line,human,drug,2363,11.536758,1.1957484,1,CHEMBL407632;CHEMBL191334,10.0,False,Nutlin,2363
B10_A01_RT_612,1166,3.0,2.57815343016913e-22,4.38286083128752e-21,1.00840336134454,Nutlin_10_BA03,Nutlin,10,BA03,alveolar basal epithelial cells,A549,True,lung adenocarcinoma,cell_line,human,drug,813,13.464837,2.8301888,1,CHEMBL407632;CHEMBL191334,10.0,False,Nutlin,813
G03_B02_RT_402,2729,5.0,0.995284588475551,1.0,1.00857632933105,Nutlin_50_AA10,Nutlin,50,AA10,alveolar basal epithelial cells,A549,True,lung adenocarcinoma,cell_line,human,drug,1566,3.6277025,0.40307805,1,CHEMBL407632;CHEMBL191334,50.0,False,Nutlin,1566
F08_A01_RT_400,2447,8.0,5.37062547041236e-34,5.37062547041236e-33,1.91449565798263,Nutlin_10_AA03,Nutlin,10,AA03,alveolar basal epithelial cells,A549,True,lung adenocarcinoma,cell_line,human,drug,1479,5.026563,0.53126276,1,CHEMBL407632;CHEMBL191334,10.0,False,Nutlin,1479
B01_B02_RT_633,5433,169.0,0.0,0.0,90.8416473317865,Nutlin_10_AA11,Nutlin,10,AA11,alveolar basal epithelial cells,A549,True,lung adenocarcinoma,cell_line,human,drug,2732,6.018774,1.7301675,1,CHEMBL407632;CHEMBL191334,10.0,False,Nutlin,2732
E12_B02_RT_694,1843,478.0,0.0,0.0,375.122627737226,Nutlin_50_AA10,Nutlin,50,AA10,alveolar basal epithelial cells,A549,True,lung adenocarcinoma,cell_line,human,drug,1286,3.7438958,2.3331525,1,CHEMBL407632;CHEMBL191334,50.0,False,Nutlin,1286
C09_B02_RT_725,4076,80.0,0.0,0.0,49.8333333333333,Nutlin_10_AA11,Nutlin,10,AA11,alveolar basal epithelial cells,A549,True,lung adenocarcinoma,cell_line,human,drug,2146,10.917566,1.7173699,1,CHEMBL407632;CHEMBL191334,10.0,False,Nutlin,2146
F01_A01_RT_396,2607,31.0,0.0,0.0,25.9815256257449,Nutlin_10_BA11,Nutlin,10,BA11,alveolar basal epithelial cells,A549,True,lung adenocarcinoma,cell_line,human,drug,1471,19.294209,1.5343306,1,CHEMBL407632;CHEMBL191334,10.0,False,Nutlin,1471
C06_B02_RT_597,3240,492.0,0.0,0.0,1240.61093247588,Nutlin_50_AB06,Nutlin,50,AB06,alveolar basal epithelial cells,A549,True,lung adenocarcinoma,cell_line,human,drug,1854,5.123457,4.351852,1,CHEMBL407632;CHEMBL191334,50.0,False,Nutlin,1854
B11_B02_RT_535,10059,107.0,0.0,0.0,96.4643304130163,Nutlin_10_AA11,Nutlin,10,AA11,alveolar basal epithelial cells,A549,True,lung adenocarcinoma,cell_line,human,drug,3764,12.615568,1.1929616,1,CHEMBL407632;CHEMBL191334,10.0,False,Nutlin,3764
C09_A01_RT_533,4678,74.0,0.0,0.0,80.2389937106918,Nutlin_10_AB07,Nutlin,10,AB07,alveolar basal epithelial cells,A549,True,lung adenocarcinoma,cell_line,human,drug,2442,5.0662675,1.1329628,1,CHEMBL407632;CHEMBL191334,10.0,False,Nutlin,2442
H06_A01_RT_554,2035,25.0,0.0,0.0,23.6310096153846,Nutlin_10_AA11,Nutlin,10,AA11,alveolar basal epithelial cells,A549,True,lung adenocarcinoma,cell_line,human,drug,1314,11.007371,1.5724815,1,CHEMBL407632;CHEMBL191334,10.0,False,Nutlin,1314
D10_B02_RT_702,7239,82.0,0.0,0.0,53.5096660808436,Nutlin_10_AA11,Nutlin,10,AA11,alveolar basal epithelial cells,A549,True,lung adenocarcinoma,cell_line,human,drug,3093,12.791822,1.4366626,1,CHEMBL407632;CHEMBL191334,10.0,False,Nutlin,3093
G01_B02_RT_671,2713,119.0,0.0,0.0,113.075564971751,Nutlin_10_AA03,Nutlin,10,AA03,alveolar basal epithelial cells,A549,True,lung adenocarcinoma,cell_line,human,drug,1698,4.2757096,2.3221526,1,CHEMBL407632;CHEMBL191334,10.0,False,Nutlin,1698
C07_B02_RT_400,6324,109.0,0.0,0.0,32.3895742140867,Nutlin_10_BA11,Nutlin,10,BA11,alveolar basal epithelial cells,A549,True,lung adenocarcinoma,cell_line,human,drug,2876,8.523087,1.1068944,1,CHEMBL407632;CHEMBL191334,10.0,False,Nutlin,2876
H01_A01_RT_694,2169,9.0,5.2014831480954603e-98,2.13260809071914e-96,8.05625,Nutlin_10_AA11,Nutlin,10,AA11,alveolar basal epithelial cells,A549,True,lung adenocarcinoma,cell_line,human,drug,1392,6.1779623,1.2909175,1,CHEMBL407632;CHEMBL191334,10.0,False,Nutlin,1392
G09_B02_RT_433,1459,9.0,6.79401330725266e-05,0.0007385206675118,1.01042269832079,Nutlin_50_AA02,Nutlin,50,AA02,alveolar basal epithelial cells,A549,True,lung adenocarcinoma,cell_line,human,drug,1023,1.9876628,0.68540096,1,CHEMBL407632;CHEMBL191334,50.0,False,Nutlin,1023
F08_A01_RT_459,2765,49.0,0.0,0.0,46.9950248756219,Nutlin_10_BA11,Nutlin,10,BA11,alveolar basal epithelial cells,A549,True,lung adenocarcinoma,cell_line,human,drug,1659,7.414105,2.78481,1,CHEMBL407632;CHEMBL191334,10.0,False,Nutlin,1659
H08_B02_RT_663,2566,52.0,0.0,0.0,46.8311688311688,Nutlin_10_AB07,Nutlin,10,AB07,alveolar basal epithelial cells,A549,True,lung adenocarcinoma,cell_line,human,drug,1566,7.014809,1.5588465,1,CHEMBL407632;CHEMBL191334,10.0,False,Nutlin,1566
H10_B02_RT_424,1935,6.0,0.940706799619298,1.0,1.92771084337349,Nutlin_50_AB06,Nutlin,50,AB06,alveolar basal epithelial cells,A549,True,lung adenocarcinoma,cell_line,human,drug,1315,2.997416,0.62015504,1,CHEMBL407632;CHEMBL191334,50.0,False,Nutlin,1315
C07_B02_RT_619,1581,10.0,0.000111805595773,0.0023479175112344,1.87268518518519,Nutlin_10_AA03,Nutlin,10,AA03,alveolar basal epithelial cells,A549,True,lung adenocarcinoma,cell_line,human,drug,1080,6.388362,0.37950665,1,CHEMBL407632;CHEMBL191334,10.0,False,Nutlin,1080
D10_A01_RT_731,4648,39.0,0.0,0.0,8.25402726146221,Nutlin_10_AA11,Nutlin,10,AA11,alveolar basal epithelial cells,A549,True,lung adenocarcinoma,cell_line,human,drug,2406,9.982788,1.2908778,1,CHEMBL407632;CHEMBL191334,10.0,False,Nutlin,2406
C11_B02_RT_721,10137,15.0,0.0,0.0,11.1423149905123,Nutlin_10_BB07,Nutlin,10,BB07,alveolar basal epithelial cells,A549,True,lung adenocarcinoma,cell_line,human,drug,4129,4.912696,1.9335109,1,CHEMBL407632;CHEMBL191334,10.0,False,Nutlin,4129
A10_B02_RT_453,4484,107.0,0.0,0.0,45.6236180904523,Nutlin_10_AA11,Nutlin,10,AA11,alveolar basal epithelial cells,A549,True,lung adenocarcinoma,cell_line,human,drug,2410,5.3300624,0.9366637,1,CHEMBL407632;CHEMBL191334,10.0,False,Nutlin,2410
C04_B02_RT_720,1638,139.0,0.0,0.0,150.462129527991,Nutlin_50_BB06,Nutlin,50,BB06,alveolar basal epithelial cells,A549,True,lung adenocarcinoma,cell_line,human,drug,1201,2.3809524,0.5494506,1,CHEMBL407632;CHEMBL191334,50.0,False,Nutlin,1201
G12_A01_RT_676,1037,9.0,0.0002996417502189,0.0023971340017515,1.92453235863255,Nutlin_10_AA11,Nutlin,10,AA11,alveolar basal epithelial cells,A549,True,lung adenocarcinoma,cell_line,human,drug,686,3.6644166,0.5785921,1,CHEMBL407632;CHEMBL191334,10.0,False,Nutlin,686
C08_A01_RT_710,1660,1.0,1.0,1.0,inf,Nutlin_50_AA02,Nutlin,50,AA02,alveolar basal epithelial cells,A549,True,lung adenocarcinoma,cell_line,human,drug,1104,6.204819,0.48192772,1,CHEMBL407632;CHEMBL191334,50.0,False,Nutlin,1104
A06_B02_RT_537,10559,20.0,0.0,0.0,16.5175600739372,Nutlin_10_AA03,Nutlin,10,AA03,alveolar basal epithelial cells,A549,True,lung adenocarcinoma,cell_line,human,drug,4116,14.149067,1.7994128,1,CHEMBL407632;CHEMBL191334,10.0,False,Nutlin,4116
C08_B02_RT_751,2968,202.0,0.0,0.0,118.889580973952,Nutlin_10_AA11,Nutlin,10,AA11,alveolar basal epithelial cells,A549,True,lung adenocarcinoma,cell_line,human,drug,1619,10.141509,2.1563342,1,CHEMBL407632;CHEMBL191334,10.0,False,Nutlin,1619
G01_B02_RT_399,3480,216.0,0.0,0.0,1.02484152818229,Nutlin_50_AB06,Nutlin,50,AB06,alveolar basal epithelial cells,A549,True,lung adenocarcinoma,cell_line,human,drug,2166,2.5,1.8390805,1,CHEMBL407632;CHEMBL191334,50.0,False,Nutlin,2166
G02_A01_RT_487,11775,191.0,0.0,0.0,249.322772277228,Nutlin_10_BA11,Nutlin,10,BA11,alveolar basal epithelial cells,A549,True,lung adenocarcinoma,cell_line,human,drug,4438,3.5244162,1.6050955,1,CHEMBL407632;CHEMBL191334,10.0,False,Nutlin,4438
D06_A01_RT_710,1145,4.0,1.4897648192389601e-09,2.68157667463012e-08,2.03610108303249,Nutlin_50_AB06,Nutlin,50,AB06,alveolar basal epithelial cells,A549,True,lung adenocarcinoma,cell_line,human,drug,804,7.4235806,0.34934497,1,CHEMBL407632;CHEMBL191334,50.0,False,Nutlin,804
C09_A01_RT_527,12205,118.0,0.0,0.0,139.431870669746,Nutlin_10_BA11,Nutlin,10,BA11,alveolar basal epithelial cells,A549,True,lung adenocarcinoma,cell_line,human,drug,4367,15.673904,1.9008603,1,CHEMBL407632;CHEMBL191334,10.0,False,Nutlin,4367
E12_A01_RT_750,4958,3.0,0.0,0.0,2.00235478806907,Nutlin_10_BB07,Nutlin,10,BB07,alveolar basal epithelial cells,A549,True,lung adenocarcinoma,cell_line,human,drug,2487,8.874546,2.4405003,1,CHEMBL407632;CHEMBL191334,10.0,False,Nutlin,2487
G08_B02_RT_756,3522,80.0,0.0,0.0,82.6490134994808,Nutlin_10_AA03,Nutlin,10,AA03,alveolar basal epithelial cells,A549,True,lung adenocarcinoma,cell_line,human,drug,2095,5.479841,1.1357183,1,CHEMBL407632;CHEMBL191334,10.0,False,Nutlin,2095
E01_B02_RT_757,3243,463.0,0.0,0.0,6.93702209504152,Nutlin_50_BA02,Nutlin,50,BA02,alveolar basal epithelial cells,A549,True,lung adenocarcinoma,cell_line,human,drug,1717,11.039162,4.162812,1,CHEMBL407632;CHEMBL191334,50.0,False,Nutlin,1717
E03_B02_RT_678,7430,6.0,0.999999999998437,1.0,3.0,Nutlin_10_BB07,Nutlin,10,BB07,alveolar basal epithelial cells,A549,True,lung adenocarcinoma,cell_line,human,drug,3236,9.407806,1.7900404,1,CHEMBL407632;CHEMBL191334,10.0,False,Nutlin,3236
D10_B02_RT_690,3909,455.0,0.0,0.0,4.14676510104298,Nutlin_50_AB06,Nutlin,50,AB06,alveolar basal epithelial cells,A549,True,lung adenocarcinoma,cell_line,human,drug,2126,11.102584,1.9442313,1,CHEMBL407632;CHEMBL191334,50.0,False,Nutlin,2126
B01_B02_RT_434,14325,305.0,0.0,0.0,1.8241531335454,Nutlin_50_BA10,Nutlin,50,BA10,alveolar basal epithelial cells,A549,True,lung adenocarcinoma,cell_line,human,drug,5052,6.938918,2.0314136,1,CHEMBL407632;CHEMBL191334,50.0,False,Nutlin,5052
B09_B02_RT_433,8436,61.0,0.0,0.0,22.085597826087,Nutlin_10_BA11,Nutlin,10,BA11,alveolar basal epithelial cells,A549,True,lung adenocarcinoma,cell_line,human,drug,3450,12.470366,1.0075865,1,CHEMBL407632;CHEMBL191334,10.0,False,Nutlin,3450
F10_B02_RT_646,5529,177.0,0.0,0.0,1.38597793280887,Nutlin_10_AA11,Nutlin,10,AA11,alveolar basal epithelial cells,A549,True,lung adenocarcinoma,cell_line,human,drug,2927,3.4364262,1.8267318,1,CHEMBL407632;CHEMBL191334,10.0,False,Nutlin,2927
G05_B02_RT_502,1748,4.0,0.999997743467882,1.0,1.9906432748538,Nutlin_100_BB05,Nutlin,100,BB05,alveolar basal epithelial cells,A549,True,lung adenocarcinoma,cell_line,human,drug,1166,4.6338673,0.40045768,1,CHEMBL407632;CHEMBL191334,100.0,False,Nutlin,1166
B01_A01_RT_462,9002,190.0,0.0,0.0,2.49006276150628,Nutlin_50_BB06,Nutlin,50,BB06,alveolar basal epithelial cells,A549,True,lung adenocarcinoma,cell_line,human,drug,4106,5.2988224,2.0662074,1,CHEMBL407632;CHEMBL191334,50.0,False,Nutlin,4106
F11_A01_RT_443,6640,55.0,0.0,0.0,2.11319119967819,Nutlin_10_BA03,Nutlin,10,BA03,alveolar basal epithelial cells,A549,True,lung adenocarcinoma,cell_line,human,drug,3236,8.237952,3.7801204,1,CHEMBL407632;CHEMBL191334,10.0,False,Nutlin,3236
H05_B02_RT_753,5750,132.0,0.0,0.0,139.197333333333,Nutlin_50_BA10,Nutlin,50,BA10,alveolar basal epithelial cells,A549,True,lung adenocarcinoma,cell_line,human,drug,2900,4.9565215,1.8782609,1,CHEMBL407632;CHEMBL191334,50.0,False,Nutlin,2900
G03_A01_RT_558,14910,481.0,0.0,0.0,465.878438331854,Nutlin_50_AB06,Nutlin,50,AB06,alveolar basal epithelial cells,A549,True,lung adenocarcinoma,cell_line,human,drug,5251,2.1931589,2.481556,1,CHEMBL407632;CHEMBL191334,50.0,False,Nutlin,5251
G04_A01_RT_676,2247,12.0,0.0017870406201331,0.0482500967435936,1.92340425531915,Nutlin_50_AB06,Nutlin,50,AB06,alveolar basal epithelial cells,A549,True,lung adenocarcinoma,cell_line,human,drug,1294,2.848242,0.2670227,1,CHEMBL407632;CHEMBL191334,50.0,False,Nutlin,1294
D10_B02_RT_423,5751,59.0,0.0,0.0,67.2945508100147,Nutlin_10_AA11,Nutlin,10,AA11,alveolar basal epithelial cells,A549,True,lung adenocarcinoma,cell_line,human,drug,2763,6.520605,1.5127804,1,CHEMBL407632;CHEMBL191334,10.0,False,Nutlin,2763
A02_A01_RT_757,8966,147.0,0.0,0.0,1.89554956169926,Nutlin_50_BB06,Nutlin,50,BB06,alveolar basal epithelial cells,A549,True,lung adenocarcinoma,cell_line,human,drug,3976,6.9596252,3.6582646,1,CHEMBL407632;CHEMBL191334,50.0,False,Nutlin,3976
C04_A01_RT_556,7872,15.0,4.89671439179971e-24,1.17521145403193e-22,12.3887688984881,Nutlin_10_BA03,Nutlin,10,BA03,alveolar basal epithelial cells,A549,True,lung adenocarcinoma,cell_line,human,drug,3451,9.540142,1.6768292,1,CHEMBL407632;CHEMBL191334,10.0,False,Nutlin,3451
A04_B02_RT_628,5381,106.0,0.0,0.0,1.16015579807952,Nutlin_10_AA03,Nutlin,10,AA03,alveolar basal epithelial cells,A549,True,lung adenocarcinoma,cell_line,human,drug,2688,8.288423,1.6539676,1,CHEMBL407632;CHEMBL191334,10.0,False,Nutlin,2688
A10_A01_RT_556,6362,64.0,0.0,0.0,2.22582562186943,Nutlin_50_BB06,Nutlin,50,BB06,alveolar basal epithelial cells,A549,True,lung adenocarcinoma,cell_line,human,drug,3273,5.564288,1.6032695,1,CHEMBL407632;CHEMBL191334,50.0,False,Nutlin,3273
B08_A01_RT_685,5150,79.0,0.0,0.0,80.6263414634146,Nutlin_50_BB06,Nutlin,50,BB06,alveolar basal epithelial cells,A549,True,lung adenocarcinoma,cell_line,human,drug,2824,2.038835,1.9611651,1,CHEMBL407632;CHEMBL191334,50.0,False,Nutlin,2824
H03_B02_RT_526,8953,190.0,0.0,0.0,223.054200542005,Nutlin_50_BA10,Nutlin,50,BA10,alveolar basal epithelial cells,A549,True,lung adenocarcinoma,cell_line,human,drug,3953,3.19446,2.278566,1,CHEMBL407632;CHEMBL191334,50.0,False,Nutlin,3953
A12_B02_RT_601,5895,144.0,0.0,0.0,226.109589041096,Nutlin_10_AB07,Nutlin,10,AB07,alveolar basal epithelial cells,A549,True,lung adenocarcinoma,cell_line,human,drug,2894,5.937235,1.1704835,1,CHEMBL407632;CHEMBL191334,10.0,False,Nutlin,2894
B05_B02_RT_400,1812,20.0,4.22738259805645e-29,6.76381215689032e-28,12.0,Nutlin_100_BA09,Nutlin,100,BA09,alveolar basal epithelial cells,A549,True,lung adenocarcinoma,cell_line,human,drug,1120,4.139073,0.33112583,1,CHEMBL407632;CHEMBL191334,100.0,False,Nutlin,1120
F11_A01_RT_764,23689,503.0,0.0,0.0,1.36609369420631,Nutlin_50_BA10,Nutlin,50,BA10,alveolar basal epithelial cells,A549,True,lung adenocarcinoma,cell_line,human,drug,6583,4.018743,1.8278526,1,CHEMBL407632;CHEMBL191334,50.0,False,Nutlin,6583
G01_A01_RT_599,8034,361.0,0.0,0.0,313.632075471698,Nutlin_10_AA03,Nutlin,10,AA03,alveolar basal epithelial cells,A549,True,lung adenocarcinoma,cell_line,human,drug,3613,8.15285,2.4147375,1,CHEMBL407632;CHEMBL191334,10.0,False,Nutlin,3613
F07_B02_RT_727,7595,84.0,0.0,0.0,58.2647058823529,Nutlin_10_BA11,Nutlin,10,BA11,alveolar basal epithelial cells,A549,True,lung adenocarcinoma,cell_line,human,drug,3445,6.359447,1.5009875,1,CHEMBL407632;CHEMBL191334,10.0,False,Nutlin,3445
E04_A01_RT_386,6058,39.0,0.0,0.0,34.552752293578,Nutlin_10_AA11,Nutlin,10,AA11,alveolar basal epithelial cells,A549,True,lung adenocarcinoma,cell_line,human,drug,3063,5.018158,2.1294158,1,CHEMBL407632;CHEMBL191334,10.0,False,Nutlin,3063
C03_B02_RT_668,6126,110.0,0.0,0.0,150.020161290323,Nutlin_10_AB07,Nutlin,10,AB07,alveolar basal epithelial cells,A549,True,lung adenocarcinoma,cell_line,human,drug,2976,5.3705516,1.5834149,1,CHEMBL407632;CHEMBL191334,10.0,False,Nutlin,2976
E02_A01_RT_507,9435,208.0,1.7425302930419598e-304,4.00781967399651e-303,1.59570456217807,Nutlin_50_BA02,Nutlin,50,BA02,alveolar basal epithelial cells,A549,True,lung adenocarcinoma,cell_line,human,drug,4245,10.429253,2.2257552,1,CHEMBL407632;CHEMBL191334,50.0,False,Nutlin,4245
H05_A01_RT_617,1154,7.0,0.0013382751314573,0.0107062010516584,1.01037805782061,Nutlin_10_BB07,Nutlin,10,BB07,alveolar basal epithelial cells,A549,True,lung adenocarcinoma,cell_line,human,drug,803,11.35182,0.17331022,1,CHEMBL407632;CHEMBL191334,10.0,False,Nutlin,803
E06_A01_RT_723,7603,72.0,0.0,0.0,74.700518134715,Nutlin_10_BA11,Nutlin,10,BA11,alveolar basal epithelial cells,A549,True,lung adenocarcinoma,cell_line,human,drug,3280,12.324082,1.4204919,1,CHEMBL407632;CHEMBL191334,10.0,False,Nutlin,3280
E03_B02_RT_406,3790,123.0,0.0,0.0,153.613065326633,Nutlin_50_BA10,Nutlin,50,BA10,alveolar basal epithelial cells,A549,True,lung adenocarcinoma,cell_line,human,drug,2223,2.7440634,2.480211,1,CHEMBL407632;CHEMBL191334,50.0,False,Nutlin,2223
C03_B02_RT_517,1009,2.0,0.0096214927155222,0.173186868879401,inf,Nutlin_10_AB07,Nutlin,10,AB07,alveolar basal epithelial cells,A549,True,lung adenocarcinoma,cell_line,human,drug,741,4.5589695,0.49554014,1,CHEMBL407632;CHEMBL191334,10.0,False,Nutlin,741
A06_A01_RT_710,12779,128.0,0.0,0.0,6.05953735305271,Nutlin_10_AA03,Nutlin,10,AA03,alveolar basal epithelial cells,A549,True,lung adenocarcinoma,cell_line,human,drug,4808,8.380938,1.2990062,1,CHEMBL407632;CHEMBL191334,10.0,False,Nutlin,4808
H01_A01_RT_505,2509,73.0,9.29703050013807e-62,3.25396067504832e-60,61.7893660531697,Nutlin_50_AA10,Nutlin,50,AA10,alveolar basal epithelial cells,A549,True,lung adenocarcinoma,cell_line,human,drug,1588,7.9713035,2.4312475,1,CHEMBL407632;CHEMBL191334,50.0,False,Nutlin,1588
G10_A01_RT_604,1498,9.0,2.44551619374809e-12,4.64648076812138e-11,2.04463336875664,Nutlin_50_BA02,Nutlin,50,BA02,alveolar basal epithelial cells,A549,True,lung adenocarcinoma,cell_line,human,drug,997,3.2042723,0.2670227,1,CHEMBL407632;CHEMBL191334,50.0,False,Nutlin,997
B12_B02_RT_711,8233,56.0,0.0,0.0,64.3468634686347,Nutlin_10_AA03,Nutlin,10,AA03,alveolar basal epithelial cells,A549,True,lung adenocarcinoma,cell_line,human,drug,3600,5.9759502,0.8380906,1,CHEMBL407632;CHEMBL191334,10.0,False,Nutlin,3600
H11_B02_RT_692,4897,109.0,0.0,0.0,110.8125,Nutlin_10_AB07,Nutlin,10,AB07,alveolar basal epithelial cells,A549,True,lung adenocarcinoma,cell_line,human,drug,2649,2.8588932,2.0624871,1,CHEMBL407632;CHEMBL191334,10.0,False,Nutlin,2649
H04_B02_RT_730,3077,12.0,0.0,0.0,7.10126582278481,Nutlin_10_BB07,Nutlin,10,BB07,alveolar basal epithelial cells,A549,True,lung adenocarcinoma,cell_line,human,drug,1747,6.5323367,1.6249593,1,CHEMBL407632;CHEMBL191334,10.0,False,Nutlin,1747
H02_B02_RT_495,3693,90.0,0.0,0.0,83.5522388059701,Nutlin_10_AA03,Nutlin,10,AA03,alveolar basal epithelial cells,A549,True,lung adenocarcinoma,cell_line,human,drug,2158,3.1952343,1.2185215,1,CHEMBL407632;CHEMBL191334,10.0,False,Nutlin,2158
C12_B02_RT_588,7741,331.0,0.0,0.0,2.83448698536304,Nutlin_10_AA03,Nutlin,10,AA03,alveolar basal epithelial cells,A549,True,lung adenocarcinoma,cell_line,human,drug,3572,3.5525126,2.2477715,1,CHEMBL407632;CHEMBL191334,10.0,False,Nutlin,3572
A01_B02_RT_767,8336,274.0,0.0,0.0,2.55898785612042,Nutlin_10_AA03,Nutlin,10,AA03,alveolar basal epithelial cells,A549,True,lung adenocarcinoma,cell_line,human,drug,3573,10.508637,2.1833014,1,CHEMBL407632;CHEMBL191334,10.0,False,Nutlin,3573
G03_A01_RT_727,1685,9.0,0.0845028090500809,1.0,1.87119856887299,Nutlin_10_BA11,Nutlin,10,BA11,alveolar basal epithelial cells,A549,True,lung adenocarcinoma,cell_line,human,drug,1165,3.0860534,0.7121662,1,CHEMBL407632;CHEMBL191334,10.0,False,Nutlin,1165
G07_B02_RT_552,5662,5.0,1.94598496103083e-12,4.670363906473979e-11,1.00403225806452,Nutlin_100_AB05,Nutlin,100,AB05,alveolar basal epithelial cells,A549,True,lung adenocarcinoma,cell_line,human,drug,2748,9.731544,1.4305899,1,CHEMBL407632;CHEMBL191334,100.0,False,Nutlin,2748
G09_A01_RT_387,1647,11.0,2.88012566245761e-32,1.4688640878533799e-30,1.01042654028436,Nutlin_100_BA09,Nutlin,100,BA09,alveolar basal epithelial cells,A549,True,lung adenocarcinoma,cell_line,human,drug,1102,4.7966,0.48573163,1,CHEMBL407632;CHEMBL191334,100.0,False,Nutlin,1102
H03_B02_RT_641,1276,478.0,0.0,0.0,448.758620689655,Nutlin_50_AA10,Nutlin,50,AA10,alveolar basal epithelial cells,A549,True,lung adenocarcinoma,cell_line,human,drug,933,4.5454545,0.7053292,1,CHEMBL407632;CHEMBL191334,50.0,False,Nutlin,933
G03_B02_RT_728,11384,137.0,0.0,0.0,9.46976744186047,Nutlin_10_AA03,Nutlin,10,AA03,alveolar basal epithelial cells,A549,True,lung adenocarcinoma,cell_line,human,drug,4661,3.873858,1.3879129,1,CHEMBL407632;CHEMBL191334,10.0,False,Nutlin,4661
B05_B02_RT_616,2775,101.0,0.0,0.0,118.180639585134,Nutlin_10_AB07,Nutlin,10,AB07,alveolar basal epithelial cells,A549,True,lung adenocarcinoma,cell_line,human,drug,1585,11.603603,2.018018,1,CHEMBL407632;CHEMBL191334,10.0,False,Nutlin,1585
B07_A01_RT_388,10701,16.0,0.0,0.0,11.3151969981238,Nutlin_10_BB07,Nutlin,10,BB07,alveolar basal epithelial cells,A549,True,lung adenocarcinoma,cell_line,human,drug,4285,5.29857,1.8129147,1,CHEMBL407632;CHEMBL191334,10.0,False,Nutlin,4285
F03_A01_RT_481,3722,8.0,8.65970908154396e-99,1.90513599793967e-97,5.24010914051842,Nutlin_10_BB07,Nutlin,10,BB07,alveolar basal epithelial cells,A549,True,lung adenocarcinoma,cell_line,human,drug,2146,5.265986,2.0956476,1,CHEMBL407632;CHEMBL191334,10.0,False,Nutlin,2146
G07_B02_RT_433,18016,255.0,0.0,0.0,413.348993288591,Nutlin_50_BB06,Nutlin,50,BB06,alveolar basal epithelial cells,A549,True,lung adenocarcinoma,cell_line,human,drug,5815,2.0592806,3.696714,1,CHEMBL407632;CHEMBL191334,50.0,False,Nutlin,5815
B11_A01_RT_720,6584,182.0,0.0,0.0,328.168316831683,Nutlin_10_AA03,Nutlin,10,AA03,alveolar basal epithelial cells,A549,True,lung adenocarcinoma,cell_line,human,drug,3158,6.6828675,1.2758201,1,CHEMBL407632;CHEMBL191334,10.0,False,Nutlin,3158
G04_B02_RT_745,8394,78.0,0.0,0.0,69.8456973293769,Nutlin_10_BA11,Nutlin,10,BA11,alveolar basal epithelial cells,A549,True,lung adenocarcinoma,cell_line,human,drug,3568,12.592328,1.9537765,1,CHEMBL407632;CHEMBL191334,10.0,False,Nutlin,3568
H01_A01_RT_517,2912,14.0,1.11806034728348e-80,4.2486293196772296e-79,7.85685071574642,Nutlin_10_AA11,Nutlin,10,AA11,alveolar basal epithelial cells,A549,True,lung adenocarcinoma,cell_line,human,drug,1766,6.1813188,1.2362638,1,CHEMBL407632;CHEMBL191334,10.0,False,Nutlin,1766
F08_A01_RT_633,2096,479.0,0.0,0.0,31.4485940459424,Nutlin_10_AA03,Nutlin,10,AA03,alveolar basal epithelial cells,A549,True,lung adenocarcinoma,cell_line,human,drug,1237,15.935115,1.908397,1,CHEMBL407632;CHEMBL191334,10.0,False,Nutlin,1237
H08_B02_RT_636,4338,254.0,0.0,0.0,3.90557968593385,Nutlin_50_BA02,Nutlin,50,BA02,alveolar basal epithelial cells,A549,True,lung adenocarcinoma,cell_line,human,drug,2510,5.232826,2.2360535,1,CHEMBL407632;CHEMBL191334,50.0,False,Nutlin,2510
D05_A01_RT_403,16085,102.0,0.0,0.0,1.10334735686848,Nutlin_10_BA11,Nutlin,10,BA11,alveolar basal epithelial cells,A549,True,lung adenocarcinoma,cell_line,human,drug,5550,8.27479,1.7531862,1,CHEMBL407632;CHEMBL191334,10.0,False,Nutlin,5550
G05_A01_RT_718,9419,93.0,1.75547431745481e-05,0.0014570436834874,37.0,Nutlin_10_BA03,Nutlin,10,BA03,alveolar basal epithelial cells,A549,True,lung adenocarcinoma,cell_line,human,drug,3583,11.168914,0.95551544,1,CHEMBL407632;CHEMBL191334,10.0,False,Nutlin,3583
B07_A01_RT_644,4133,164.0,0.0,0.0,155.954462659381,Nutlin_50_BA02,Nutlin,50,BA02,alveolar basal epithelial cells,A549,True,lung adenocarcinoma,cell_line,human,drug,2364,3.1212194,3.532543,1,CHEMBL407632;CHEMBL191334,50.0,False,Nutlin,2364
C07_B02_RT_403,4861,183.0,0.0,0.0,217.903039073806,Nutlin_10_AA03,Nutlin,10,AA03,alveolar basal epithelial cells,A549,True,lung adenocarcinoma,cell_line,human,drug,2513,9.895083,2.9006376,1,CHEMBL407632;CHEMBL191334,10.0,False,Nutlin,2513
B09_A01_RT_666,4698,64.0,0.0,0.0,60.8811881188119,Nutlin_10_AA03,Nutlin,10,AA03,alveolar basal epithelial cells,A549,True,lung adenocarcinoma,cell_line,human,drug,2420,6.917837,1.4474244,1,CHEMBL407632;CHEMBL191334,10.0,False,Nutlin,2420
F08_B02_RT_480,4999,37.0,0.0,0.0,33.0640074211503,Nutlin_10_BA03,Nutlin,10,BA03,alveolar basal epithelial cells,A549,True,lung adenocarcinoma,cell_line,human,drug,2422,13.262652,1.6603321,1,CHEMBL407632;CHEMBL191334,10.0,False,Nutlin,2422
D10_B02_RT_752,1301,4.0,0.022469233216485,0.247161565381335,1.90654205607477,Nutlin_10_AA03,Nutlin,10,AA03,alveolar basal epithelial cells,A549,True,lung adenocarcinoma,cell_line,human,drug,891,3.8431976,0.6149116,1,CHEMBL407632;CHEMBL191334,10.0,False,Nutlin,891
F09_B02_RT_701,1268,1.0,0.558052519701707,1.0,inf,Nutlin_10_AA11,Nutlin,10,AA11,alveolar basal epithelial cells,A549,True,lung adenocarcinoma,cell_line,human,drug,867,3.3911672,0.5520505,1,CHEMBL407632;CHEMBL191334,10.0,False,Nutlin,867
D10_B02_RT_716,1134,5.0,0.277761632471603,1.0,1.98810939357907,Nutlin_10_AB07,Nutlin,10,AB07,alveolar basal epithelial cells,A549,True,lung adenocarcinoma,cell_line,human,drug,791,7.142857,0.35273367,1,CHEMBL407632;CHEMBL191334,10.0,False,Nutlin,791
F12_A01_RT_599,4461,241.0,0.0,0.0,12.8555205047319,Nutlin_100_AB05,Nutlin,100,AB05,alveolar basal epithelial cells,A549,True,lung adenocarcinoma,cell_line,human,drug,2469,3.9677203,2.151984,1,CHEMBL407632;CHEMBL191334,100.0,False,Nutlin,2469
E11_B02_RT_596,5443,165.0,0.0,0.0,157.265267175573,Nutlin_50_AA10,Nutlin,50,AA10,alveolar basal epithelial cells,A549,True,lung adenocarcinoma,cell_line,human,drug,2937,0.77163327,2.0209444,1,CHEMBL407632;CHEMBL191334,50.0,False,Nutlin,2937
H09_B02_RT_669,5655,21.0,2.9598879841876e-169,8.287686355725279e-168,8.07530255490811,Nutlin_10_BA03,Nutlin,10,BA03,alveolar basal epithelial cells,A549,True,lung adenocarcinoma,cell_line,human,drug,2488,16.410257,1.3969938,1,CHEMBL407632;CHEMBL191334,10.0,False,Nutlin,2488
B05_B02_RT_468,9114,376.0,0.0,0.0,1.20855707177693,Nutlin_10_AA03,Nutlin,10,AA03,alveolar basal epithelial cells,A549,True,lung adenocarcinoma,cell_line,human,drug,4082,5.288567,1.9640114,1,CHEMBL407632;CHEMBL191334,10.0,False,Nutlin,4082
D10_B02_RT_672,4237,66.0,0.0,0.0,78.6504559270517,Nutlin_10_AA03,Nutlin,10,AA03,alveolar basal epithelial cells,A549,True,lung adenocarcinoma,cell_line,human,drug,2177,12.65046,2.147746,1,CHEMBL407632;CHEMBL191334,10.0,False,Nutlin,2177
G03_A01_RT_635,2966,13.0,0.999923750798831,1.0,1.95162790697674,Nutlin_50_AB06,Nutlin,50,AB06,alveolar basal epithelial cells,A549,True,lung adenocarcinoma,cell_line,human,drug,1751,2.7646663,0.26972353,1,CHEMBL407632;CHEMBL191334,50.0,False,Nutlin,1751
G01_B02_RT_432,3481,8.0,2.54641610175915e-24,4.07426576281464e-23,1.00574712643678,Nutlin_50_AB06,Nutlin,50,AB06,alveolar basal epithelial cells,A549,True,lung adenocarcinoma,cell_line,human,drug,1992,7.095662,1.4938236,1,CHEMBL407632;CHEMBL191334,50.0,False,Nutlin,1992
A03_A01_RT_617,5637,35.0,0.0,0.0,32.364247311828,Nutlin_10_AA03,Nutlin,10,AA03,alveolar basal epithelial cells,A549,True,lung adenocarcinoma,cell_line,human,drug,2900,4.4349833,1.3837148,1,CHEMBL407632;CHEMBL191334,10.0,False,Nutlin,2900
H11_B02_RT_514,3201,44.0,0.0,0.0,14.0871639202082,Nutlin_10_BB07,Nutlin,10,BB07,alveolar basal epithelial cells,A549,True,lung adenocarcinoma,cell_line,human,drug,1826,7.87254,1.9056544,1,CHEMBL407632;CHEMBL191334,10.0,False,Nutlin,1826
D10_A01_RT_622,9989,75.0,0.0,0.0,20.4227642276423,Nutlin_10_AA03,Nutlin,10,AA03,alveolar basal epithelial cells,A549,True,lung adenocarcinoma,cell_line,human,drug,4344,9.810792,1.5216738,1,CHEMBL407632;CHEMBL191334,10.0,False,Nutlin,4344
H06_A01_RT_484,3690,15.0,0.0,0.0,12.1781472684086,Nutlin_10_AA11,Nutlin,10,AA11,alveolar basal epithelial cells,A549,True,lung adenocarcinoma,cell_line,human,drug,1897,14.905149,1.1924119,1,CHEMBL407632;CHEMBL191334,10.0,False,Nutlin,1897
H09_A01_RT_519,4053,66.0,0.0,0.0,59.6660465116279,Nutlin_10_AA11,Nutlin,10,AA11,alveolar basal epithelial cells,A549,True,lung adenocarcinoma,cell_line,human,drug,2219,4.539847,1.4557118,1,CHEMBL407632;CHEMBL191334,10.0,False,Nutlin,2219
C09_B02_RT_695,4266,220.0,0.0,0.0,3.88072113872287,Nutlin_50_BA10,Nutlin,50,BA10,alveolar basal epithelial cells,A549,True,lung adenocarcinoma,cell_line,human,drug,2422,3.0942335,3.774027,1,CHEMBL407632;CHEMBL191334,50.0,False,Nutlin,2422
G08_A01_RT_716,1408,2.0,0.643583414122397,1.0,1.01478112563957,Nutlin_10_BA11,Nutlin,10,BA11,alveolar basal epithelial cells,A549,True,lung adenocarcinoma,cell_line,human,drug,996,6.6051135,0.35511363,1,CHEMBL407632;CHEMBL191334,10.0,False,Nutlin,996
A12_B02_RT_651,6137,180.0,0.0,0.0,61.3213213213213,Nutlin_10_BA11,Nutlin,10,BA11,alveolar basal epithelial cells,A549,True,lung adenocarcinoma,cell_line,human,drug,2799,10.428548,2.232361,1,CHEMBL407632;CHEMBL191334,10.0,False,Nutlin,2799
D03_B02_RT_657,5469,46.0,0.0,0.0,36.9733642154024,Nutlin_10_BA03,Nutlin,10,BA03,alveolar basal epithelial cells,A549,True,lung adenocarcinoma,cell_line,human,drug,2712,9.380142,2.6147375,1,CHEMBL407632;CHEMBL191334,10.0,False,Nutlin,2712
B11_B02_RT_617,1753,5.0,9.67263293741964e-13,3.7723268455936596e-11,1.01275510204082,Nutlin_50_AB06,Nutlin,50,AB06,alveolar basal epithelial cells,A549,True,lung adenocarcinoma,cell_line,human,drug,1124,10.382202,0.22818026,1,CHEMBL407632;CHEMBL191334,50.0,False,Nutlin,1124
H08_A01_RT_511,6004,102.0,0.0,0.0,62.9472716125077,Nutlin_10_AB07,Nutlin,10,AB07,alveolar basal epithelial cells,A549,True,lung adenocarcinoma,cell_line,human,drug,2875,12.841439,1.332445,1,CHEMBL407632;CHEMBL191334,10.0,False,Nutlin,2875
C06_A01_RT_711,1003,1.0,0.501970717220026,1.0,inf,Nutlin_50_AA10,Nutlin,50,AA10,alveolar basal epithelial cells,A549,True,lung adenocarcinoma,cell_line,human,drug,729,7.1784644,0.3988036,1,CHEMBL407632;CHEMBL191334,50.0,False,Nutlin,729
H05_B02_RT_480,6916,169.0,0.0,0.0,157.252187748608,Nutlin_10_AB07,Nutlin,10,AB07,alveolar basal epithelial cells,A549,True,lung adenocarcinoma,cell_line,human,drug,3188,7.8079815,1.7061886,1,CHEMBL407632;CHEMBL191334,10.0,False,Nutlin,3188
H11_A01_RT_602,5477,147.0,0.0,0.0,171.560975609756,Nutlin_10_AA03,Nutlin,10,AA03,alveolar basal epithelial cells,A549,True,lung adenocarcinoma,cell_line,human,drug,2512,17.016615,1.2232975,1,CHEMBL407632;CHEMBL191334,10.0,False,Nutlin,2512
D04_B02_RT_407,3225,10.0,3.2091218317993e-30,4.49277056451902e-29,6.11111111111111,Nutlin_10_BA03,Nutlin,10,BA03,alveolar basal epithelial cells,A549,True,lung adenocarcinoma,cell_line,human,drug,1770,10.697675,2.1085272,1,CHEMBL407632;CHEMBL191334,10.0,False,Nutlin,1770
D03_A01_RT_676,7402,63.0,0.0,0.0,64.6597510373444,Nutlin_10_AB07,Nutlin,10,AB07,alveolar basal epithelial cells,A549,True,lung adenocarcinoma,cell_line,human,drug,3246,7.079168,1.1888679,1,CHEMBL407632;CHEMBL191334,10.0,False,Nutlin,3246
D06_A01_RT_702,14478,95.0,0.0,0.0,3.21774193548387,Nutlin_50_BA10,Nutlin,50,BA10,alveolar basal epithelial cells,A549,True,lung adenocarcinoma,cell_line,human,drug,5275,6.237049,2.182622,1,CHEMBL407632;CHEMBL191334,50.0,False,Nutlin,5275
D02_B02_RT_754,2874,61.0,0.0,0.0,61.7444444444444,Nutlin_50_BA10,Nutlin,50,BA10,alveolar basal epithelial cells,A549,True,lung adenocarcinoma,cell_line,human,drug,1891,3.3402922,1.4613779,1,CHEMBL407632;CHEMBL191334,50.0,False,Nutlin,1891
D03_A01_RT_635,1068,7.0,2.86625103289423e-09,1.43312551644711e-08,3.16274509803922,Nutlin_100_AA01,Nutlin,100,AA01,alveolar basal epithelial cells,A549,True,lung adenocarcinoma,cell_line,human,drug,783,4.8689137,0.18726592,1,CHEMBL407632;CHEMBL191334,100.0,False,Nutlin,783
H03_B02_RT_404,1999,7.0,4.4714390521250694e-12,1.25200293459502e-10,4.06126914660832,Nutlin_10_BA03,Nutlin,10,BA03,alveolar basal epithelial cells,A549,True,lung adenocarcinoma,cell_line,human,drug,1333,3.951976,2.8014007,1,CHEMBL407632;CHEMBL191334,10.0,False,Nutlin,1333
A05_A01_RT_438,7855,38.0,0.0491072950108092,0.147321885032427,30.0,Nutlin_10_BA03,Nutlin,10,BA03,alveolar basal epithelial cells,A549,True,lung adenocarcinoma,cell_line,human,drug,3736,2.7371101,1.9732654,1,CHEMBL407632;CHEMBL191334,10.0,False,Nutlin,3736
H10_A01_RT_640,1004,30.0,4.6958266481833903e-88,4.69582664818339e-87,30.0304302203568,Nutlin_10_AA03,Nutlin,10,AA03,alveolar basal epithelial cells,A549,True,lung adenocarcinoma,cell_line,human,drug,667,17.629482,1.0956175,1,CHEMBL407632;CHEMBL191334,10.0,False,Nutlin,667
D03_A01_RT_400,6047,96.0,0.0,0.0,108.2,Nutlin_10_AA03,Nutlin,10,AA03,alveolar basal epithelial cells,A549,True,lung adenocarcinoma,cell_line,human,drug,2965,6.3502564,1.0914503,1,CHEMBL407632;CHEMBL191334,10.0,False,Nutlin,2965
G06_A01_RT_575,2121,19.0,1.59401532876773e-13,7.97007664383865e-12,1.01712869055668,Nutlin_50_AA02,Nutlin,50,AA02,alveolar basal epithelial cells,A549,True,lung adenocarcinoma,cell_line,human,drug,1379,4.6676097,0.330033,1,CHEMBL407632;CHEMBL191334,50.0,False,Nutlin,1379
D09_A01_RT_566,3548,9.0,0.85481899715818,1.0,6.40677966101695,Nutlin_10_BA03,Nutlin,10,BA03,alveolar basal epithelial cells,A549,True,lung adenocarcinoma,cell_line,human,drug,1903,12.655017,1.8038331,1,CHEMBL407632;CHEMBL191334,10.0,False,Nutlin,1903
D12_B02_RT_674,3992,71.0,0.0,0.0,61.6185688941455,Nutlin_10_AA11,Nutlin,10,AA11,alveolar basal epithelial cells,A549,True,lung adenocarcinoma,cell_line,human,drug,2158,6.563126,1.7284569,1,CHEMBL407632;CHEMBL191334,10.0,False,Nutlin,2158
H07_B02_RT_472,5929,17.0,4.8337920406791795e-288,1.8368409754580899e-286,2.67396477867682,Nutlin_10_BB07,Nutlin,10,BB07,alveolar basal epithelial cells,A549,True,lung adenocarcinoma,cell_line,human,drug,2695,8.568055,1.1637713,1,CHEMBL407632;CHEMBL191334,10.0,False,Nutlin,2695
B12_A01_RT_428,4682,107.0,0.0,0.0,104.403899721448,Nutlin_50_BA02,Nutlin,50,BA02,alveolar basal epithelial cells,A549,True,lung adenocarcinoma,cell_line,human,drug,2584,4.6347713,2.328065,1,CHEMBL407632;CHEMBL191334,50.0,False,Nutlin,2584
A11_B02_RT_697,4001,16.0,8.3471260008776e-05,0.001836367720193,5.81525076765609,Nutlin_10_BB07,Nutlin,10,BB07,alveolar basal epithelial cells,A549,True,lung adenocarcinoma,cell_line,human,drug,2060,12.546864,2.0994751,1,CHEMBL407632;CHEMBL191334,10.0,False,Nutlin,2060
F12_B02_RT_615,4255,61.0,0.0,0.0,57.4042792792793,Nutlin_10_AA03,Nutlin,10,AA03,alveolar basal epithelial cells,A549,True,lung adenocarcinoma,cell_line,human,drug,2322,2.7262044,1.386604,1,CHEMBL407632;CHEMBL191334,10.0,False,Nutlin,2322
H07_A01_RT_402,1416,15.0,2.1165359632850997e-223,5.2913399082127496e-222,9.03270348837209,Nutlin_10_AB07,Nutlin,10,AB07,alveolar basal epithelial cells,A549,True,lung adenocarcinoma,cell_line,human,drug,952,10.593221,0.63559324,1,CHEMBL407632;CHEMBL191334,10.0,False,Nutlin,952
F02_B02_RT_752,4760,77.0,0.0,0.0,1.11566412748446,Nutlin_10_AA11,Nutlin,10,AA11,alveolar basal epithelial cells,A549,True,lung adenocarcinoma,cell_line,human,drug,2627,6.071429,1.2815126,1,CHEMBL407632;CHEMBL191334,10.0,False,Nutlin,2627
A11_B02_RT_387,1203,2.0,1.0,1.0,inf,Nutlin_10_BA03,Nutlin,10,BA03,alveolar basal epithelial cells,A549,True,lung adenocarcinoma,cell_line,human,drug,847,4.9044056,0.58187866,1,CHEMBL407632;CHEMBL191334,10.0,False,Nutlin,847
E12_B02_RT_739,1778,455.0,0.0,0.0,267.205237840727,Nutlin_10_AA03,Nutlin,10,AA03,alveolar basal epithelial cells,A549,True,lung adenocarcinoma,cell_line,human,drug,1133,9.730034,1.2935883,1,CHEMBL407632;CHEMBL191334,10.0,False,Nutlin,1133
F06_A01_RT_726,12945,25.0,0.0,0.0,5.96642793196061,Nutlin_10_BB07,Nutlin,10,BB07,alveolar basal epithelial cells,A549,True,lung adenocarcinoma,cell_line,human,drug,4404,13.650058,1.6299729,1,CHEMBL407632;CHEMBL191334,10.0,False,Nutlin,4404
B01_B02_RT_437,1079,7.0,8.38832617557537e-05,0.0012582489263363,1.8427734375,Nutlin_10_AA11,Nutlin,10,AA11,alveolar basal epithelial cells,A549,True,lung adenocarcinoma,cell_line,human,drug,775,6.209453,0.46339202,1,CHEMBL407632;CHEMBL191334,10.0,False,Nutlin,775
F03_B02_RT_576,1225,31.0,0.0,0.0,25.3897142857143,Nutlin_10_AB07,Nutlin,10,AB07,alveolar basal epithelial cells,A549,True,lung adenocarcinoma,cell_line,human,drug,856,4.8163266,1.6326531,1,CHEMBL407632;CHEMBL191334,10.0,False,Nutlin,856
H02_B02_RT_506,9143,222.0,0.0,0.0,6.83547191331622,Nutlin_50_BA10,Nutlin,50,BA10,alveolar basal epithelial cells,A549,True,lung adenocarcinoma,cell_line,human,drug,3935,3.7733786,1.8812206,1,CHEMBL407632;CHEMBL191334,50.0,False,Nutlin,3935
F09_B02_RT_391,7314,43.0,0.0,0.0,45.0853293413174,Nutlin_10_BA03,Nutlin,10,BA03,alveolar basal epithelial cells,A549,True,lung adenocarcinoma,cell_line,human,drug,3350,7.916325,2.8301888,1,CHEMBL407632;CHEMBL191334,10.0,False,Nutlin,3350
A04_A01_RT_486,3676,5.0,3.1386429910602e-23,5.96342168301438e-22,1.98310810810811,Nutlin_10_BB07,Nutlin,10,BB07,alveolar basal epithelial cells,A549,True,lung adenocarcinoma,cell_line,human,drug,1938,14.771491,1.7410228,1,CHEMBL407632;CHEMBL191334,10.0,False,Nutlin,1938
H03_A01_RT_696,11284,523.0,0.0,0.0,2.20417670048557,Nutlin_50_BA02,Nutlin,50,BA02,alveolar basal epithelial cells,A549,True,lung adenocarcinoma,cell_line,human,drug,4353,8.312655,1.5154201,1,CHEMBL407632;CHEMBL191334,50.0,False,Nutlin,4353
D08_A01_RT_443,4057,73.0,0.0,0.0,72.8605769230769,Nutlin_10_AA03,Nutlin,10,AA03,alveolar basal epithelial cells,A549,True,lung adenocarcinoma,cell_line,human,drug,2205,9.71161,1.5282228,1,CHEMBL407632;CHEMBL191334,10.0,False,Nutlin,2205
E01_A01_RT_535,5318,57.0,0.0,0.0,49.7170418006431,Nutlin_10_AA03,Nutlin,10,AA03,alveolar basal epithelial cells,A549,True,lung adenocarcinoma,cell_line,human,drug,2657,8.160963,1.1470478,1,CHEMBL407632;CHEMBL191334,10.0,False,Nutlin,2657
H11_B02_RT_625,5072,128.0,0.0,0.0,181.000964320154,Nutlin_10_AA03,Nutlin,10,AA03,alveolar basal epithelial cells,A549,True,lung adenocarcinoma,cell_line,human,drug,2478,5.599369,1.5772871,1,CHEMBL407632;CHEMBL191334,10.0,False,Nutlin,2478
A12_A01_RT_563,2494,60.0,0.0,0.0,65.089715536105,Nutlin_10_AA03,Nutlin,10,AA03,alveolar basal epithelial cells,A549,True,lung adenocarcinoma,cell_line,human,drug,1604,3.4482758,1.4033681,1,CHEMBL407632;CHEMBL191334,10.0,False,Nutlin,1604
C11_B02_RT_700,7300,202.0,0.0,0.0,2.86210418794688,Nutlin_10_AB07,Nutlin,10,AB07,alveolar basal epithelial cells,A549,True,lung adenocarcinoma,cell_line,human,drug,3471,2.8356164,2.890411,1,CHEMBL407632;CHEMBL191334,10.0,False,Nutlin,3471
G11_A01_RT_629,1485,8.0,0.999445656488632,1.0,1.00318598168061,Nutlin_50_AA10,Nutlin,50,AA10,alveolar basal epithelial cells,A549,True,lung adenocarcinoma,cell_line,human,drug,983,4.107744,0.4040404,1,CHEMBL407632;CHEMBL191334,50.0,False,Nutlin,983
C09_A01_RT_499,9899,640.0,0.0,0.0,622.869328493648,Nutlin_50_AA10,Nutlin,50,AA10,alveolar basal epithelial cells,A549,True,lung adenocarcinoma,cell_line,human,drug,4260,4.3943834,1.6870391,1,CHEMBL407632;CHEMBL191334,50.0,False,Nutlin,4260
F11_A01_RT_492,11272,101.0,0.0,0.0,49.4945604234049,Nutlin_10_AA11,Nutlin,10,AA11,alveolar basal epithelial cells,A549,True,lung adenocarcinoma,cell_line,human,drug,4457,3.9478354,1.4283179,1,CHEMBL407632;CHEMBL191334,10.0,False,Nutlin,4457
G10_A01_RT_518,8327,272.0,0.0,0.0,1.66007894647035,Nutlin_10_AA11,Nutlin,10,AA11,alveolar basal epithelial cells,A549,True,lung adenocarcinoma,cell_line,human,drug,3653,12.573556,2.257716,1,CHEMBL407632;CHEMBL191334,10.0,False,Nutlin,3653
B03_B02_RT_634,12008,143.0,0.0,0.0,6.50712894429295,Nutlin_10_BA11,Nutlin,10,BA11,alveolar basal epithelial cells,A549,True,lung adenocarcinoma,cell_line,human,drug,4722,5.9960027,2.4150567,1,CHEMBL407632;CHEMBL191334,10.0,False,Nutlin,4722
H04_B02_RT_686,9544,72.0,0.0,0.0,3.1757779646762,Nutlin_10_AA11,Nutlin,10,AA11,alveolar basal epithelial cells,A549,True,lung adenocarcinoma,cell_line,human,drug,4183,4.191115,1.7078793,1,CHEMBL407632;CHEMBL191334,10.0,False,Nutlin,4183
F12_B02_RT_753,6428,182.0,0.0,0.0,9.62564991334489,Nutlin_10_AA03,Nutlin,10,AA03,alveolar basal epithelial cells,A549,True,lung adenocarcinoma,cell_line,human,drug,3089,7.9340386,1.789048,1,CHEMBL407632;CHEMBL191334,10.0,False,Nutlin,3089
E10_B02_RT_446,3089,11.0,8.92658579690746e-34,1.42825372750519e-32,1.94984802431611,Nutlin_50_BA10,Nutlin,50,BA10,alveolar basal epithelial cells,A549,True,lung adenocarcinoma,cell_line,human,drug,1820,4.6617026,1.0683069,1,CHEMBL407632;CHEMBL191334,50.0,False,Nutlin,1820
D01_B02_RT_490,5937,127.0,0.0,0.0,136.31843575419,Nutlin_10_BA11,Nutlin,10,BA11,alveolar basal epithelial cells,A549,True,lung adenocarcinoma,cell_line,human,drug,2720,13.205322,1.8864746,1,CHEMBL407632;CHEMBL191334,10.0,False,Nutlin,2720
H02_B02_RT_511,6085,23.0,0.0,0.0,18.5006402048656,Nutlin_10_BA03,Nutlin,10,BA03,alveolar basal epithelial cells,A549,True,lung adenocarcinoma,cell_line,human,drug,2855,10.566968,1.2982744,1,CHEMBL407632;CHEMBL191334,10.0,False,Nutlin,2855
G08_A01_RT_707,29997,629.0,0.0,0.0,5.17999336140179,Nutlin_10_AA03,Nutlin,10,AA03,alveolar basal epithelial cells,A549,True,lung adenocarcinoma,cell_line,human,drug,7253,5.4338765,1.3868053,1,CHEMBL407632;CHEMBL191334,10.0,False,Nutlin,7253
B07_B02_RT_602,11448,320.0,0.0,0.0,308.081260364842,Nutlin_10_AA03,Nutlin,10,AA03,alveolar basal epithelial cells,A549,True,lung adenocarcinoma,cell_line,human,drug,4441,7.6257863,1.8256464,1,CHEMBL407632;CHEMBL191334,10.0,False,Nutlin,4441
D12_A01_RT_747,2309,13.0,0.0,0.0,12.195652173913,Nutlin_10_AB07,Nutlin,10,AB07,alveolar basal epithelial cells,A549,True,lung adenocarcinoma,cell_line,human,drug,1375,9.008228,1.3858813,1,CHEMBL407632;CHEMBL191334,10.0,False,Nutlin,1375
H05_A01_RT_631,2118,1.0,0.999999999963974,1.0,inf,Nutlin_10_AA11,Nutlin,10,AA11,alveolar basal epithelial cells,A549,True,lung adenocarcinoma,cell_line,human,drug,1197,9.490085,0.1888574,1,CHEMBL407632;CHEMBL191334,10.0,False,Nutlin,1197
F10_A01_RT_432,6095,64.0,0.0,0.0,48.4036751630113,Nutlin_10_AB07,Nutlin,10,AB07,alveolar basal epithelial cells,A549,True,lung adenocarcinoma,cell_line,human,drug,3028,7.940935,1.8539786,1,CHEMBL407632;CHEMBL191334,10.0,False,Nutlin,3028
D04_A01_RT_621,7528,93.0,0.0,0.0,1.39423417049876,Nutlin_10_BA11,Nutlin,10,BA11,alveolar basal epithelial cells,A549,True,lung adenocarcinoma,cell_line,human,drug,3593,4.4367695,1.8597237,1,CHEMBL407632;CHEMBL191334,10.0,False,Nutlin,3593
A12_B02_RT_465,11018,26.0,0.045464332097368,1.0,19.7057142857143,Nutlin_10_BA03,Nutlin,10,BA03,alveolar basal epithelial cells,A549,True,lung adenocarcinoma,cell_line,human,drug,3854,18.914503,1.896896,1,CHEMBL407632;CHEMBL191334,10.0,False,Nutlin,3854
G06_B02_RT_735,5422,97.0,0.0,0.0,117.734589041096,Nutlin_10_BA11,Nutlin,10,BA11,alveolar basal epithelial cells,A549,True,lung adenocarcinoma,cell_line,human,drug,2450,15.344892,1.6230173,1,CHEMBL407632;CHEMBL191334,10.0,False,Nutlin,2450
B10_B02_RT_484,1099,6.0,0.999999996898945,1.0,1.97321428571429,Nutlin_10_AA11,Nutlin,10,AA11,alveolar basal epithelial cells,A549,True,lung adenocarcinoma,cell_line,human,drug,801,5.186533,0.5459509,1,CHEMBL407632;CHEMBL191334,10.0,False,Nutlin,801
E11_A01_RT_384,5659,93.0,0.0,0.0,2.98151882831355,Nutlin_50_BA10,Nutlin,50,BA10,alveolar basal epithelial cells,A549,True,lung adenocarcinoma,cell_line,human,drug,2796,11.433115,1.555045,1,CHEMBL407632;CHEMBL191334,50.0,False,Nutlin,2796
A08_A01_RT_755,1418,139.0,0.0,0.0,82.0496083550914,Nutlin_10_AA11,Nutlin,10,AA11,alveolar basal epithelial cells,A549,True,lung adenocarcinoma,cell_line,human,drug,989,4.8660083,1.480959,1,CHEMBL407632;CHEMBL191334,10.0,False,Nutlin,989
B06_A01_RT_476,6430,27.0,0.0,0.0,25.7138914443422,Nutlin_10_BA03,Nutlin,10,BA03,alveolar basal epithelial cells,A549,True,lung adenocarcinoma,cell_line,human,drug,3058,7.9004664,2.5349922,1,CHEMBL407632;CHEMBL191334,10.0,False,Nutlin,3058
D11_B02_RT_498,10684,178.0,0.0,0.0,3.26731069059338,Nutlin_50_AB06,Nutlin,50,AB06,alveolar basal epithelial cells,A549,True,lung adenocarcinoma,cell_line,human,drug,4671,4.0340695,2.7892175,1,CHEMBL407632;CHEMBL191334,50.0,False,Nutlin,4671
D02_B02_RT_526,4667,1233.0,0.0,0.0,18.8406248619029,Nutlin_100_BA01,Nutlin,100,BA01,alveolar basal epithelial cells,A549,True,lung adenocarcinoma,cell_line,human,drug,2483,9.535033,1.6070281,1,CHEMBL407632;CHEMBL191334,100.0,False,Nutlin,2483
G09_A01_RT_722,1065,204.0,0.0,0.0,105.934669338677,Nutlin_50_AB06,Nutlin,50,AB06,alveolar basal epithelial cells,A549,True,lung adenocarcinoma,cell_line,human,drug,780,7.3239436,1.7840376,1,CHEMBL407632;CHEMBL191334,50.0,False,Nutlin,780
G09_B02_RT_721,8947,158.0,0.0,0.0,3.92484138604197,Nutlin_10_AB07,Nutlin,10,AB07,alveolar basal epithelial cells,A549,True,lung adenocarcinoma,cell_line,human,drug,3874,6.2479043,1.9783168,1,CHEMBL407632;CHEMBL191334,10.0,False,Nutlin,3874
F03_A01_RT_543,6278,107.0,0.0,0.0,118.584084084084,Nutlin_10_AA03,Nutlin,10,AA03,alveolar basal epithelial cells,A549,True,lung adenocarcinoma,cell_line,human,drug,2934,9.063396,1.3857917,1,CHEMBL407632;CHEMBL191334,10.0,False,Nutlin,2934
E08_B02_RT_460,7435,89.0,0.0,0.0,4.27536459150071,Nutlin_10_AA11,Nutlin,10,AA11,alveolar basal epithelial cells,A549,True,lung adenocarcinoma,cell_line,human,drug,3251,9.213181,1.5198386,1,CHEMBL407632;CHEMBL191334,10.0,False,Nutlin,3251
A08_B02_RT_691,5872,106.0,0.0,0.0,8.1522091974752,Nutlin_10_AB07,Nutlin,10,AB07,alveolar basal epithelial cells,A549,True,lung adenocarcinoma,cell_line,human,drug,2767,11.648501,1.226158,1,CHEMBL407632;CHEMBL191334,10.0,False,Nutlin,2767
B07_B02_RT_433,1411,1.0,0.999197826488233,1.0,inf,Nutlin_10_AA03,Nutlin,10,AA03,alveolar basal epithelial cells,A549,True,lung adenocarcinoma,cell_line,human,drug,994,1.9135365,0.42523032,1,CHEMBL407632;CHEMBL191334,10.0,False,Nutlin,994
F12_B02_RT_558,8411,103.0,0.0,0.0,106.957446808511,Nutlin_10_AB07,Nutlin,10,AB07,alveolar basal epithelial cells,A549,True,lung adenocarcinoma,cell_line,human,drug,3710,9.42813,2.7939603,1,CHEMBL407632;CHEMBL191334,10.0,False,Nutlin,3710
G03_B02_RT_710,3510,6.0,3.00699854032924e-10,1.23286940153499e-08,1.8894472361809,Nutlin_10_AA03,Nutlin,10,AA03,alveolar basal epithelial cells,A549,True,lung adenocarcinoma,cell_line,human,drug,1916,7.5498576,0.34188035,1,CHEMBL407632;CHEMBL191334,10.0,False,Nutlin,1916
D03_B02_RT_640,4169,109.0,0.0,0.0,101.747539085119,Nutlin_10_AA03,Nutlin,10,AA03,alveolar basal epithelial cells,A549,True,lung adenocarcinoma,cell_line,human,drug,2245,7.3878627,1.942912,1,CHEMBL407632;CHEMBL191334,10.0,False,Nutlin,2245
G06_B02_RT_517,24496,519.0,0.0,0.0,2.25058053799346,Nutlin_50_BA02,Nutlin,50,BA02,alveolar basal epithelial cells,A549,True,lung adenocarcinoma,cell_line,human,drug,7022,3.24951,2.918844,1,CHEMBL407632;CHEMBL191334,50.0,False,Nutlin,7022
F01_B02_RT_630,6007,81.0,0.0,0.0,4.3947917611832,Nutlin_10_AA11,Nutlin,10,AA11,alveolar basal epithelial cells,A549,True,lung adenocarcinoma,cell_line,human,drug,2875,8.839687,1.3151324,1,CHEMBL407632;CHEMBL191334,10.0,False,Nutlin,2875
A01_B02_RT_599,10299,198.0,0.0,0.0,5.72720994475138,Nutlin_10_BA11,Nutlin,10,BA11,alveolar basal epithelial cells,A549,True,lung adenocarcinoma,cell_line,human,drug,4260,4.505292,2.7187107,1,CHEMBL407632;CHEMBL191334,10.0,False,Nutlin,4260
A08_B02_RT_741,5452,95.0,0.0,0.0,99.0571992110454,Nutlin_10_AA11,Nutlin,10,AA11,alveolar basal epithelial cells,A549,True,lung adenocarcinoma,cell_line,human,drug,2696,7.648569,1.889215,1,CHEMBL407632;CHEMBL191334,10.0,False,Nutlin,2696
A01_B02_RT_636,8406,174.0,0.0,0.0,3.75248212867355,Nutlin_10_AA11,Nutlin,10,AA11,alveolar basal epithelial cells,A549,True,lung adenocarcinoma,cell_line,human,drug,3653,6.2574353,1.5346181,1,CHEMBL407632;CHEMBL191334,10.0,False,Nutlin,3653
D04_B02_RT_464,4525,77.0,0.0,0.0,69.93,Nutlin_10_AA11,Nutlin,10,AA11,alveolar basal epithelial cells,A549,True,lung adenocarcinoma,cell_line,human,drug,2285,10.187845,1.1049724,1,CHEMBL407632;CHEMBL191334,10.0,False,Nutlin,2285
A10_A01_RT_751,1783,52.0,0.0,0.0,54.4921465968586,Nutlin_50_BB06,Nutlin,50,BB06,alveolar basal epithelial cells,A549,True,lung adenocarcinoma,cell_line,human,drug,1246,5.6646104,3.0846887,1,CHEMBL407632;CHEMBL191334,50.0,False,Nutlin,1246
B11_A01_RT_405,16470,135.0,0.0,0.0,2.49921875,Nutlin_10_BA11,Nutlin,10,BA11,alveolar basal epithelial cells,A549,True,lung adenocarcinoma,cell_line,human,drug,5555,11.147541,2.3497267,1,CHEMBL407632;CHEMBL191334,10.0,False,Nutlin,5555
C09_B02_RT_385,8280,186.0,0.0,0.0,1.10490129479816,Nutlin_10_AA03,Nutlin,10,AA03,alveolar basal epithelial cells,A549,True,lung adenocarcinoma,cell_line,human,drug,3665,5.3140097,1.7874396,1,CHEMBL407632;CHEMBL191334,10.0,False,Nutlin,3665
D12_A01_RT_550,2362,33.0,0.0,0.0,33.7698961937716,Nutlin_10_AA11,Nutlin,10,AA11,alveolar basal epithelial cells,A549,True,lung adenocarcinoma,cell_line,human,drug,1492,7.4936495,2.201524,1,CHEMBL407632;CHEMBL191334,10.0,False,Nutlin,1492
D08_A01_RT_632,1439,11.0,3.39125882680609e-278,5.08688824020913e-277,3.47183766356913,Nutlin_10_BA03,Nutlin,10,BA03,alveolar basal epithelial cells,A549,True,lung adenocarcinoma,cell_line,human,drug,912,14.315496,1.3203614,1,CHEMBL407632;CHEMBL191334,10.0,False,Nutlin,912
G04_B02_RT_516,1184,3.0,0.687462735368686,1.0,1.01519756838906,Nutlin_10_AA03,Nutlin,10,AA03,alveolar basal epithelial cells,A549,True,lung adenocarcinoma,cell_line,human,drug,836,4.6452703,0.4222973,1,CHEMBL407632;CHEMBL191334,10.0,False,Nutlin,836
C09_A01_RT_710,1665,9.0,0.999990765787458,1.0,1.05152671755725,Nutlin_100_BB05,Nutlin,100,BB05,alveolar basal epithelial cells,A549,True,lung adenocarcinoma,cell_line,human,drug,1113,6.1261263,0.24024025,1,CHEMBL407632;CHEMBL191334,100.0,False,Nutlin,1113
A04_A01_RT_550,14124,91.0,0.0,0.0,86.3851351351351,Nutlin_10_BA11,Nutlin,10,BA11,alveolar basal epithelial cells,A549,True,lung adenocarcinoma,cell_line,human,drug,4704,14.811668,2.7754178,1,CHEMBL407632;CHEMBL191334,10.0,False,Nutlin,4704
E03_B02_RT_429,13872,91.0,0.0,0.0,15.8126491646778,Nutlin_10_BA11,Nutlin,10,BA11,alveolar basal epithelial cells,A549,True,lung adenocarcinoma,cell_line,human,drug,5080,5.485871,1.5570934,1,CHEMBL407632;CHEMBL191334,10.0,False,Nutlin,5080
G09_A01_RT_528,1068,11.0,0.236480288555303,1.0,1.39294710327456,Nutlin_50_BA10,Nutlin,50,BA10,alveolar basal epithelial cells,A549,True,lung adenocarcinoma,cell_line,human,drug,783,3.6516855,0.28089887,1,CHEMBL407632;CHEMBL191334,50.0,False,Nutlin,783
E04_A01_RT_672,4201,54.0,0.0,0.0,50.8761467889908,Nutlin_10_BA11,Nutlin,10,BA11,alveolar basal epithelial cells,A549,True,lung adenocarcinoma,cell_line,human,drug,2124,12.687455,2.0709355,1,CHEMBL407632;CHEMBL191334,10.0,False,Nutlin,2124
A09_B02_RT_697,7227,59.0,0.0,0.0,48.4684684684685,Nutlin_10_AA11,Nutlin,10,AA11,alveolar basal epithelial cells,A549,True,lung adenocarcinoma,cell_line,human,drug,3174,14.874775,1.7572991,1,CHEMBL407632;CHEMBL191334,10.0,False,Nutlin,3174
G05_A01_RT_391,8533,367.0,0.0,0.0,334.575507614213,Nutlin_10_AA03,Nutlin,10,AA03,alveolar basal epithelial cells,A549,True,lung adenocarcinoma,cell_line,human,drug,3560,5.578343,1.7110044,1,CHEMBL407632;CHEMBL191334,10.0,False,Nutlin,3560
A04_B02_RT_536,2561,77.0,0.0,0.0,162.870588235294,Nutlin_10_AA11,Nutlin,10,AA11,alveolar basal epithelial cells,A549,True,lung adenocarcinoma,cell_line,human,drug,1634,1.6399844,1.7961733,1,CHEMBL407632;CHEMBL191334,10.0,False,Nutlin,1634
E10_B02_RT_742,6154,322.0,0.0,0.0,36.5083655083655,Nutlin_50_BA02,Nutlin,50,BA02,alveolar basal epithelial cells,A549,True,lung adenocarcinoma,cell_line,human,drug,3099,2.193695,2.6161847,1,CHEMBL407632;CHEMBL191334,50.0,False,Nutlin,3099
C03_A01_RT_648,8881,130.0,0.0,0.0,123.450980392157,Nutlin_10_AA03,Nutlin,10,AA03,alveolar basal epithelial cells,A549,True,lung adenocarcinoma,cell_line,human,drug,3346,18.99561,1.4637991,1,CHEMBL407632;CHEMBL191334,10.0,False,Nutlin,3346
E04_B02_RT_447,5342,78.0,0.0,0.0,80.9575971731449,Nutlin_10_AB07,Nutlin,10,AB07,alveolar basal epithelial cells,A549,True,lung adenocarcinoma,cell_line,human,drug,2629,5.728192,1.5724448,1,CHEMBL407632;CHEMBL191334,10.0,False,Nutlin,2629
E02_B02_RT_686,2255,49.0,0.0,0.0,49.3512014787431,Nutlin_10_AA11,Nutlin,10,AA11,alveolar basal epithelial cells,A549,True,lung adenocarcinoma,cell_line,human,drug,1429,5.099778,1.9068736,1,CHEMBL407632;CHEMBL191334,10.0,False,Nutlin,1429
H11_A01_RT_493,6182,119.0,0.0,0.0,2.57880193427415,Nutlin_10_AA11,Nutlin,10,AA11,alveolar basal epithelial cells,A549,True,lung adenocarcinoma,cell_line,human,drug,2995,8.508574,2.2808154,1,CHEMBL407632;CHEMBL191334,10.0,False,Nutlin,2995
D02_A01_RT_759,1649,8.0,5.92995131266162e-84,1.54178734129202e-82,7.09968847352025,Nutlin_10_BB07,Nutlin,10,BB07,alveolar basal epithelial cells,A549,True,lung adenocarcinoma,cell_line,human,drug,1062,8.732565,2.5469983,1,CHEMBL407632;CHEMBL191334,10.0,False,Nutlin,1062
E05_A01_RT_491,11534,175.0,0.0,0.0,92.0420527441197,Nutlin_50_BB06,Nutlin,50,BB06,alveolar basal epithelial cells,A549,True,lung adenocarcinoma,cell_line,human,drug,4692,3.216577,2.6703658,1,CHEMBL407632;CHEMBL191334,50.0,False,Nutlin,4692
F10_A01_RT_750,3140,94.0,0.0,0.0,2.55533460380589,Nutlin_100_BB05,Nutlin,100,BB05,alveolar basal epithelial cells,A549,True,lung adenocarcinoma,cell_line,human,drug,1777,9.681529,1.8152866,1,CHEMBL407632;CHEMBL191334,100.0,False,Nutlin,1777
G02_A01_RT_517,1258,10.0,1.7258694352675702e-09,8.28417328928435e-08,1.89146164978292,Nutlin_10_AA03,Nutlin,10,AA03,alveolar basal epithelial cells,A549,True,lung adenocarcinoma,cell_line,human,drug,902,4.9284577,0.63593006,1,CHEMBL407632;CHEMBL191334,10.0,False,Nutlin,902
F09_B02_RT_435,2598,69.0,0.0,0.0,80.7775974025974,Nutlin_10_AA03,Nutlin,10,AA03,alveolar basal epithelial cells,A549,True,lung adenocarcinoma,cell_line,human,drug,1702,1.9245573,2.3094687,1,CHEMBL407632;CHEMBL191334,10.0,False,Nutlin,1702
H07_B02_RT_433,12341,166.0,0.0,0.0,1.9517519310422,Nutlin_10_AA11,Nutlin,10,AA11,alveolar basal epithelial cells,A549,True,lung adenocarcinoma,cell_line,human,drug,4520,10.533993,1.4099344,1,CHEMBL407632;CHEMBL191334,10.0,False,Nutlin,4520
F04_B02_RT_403,3920,90.0,0.0,0.0,110.09841827768,Nutlin_10_AA11,Nutlin,10,AA11,alveolar basal epithelial cells,A549,True,lung adenocarcinoma,cell_line,human,drug,2228,2.9336734,2.3979592,1,CHEMBL407632;CHEMBL191334,10.0,False,Nutlin,2228
F01_A01_RT_472,6373,163.0,0.0,0.0,1.0801292861158,Nutlin_10_AA11,Nutlin,10,AA11,alveolar basal epithelial cells,A549,True,lung adenocarcinoma,cell_line,human,drug,3098,9.791307,1.8201789,1,CHEMBL407632;CHEMBL191334,10.0,False,Nutlin,3098
E02_A01_RT_618,7001,92.0,0.0,0.0,97.3788300835655,Nutlin_50_BB06,Nutlin,50,BB06,alveolar basal epithelial cells,A549,True,lung adenocarcinoma,cell_line,human,drug,3415,3.9708612,2.8567348,1,CHEMBL407632;CHEMBL191334,50.0,False,Nutlin,3415
G11_A01_RT_592,4324,113.0,0.0,0.0,118.372648003671,Nutlin_10_AA03,Nutlin,10,AA03,alveolar basal epithelial cells,A549,True,lung adenocarcinoma,cell_line,human,drug,2282,5.6891766,2.104533,1,CHEMBL407632;CHEMBL191334,10.0,False,Nutlin,2282
H05_A01_RT_676,4801,59.0,0.0,0.0,51.8268525311812,Nutlin_10_AA03,Nutlin,10,AA03,alveolar basal epithelial cells,A549,True,lung adenocarcinoma,cell_line,human,drug,2504,1.6871485,0.8748177,1,CHEMBL407632;CHEMBL191334,10.0,False,Nutlin,2504
G10_A01_RT_702,1053,15.0,5.79381962794463e-32,1.5643312995450499e-30,1.68944099378882,Nutlin_50_AB06,Nutlin,50,AB06,alveolar basal epithelial cells,A549,True,lung adenocarcinoma,cell_line,human,drug,751,4.6533713,0.7597341,1,CHEMBL407632;CHEMBL191334,50.0,False,Nutlin,751
C11_A01_RT_711,1733,5.0,0.0085586373382223,0.128379560073335,1.99094202898551,Nutlin_50_AB06,Nutlin,50,AB06,alveolar basal epithelial cells,A549,True,lung adenocarcinoma,cell_line,human,drug,1137,7.155222,0.34622043,1,CHEMBL407632;CHEMBL191334,50.0,False,Nutlin,1137
C09_B02_RT_724,10384,267.0,0.0,0.0,3.44402263024949,Nutlin_50_BB06,Nutlin,50,BB06,alveolar basal epithelial cells,A549,True,lung adenocarcinoma,cell_line,human,drug,4301,7.261171,2.1282742,1,CHEMBL407632;CHEMBL191334,50.0,False,Nutlin,4301
B12_B02_RT_672,5251,12.0,2.7905376897512798e-49,5.30202161052744e-48,8.07891491985203,Nutlin_10_BB07,Nutlin,10,BB07,alveolar basal epithelial cells,A549,True,lung adenocarcinoma,cell_line,human,drug,2348,18.777376,1.1997715,1,CHEMBL407632;CHEMBL191334,10.0,False,Nutlin,2348
H03_A01_RT_551,9987,211.0,0.0,0.0,237.239755884917,Nutlin_50_BB06,Nutlin,50,BB06,alveolar basal epithelial cells,A549,True,lung adenocarcinoma,cell_line,human,drug,4063,5.2267947,2.0026033,1,CHEMBL407632;CHEMBL191334,50.0,False,Nutlin,4063
A12_B02_RT_560,9396,246.0,0.0,0.0,223.272727272727,Nutlin_50_BB06,Nutlin,50,BB06,alveolar basal epithelial cells,A549,True,lung adenocarcinoma,cell_line,human,drug,3909,4.672201,2.3520646,1,CHEMBL407632;CHEMBL191334,50.0,False,Nutlin,3909
C05_B02_RT_567,4069,153.0,0.0,0.0,162.769230769231,Nutlin_10_AB07,Nutlin,10,AB07,alveolar basal epithelial cells,A549,True,lung adenocarcinoma,cell_line,human,drug,2330,1.0076185,2.359302,1,CHEMBL407632;CHEMBL191334,10.0,False,Nutlin,2330
F01_A01_RT_470,6285,7.0,5.1842830682981005e-55,3.62899814780867e-54,1.00846688841851,Nutlin_50_AB06,Nutlin,50,AB06,alveolar basal epithelial cells,A549,True,lung adenocarcinoma,cell_line,human,drug,3316,3.2458234,1.7820207,1,CHEMBL407632;CHEMBL191334,50.0,False,Nutlin,3316
G03_A01_RT_403,20430,461.0,0.0,0.0,4.86287812602381,Nutlin_50_AB06,Nutlin,50,AB06,alveolar basal epithelial cells,A549,True,lung adenocarcinoma,cell_line,human,drug,6427,2.7802253,2.4424865,1,CHEMBL407632;CHEMBL191334,50.0,False,Nutlin,6427
B01_A01_RT_563,4785,23.0,0.0,0.0,20.816,Nutlin_10_AA11,Nutlin,10,AA11,alveolar basal epithelial cells,A549,True,lung adenocarcinoma,cell_line,human,drug,2426,8.4221525,1.630094,1,CHEMBL407632;CHEMBL191334,10.0,False,Nutlin,2426
G04_A01_RT_428,1752,15.0,0.000199586414239,0.0063867652556486,1.03484320557491,Nutlin_50_AB06,Nutlin,50,AB06,alveolar basal epithelial cells,A549,True,lung adenocarcinoma,cell_line,human,drug,1143,4.680365,0.6278539,1,CHEMBL407632;CHEMBL191334,50.0,False,Nutlin,1143
B10_B02_RT_676,1375,7.0,0.0354082917067551,0.849799000962121,1.00758396533044,Nutlin_50_AA02,Nutlin,50,AA02,alveolar basal epithelial cells,A549,True,lung adenocarcinoma,cell_line,human,drug,877,1.8909091,0.43636364,1,CHEMBL407632;CHEMBL191334,50.0,False,Nutlin,877
F05_A01_RT_603,5922,116.0,0.0,0.0,89.7758007117438,Nutlin_10_AA03,Nutlin,10,AA03,alveolar basal epithelial cells,A549,True,lung adenocarcinoma,cell_line,human,drug,3055,2.4991558,2.600473,1,CHEMBL407632;CHEMBL191334,10.0,False,Nutlin,3055
E11_A01_RT_697,7674,29.0,0.0,0.0,1.75452696814176,Nutlin_10_BA03,Nutlin,10,BA03,alveolar basal epithelial cells,A549,True,lung adenocarcinoma,cell_line,human,drug,3427,8.561376,2.3455825,1,CHEMBL407632;CHEMBL191334,10.0,False,Nutlin,3427
C03_B02_RT_502,1365,3.0,0.0119355916088614,0.179033874132921,1.00845070422535,Nutlin_50_BA10,Nutlin,50,BA10,alveolar basal epithelial cells,A549,True,lung adenocarcinoma,cell_line,human,drug,945,5.1282053,0.2930403,1,CHEMBL407632;CHEMBL191334,50.0,False,Nutlin,945
D01_B02_RT_470,2654,8.0,7.97584793220703e-53,1.67492806576348e-51,1.00788954635108,Nutlin_100_AB05,Nutlin,100,AB05,alveolar basal epithelial cells,A549,True,lung adenocarcinoma,cell_line,human,drug,1562,9.231349,0.8666164,1,CHEMBL407632;CHEMBL191334,100.0,False,Nutlin,1562
D02_B02_RT_665,3244,10.0,0.99999999999717,1.0,10.9656786271451,Nutlin_10_BA03,Nutlin,10,BA03,alveolar basal epithelial cells,A549,True,lung adenocarcinoma,cell_line,human,drug,1737,16.738594,1.75709,1,CHEMBL407632;CHEMBL191334,10.0,False,Nutlin,1737
G10_A01_RT_384,4399,27.0,0.0,0.0,8.34633027522936,Nutlin_10_BA03,Nutlin,10,BA03,alveolar basal epithelial cells,A549,True,lung adenocarcinoma,cell_line,human,drug,2234,14.116845,1.9549898,1,CHEMBL407632;CHEMBL191334,10.0,False,Nutlin,2234
D03_B02_RT_390,7463,157.0,0.999927796764076,1.0,49.9,Nutlin_50_BA10,Nutlin,50,BA10,alveolar basal epithelial cells,A549,True,lung adenocarcinoma,cell_line,human,drug,3549,5.9359508,1.9563178,1,CHEMBL407632;CHEMBL191334,50.0,False,Nutlin,3549
D07_A01_RT_514,11910,55.0,1.00785201997173e-289,3.93062287788973e-288,3.18587863749154,Nutlin_10_AA11,Nutlin,10,AA11,alveolar basal epithelial cells,A549,True,lung adenocarcinoma,cell_line,human,drug,4757,5.608732,1.5869018,1,CHEMBL407632;CHEMBL191334,10.0,False,Nutlin,4757
H12_B02_RT_678,6784,215.0,0.0,0.0,3.73607327111472,Nutlin_10_AA11,Nutlin,10,AA11,alveolar basal epithelial cells,A549,True,lung adenocarcinoma,cell_line,human,drug,2976,14.84375,1.7836084,1,CHEMBL407632;CHEMBL191334,10.0,False,Nutlin,2976
F07_A01_RT_698,4936,66.0,0.0,0.0,65.7601957585644,Nutlin_10_AA11,Nutlin,10,AA11,alveolar basal epithelial cells,A549,True,lung adenocarcinoma,cell_line,human,drug,2528,6.3614264,2.0461912,1,CHEMBL407632;CHEMBL191334,10.0,False,Nutlin,2528
E04_A01_RT_738,3958,15.0,5.50655587114784e-287,1.6519667613443499e-285,11.3206650831354,Nutlin_10_BB07,Nutlin,10,BB07,alveolar basal epithelial cells,A549,True,lung adenocarcinoma,cell_line,human,drug,2081,7.150076,2.0212228,1,CHEMBL407632;CHEMBL191334,10.0,False,Nutlin,2081
C06_B02_RT_406,7803,150.0,0.0,0.0,20.313200498132,Nutlin_10_AB07,Nutlin,10,AB07,alveolar basal epithelial cells,A549,True,lung adenocarcinoma,cell_line,human,drug,3362,10.636934,1.7557349,1,CHEMBL407632;CHEMBL191334,10.0,False,Nutlin,3362
F08_B02_RT_761,4257,38.0,0.0,0.0,1.53950283042087,Nutlin_10_AA03,Nutlin,10,AA03,alveolar basal epithelial cells,A549,True,lung adenocarcinoma,cell_line,human,drug,2354,7.188161,1.7852948,1,CHEMBL407632;CHEMBL191334,10.0,False,Nutlin,2354
H10_B02_RT_743,3711,123.0,0.0,0.0,144.567380352645,Nutlin_10_AB07,Nutlin,10,AB07,alveolar basal epithelial cells,A549,True,lung adenocarcinoma,cell_line,human,drug,2059,4.9582324,2.8563728,1,CHEMBL407632;CHEMBL191334,10.0,False,Nutlin,2059
A09_B02_RT_764,7886,390.0,0.0,0.0,1.08643884335859,Nutlin_50_BB06,Nutlin,50,BB06,alveolar basal epithelial cells,A549,True,lung adenocarcinoma,cell_line,human,drug,3375,11.159016,1.2300279,1,CHEMBL407632;CHEMBL191334,50.0,False,Nutlin,3375
B11_B02_RT_664,5192,142.0,0.0,0.0,133.933667083855,Nutlin_10_AA03,Nutlin,10,AA03,alveolar basal epithelial cells,A549,True,lung adenocarcinoma,cell_line,human,drug,2654,3.312789,1.7141757,1,CHEMBL407632;CHEMBL191334,10.0,False,Nutlin,2654
G07_A01_RT_479,11733,333.0,0.0,0.0,506.921217547001,Nutlin_10_AB07,Nutlin,10,AB07,alveolar basal epithelial cells,A549,True,lung adenocarcinoma,cell_line,human,drug,4413,8.821274,1.8920993,1,CHEMBL407632;CHEMBL191334,10.0,False,Nutlin,4413
E08_B02_RT_705,5158,79.0,0.0,0.0,67.0167014613779,Nutlin_10_AA03,Nutlin,10,AA03,alveolar basal epithelial cells,A549,True,lung adenocarcinoma,cell_line,human,drug,2724,3.1213648,1.6285383,1,CHEMBL407632;CHEMBL191334,10.0,False,Nutlin,2724
A09_A01_RT_536,1446,635.0,0.0,0.0,287.191056910569,Nutlin_10_AA11,Nutlin,10,AA11,alveolar basal epithelial cells,A549,True,lung adenocarcinoma,cell_line,human,drug,1046,4.218534,2.4896266,1,CHEMBL407632;CHEMBL191334,10.0,False,Nutlin,1046
G10_A01_RT_464,1027,14.0,1.10418132082969e-08,1.7666901133275e-07,1.0098004900245,Nutlin_100_BA09,Nutlin,100,BA09,alveolar basal epithelial cells,A549,True,lung adenocarcinoma,cell_line,human,drug,766,5.2580333,0.4868549,1,CHEMBL407632;CHEMBL191334,100.0,False,Nutlin,766
F12_A01_RT_594,1705,50.0,0.0,0.0,47.3966036702273,Nutlin_50_BB06,Nutlin,50,BB06,alveolar basal epithelial cells,A549,True,lung adenocarcinoma,cell_line,human,drug,1312,1.9354838,1.3489736,1,CHEMBL407632;CHEMBL191334,50.0,False,Nutlin,1312
G12_A01_RT_460,5910,167.0,0.0,0.0,106.844620301324,Nutlin_10_AA03,Nutlin,10,AA03,alveolar basal epithelial cells,A549,True,lung adenocarcinoma,cell_line,human,drug,2911,1.7089678,1.4720812,1,CHEMBL407632;CHEMBL191334,10.0,False,Nutlin,2911
E03_A01_RT_534,8835,24.0,0.0,0.0,23.9402985074627,Nutlin_10_BA03,Nutlin,10,BA03,alveolar basal epithelial cells,A549,True,lung adenocarcinoma,cell_line,human,drug,3738,10.288625,2.8296547,1,CHEMBL407632;CHEMBL191334,10.0,False,Nutlin,3738
F02_A01_RT_688,4846,191.0,0.0,0.0,104.855085508551,Nutlin_50_AA10,Nutlin,50,AA10,alveolar basal epithelial cells,A549,True,lung adenocarcinoma,cell_line,human,drug,2660,0.680974,5.117623,1,CHEMBL407632;CHEMBL191334,50.0,False,Nutlin,2660
C12_A01_RT_629,2595,44.0,0.0,0.0,45.5531914893617,Nutlin_10_AA03,Nutlin,10,AA03,alveolar basal epithelial cells,A549,True,lung adenocarcinoma,cell_line,human,drug,1698,1.7726396,1.0789981,1,CHEMBL407632;CHEMBL191334,10.0,False,Nutlin,1698
F07_B02_RT_397,1886,10.0,4.98007299747144e-05,0.0002988043798482,1.92723492723493,Nutlin_10_AA11,Nutlin,10,AA11,alveolar basal epithelial cells,A549,True,lung adenocarcinoma,cell_line,human,drug,1200,4.8250265,0.63626724,1,CHEMBL407632;CHEMBL191334,10.0,False,Nutlin,1200
E12_B02_RT_693,4043,524.0,0.0,0.0,6.83700059157084,Nutlin_50_BB06,Nutlin,50,BB06,alveolar basal epithelial cells,A549,True,lung adenocarcinoma,cell_line,human,drug,2201,11.921841,1.3356419,1,CHEMBL407632;CHEMBL191334,50.0,False,Nutlin,2201
B08_A01_RT_533,11251,23.0,2.61962595419211e-271,6.287102290061069e-270,2.01047120418848,Nutlin_10_BA03,Nutlin,10,BA03,alveolar basal epithelial cells,A549,True,lung adenocarcinoma,cell_line,human,drug,4886,8.452582,1.982046,1,CHEMBL407632;CHEMBL191334,10.0,False,Nutlin,4886
C04_B02_RT_711,1883,5.0,5.0306701657035e-09,1.30797424308291e-07,1.00961538461538,Nutlin_100_BA09,Nutlin,100,BA09,alveolar basal epithelial cells,A549,True,lung adenocarcinoma,cell_line,human,drug,1229,5.0451407,0.26553372,1,CHEMBL407632;CHEMBL191334,100.0,False,Nutlin,1229
F10_B02_RT_464,7868,92.0,0.0,0.0,2.32526363731913,Nutlin_50_AA02,Nutlin,50,AA02,alveolar basal epithelial cells,A549,True,lung adenocarcinoma,cell_line,human,drug,3519,8.286731,2.3131673,1,CHEMBL407632;CHEMBL191334,50.0,False,Nutlin,3519
E05_B02_RT_479,1091,2.0,1.48653741085754e-10,3.2703823038865804e-09,1.00711743772242,Nutlin_50_AA02,Nutlin,50,AA02,alveolar basal epithelial cells,A549,True,lung adenocarcinoma,cell_line,human,drug,782,3.3913841,0.36663613,1,CHEMBL407632;CHEMBL191334,50.0,False,Nutlin,782
G10_B02_RT_465,4607,29.0,0.0,0.0,9.22990232907588,Nutlin_10_BA03,Nutlin,10,BA03,alveolar basal epithelial cells,A549,True,lung adenocarcinoma,cell_line,human,drug,2359,13.327545,1.6930758,1,CHEMBL407632;CHEMBL191334,10.0,False,Nutlin,2359
F05_A01_RT_727,1911,161.0,0.0,0.0,75.5872933884298,Nutlin_10_AA03,Nutlin,10,AA03,alveolar basal epithelial cells,A549,True,lung adenocarcinoma,cell_line,human,drug,1292,2.930403,1.2035583,1,CHEMBL407632;CHEMBL191334,10.0,False,Nutlin,1292
A12_A01_RT_606,3250,117.0,0.0,0.0,148.4675,Nutlin_50_AB06,Nutlin,50,AB06,alveolar basal epithelial cells,A549,True,lung adenocarcinoma,cell_line,human,drug,2004,4.7384615,2.2769232,1,CHEMBL407632;CHEMBL191334,50.0,False,Nutlin,2004
G10_B02_RT_484,1221,8.0,0.0003277319538856,0.0065546390777125,1.01705756929638,Nutlin_100_BA01,Nutlin,100,BA01,alveolar basal epithelial cells,A549,True,lung adenocarcinoma,cell_line,human,drug,868,6.633907,0.32760033,1,CHEMBL407632;CHEMBL191334,100.0,False,Nutlin,868
G05_A01_RT_764,1206,9.0,0.0171787814822432,1.0,1.97077922077922,Nutlin_50_AB06,Nutlin,50,AB06,alveolar basal epithelial cells,A549,True,lung adenocarcinoma,cell_line,human,drug,874,3.5655057,0.0,1,CHEMBL407632;CHEMBL191334,50.0,False,Nutlin,874
E12_B02_RT_558,4690,140.0,0.0,0.0,177.430351075878,Nutlin_50_BB06,Nutlin,50,BB06,alveolar basal epithelial cells,A549,True,lung adenocarcinoma,cell_line,human,drug,2559,2.5586355,2.9211087,1,CHEMBL407632;CHEMBL191334,50.0,False,Nutlin,2559
G04_B02_RT_702,1252,3.0,8.67799748331179e-45,4.25221876682278e-43,1.0059880239521,Nutlin_100_BB05,Nutlin,100,BB05,alveolar basal epithelial cells,A549,True,lung adenocarcinoma,cell_line,human,drug,869,6.629393,0.71884984,1,CHEMBL407632;CHEMBL191334,100.0,False,Nutlin,869
A08_B02_RT_615,4125,46.0,0.0,0.0,40.7926059513075,Nutlin_10_AA11,Nutlin,10,AA11,alveolar basal epithelial cells,A549,True,lung adenocarcinoma,cell_line,human,drug,2116,11.369697,0.94545454,1,CHEMBL407632;CHEMBL191334,10.0,False,Nutlin,2116
A09_A01_RT_738,6050,39.0,0.0,0.0,9.77833753148615,Nutlin_10_BB07,Nutlin,10,BB07,alveolar basal epithelial cells,A549,True,lung adenocarcinoma,cell_line,human,drug,2697,12.909091,1.8842975,1,CHEMBL407632;CHEMBL191334,10.0,False,Nutlin,2697
B02_A01_RT_620,3601,10.0,9.063633537405e-15,9.063633537405e-14,8.26578073089701,Nutlin_10_BB07,Nutlin,10,BB07,alveolar basal epithelial cells,A549,True,lung adenocarcinoma,cell_line,human,drug,2011,6.998056,2.6936963,1,CHEMBL407632;CHEMBL191334,10.0,False,Nutlin,2011
G06_A01_RT_662,9856,151.0,0.0,0.0,82.3267379679144,Nutlin_10_BA11,Nutlin,10,BA11,alveolar basal epithelial cells,A549,True,lung adenocarcinoma,cell_line,human,drug,3875,5.0324674,1.4711851,1,CHEMBL407632;CHEMBL191334,10.0,False,Nutlin,3875
D03_B02_RT_672,3540,72.0,0.0,0.0,70.6972809667674,Nutlin_10_AA11,Nutlin,10,AA11,alveolar basal epithelial cells,A549,True,lung adenocarcinoma,cell_line,human,drug,1847,11.073446,1.779661,1,CHEMBL407632;CHEMBL191334,10.0,False,Nutlin,1847
E10_B02_RT_739,4131,167.0,0.0,0.0,181.09225413403,Nutlin_10_AB07,Nutlin,10,AB07,alveolar basal epithelial cells,A549,True,lung adenocarcinoma,cell_line,human,drug,2191,5.5918665,2.6143792,1,CHEMBL407632;CHEMBL191334,10.0,False,Nutlin,2191
E01_A01_RT_463,13562,239.0,0.0,0.0,72.6173633440514,Nutlin_50_AB06,Nutlin,50,AB06,alveolar basal epithelial cells,A549,True,lung adenocarcinoma,cell_line,human,drug,5245,2.7208376,2.6102345,1,CHEMBL407632;CHEMBL191334,50.0,False,Nutlin,5245
G03_A01_RT_654,7727,518.0,0.0,0.0,490.403726708075,Nutlin_50_BA02,Nutlin,50,BA02,alveolar basal epithelial cells,A549,True,lung adenocarcinoma,cell_line,human,drug,3519,3.5718908,3.3777664,1,CHEMBL407632;CHEMBL191334,50.0,False,Nutlin,3519
G03_A01_RT_400,21800,91.0,0.0,0.0,35.7950530035336,Nutlin_10_BA03,Nutlin,10,BA03,alveolar basal epithelial cells,A549,True,lung adenocarcinoma,cell_line,human,drug,6015,7.3027525,1.7110091,1,CHEMBL407632;CHEMBL191334,10.0,False,Nutlin,6015
G03_B02_RT_508,9483,75.0,0.0,0.0,5.3527815468114,Nutlin_10_AA11,Nutlin,10,AA11,alveolar basal epithelial cells,A549,True,lung adenocarcinoma,cell_line,human,drug,3782,8.246336,1.5395972,1,CHEMBL407632;CHEMBL191334,10.0,False,Nutlin,3782
C05_A01_RT_582,1343,5.0,1.1667220062447199e-71,2.2167718118649797e-70,1.00389105058366,Nutlin_100_AA09,Nutlin,100,AA09,alveolar basal epithelial cells,A549,True,lung adenocarcinoma,cell_line,human,drug,869,9.381981,1.9359642,1,CHEMBL407632;CHEMBL191334,100.0,False,Nutlin,869
G03_A01_RT_560,1056,12.0,0.75922722302406,1.0,1.79329102447869,Nutlin_10_AA11,Nutlin,10,AA11,alveolar basal epithelial cells,A549,True,lung adenocarcinoma,cell_line,human,drug,765,4.2613635,0.47348484,1,CHEMBL407632;CHEMBL191334,10.0,False,Nutlin,765
C02_B02_RT_546,3158,64.0,0.0,0.0,65.9302325581395,Nutlin_10_AA03,Nutlin,10,AA03,alveolar basal epithelial cells,A549,True,lung adenocarcinoma,cell_line,human,drug,1823,1.709943,2.1215959,1,CHEMBL407632;CHEMBL191334,10.0,False,Nutlin,1823
G05_B02_RT_508,8643,139.0,0.0,0.0,139.99569760295,Nutlin_10_AA03,Nutlin,10,AA03,alveolar basal epithelial cells,A549,True,lung adenocarcinoma,cell_line,human,drug,3853,3.066065,1.7239385,1,CHEMBL407632;CHEMBL191334,10.0,False,Nutlin,3853
A08_A01_RT_669,3001,40.0,0.0,0.0,35.6934865900383,Nutlin_10_AB07,Nutlin,10,AB07,alveolar basal epithelial cells,A549,True,lung adenocarcinoma,cell_line,human,drug,1720,9.596801,1.4995002,1,CHEMBL407632;CHEMBL191334,10.0,False,Nutlin,1720
B04_B02_RT_568,4331,115.0,0.0,0.0,110.538523274478,Nutlin_50_BB06,Nutlin,50,BB06,alveolar basal epithelial cells,A549,True,lung adenocarcinoma,cell_line,human,drug,2301,10.2978525,3.6250288,1,CHEMBL407632;CHEMBL191334,50.0,False,Nutlin,2301
F04_B02_RT_661,6268,406.0,0.0,0.0,8.84519827998089,Nutlin_50_AB06,Nutlin,50,AB06,alveolar basal epithelial cells,A549,True,lung adenocarcinoma,cell_line,human,drug,3106,5.6636887,3.079132,1,CHEMBL407632;CHEMBL191334,50.0,False,Nutlin,3106
C04_A01_RT_767,3006,268.0,0.0,0.0,260.832635983264,Nutlin_50_AB06,Nutlin,50,AB06,alveolar basal epithelial cells,A549,True,lung adenocarcinoma,cell_line,human,drug,1908,2.0625415,2.2954092,1,CHEMBL407632;CHEMBL191334,50.0,False,Nutlin,1908
D04_B02_RT_463,4726,97.0,0.0,0.0,91.8236363636364,Nutlin_50_AA10,Nutlin,50,AA10,alveolar basal epithelial cells,A549,True,lung adenocarcinoma,cell_line,human,drug,2619,1.988997,1.756242,1,CHEMBL407632;CHEMBL191334,50.0,False,Nutlin,2619
D10_A01_RT_502,4428,56.0,0.0,0.0,1.0182794994431,Nutlin_10_AA11,Nutlin,10,AA11,alveolar basal epithelial cells,A549,True,lung adenocarcinoma,cell_line,human,drug,2474,7.633243,1.3550136,1,CHEMBL407632;CHEMBL191334,10.0,False,Nutlin,2474
D07_B02_RT_497,1371,2.0,0.187179130364636,0.561537391093907,1.01098901098901,Nutlin_50_BA10,Nutlin,50,BA10,alveolar basal epithelial cells,A549,True,lung adenocarcinoma,cell_line,human,drug,944,2.6258206,0.21881838,1,CHEMBL407632;CHEMBL191334,50.0,False,Nutlin,944
F02_A01_RT_456,6207,133.0,0.0,0.0,129.139784946237,Nutlin_10_AA03,Nutlin,10,AA03,alveolar basal epithelial cells,A549,True,lung adenocarcinoma,cell_line,human,drug,2943,9.875946,2.029966,1,CHEMBL407632;CHEMBL191334,10.0,False,Nutlin,2943
H06_B02_RT_424,5367,8.0,0.0,0.0,3.00679694137638,Nutlin_10_BB07,Nutlin,10,BB07,alveolar basal epithelial cells,A549,True,lung adenocarcinoma,cell_line,human,drug,2748,4.1363893,1.1738402,1,CHEMBL407632;CHEMBL191334,10.0,False,Nutlin,2748
E02_A01_RT_596,10355,13.0,5.87159235370629e-13,4.11011464759441e-12,1.2798353909465,Nutlin_50_AB06,Nutlin,50,AB06,alveolar basal epithelial cells,A549,True,lung adenocarcinoma,cell_line,human,drug,4345,3.3317237,1.8058909,1,CHEMBL407632;CHEMBL191334,50.0,False,Nutlin,4345
A11_A01_RT_605,4218,88.0,2.11862608123784e-248,3.1779391218567603e-247,49.5286396181384,Nutlin_10_AA03,Nutlin,10,AA03,alveolar basal epithelial cells,A549,True,lung adenocarcinoma,cell_line,human,drug,2280,8.297771,1.3276434,1,CHEMBL407632;CHEMBL191334,10.0,False,Nutlin,2280
C03_B02_RT_598,8869,82.0,0.0,0.0,6.1609491137793,Nutlin_10_AB07,Nutlin,10,AB07,alveolar basal epithelial cells,A549,True,lung adenocarcinoma,cell_line,human,drug,3997,5.4572105,2.1648438,1,CHEMBL407632;CHEMBL191334,10.0,False,Nutlin,3997
F01_A01_RT_646,3680,14.0,0.0,0.0,11.9916567342074,Nutlin_10_BA03,Nutlin,10,BA03,alveolar basal epithelial cells,A549,True,lung adenocarcinoma,cell_line,human,drug,1987,15.027174,0.8967391,1,CHEMBL407632;CHEMBL191334,10.0,False,Nutlin,1987
B12_B02_RT_629,1065,3.0,3.59764401924181e-62,8.27458124425615e-61,1.00245398773006,Nutlin_100_AA01,Nutlin,100,AA01,alveolar basal epithelial cells,A549,True,lung adenocarcinoma,cell_line,human,drug,756,3.1924882,0.37558687,1,CHEMBL407632;CHEMBL191334,100.0,False,Nutlin,756
D11_B02_RT_693,4726,212.0,0.0,0.0,104.566461538462,Nutlin_10_AB07,Nutlin,10,AB07,alveolar basal epithelial cells,A549,True,lung adenocarcinoma,cell_line,human,drug,2531,3.4066863,1.8831993,1,CHEMBL407632;CHEMBL191334,10.0,False,Nutlin,2531
C06_A01_RT_750,2902,107.0,0.0,0.0,231.342307692308,Nutlin_10_AA03,Nutlin,10,AA03,alveolar basal epithelial cells,A549,True,lung adenocarcinoma,cell_line,human,drug,1853,1.3094418,1.6884907,1,CHEMBL407632;CHEMBL191334,10.0,False,Nutlin,1853
A10_B02_RT_623,14903,40.0,7.12050860507394e-27,2.1361525815221803e-25,1.41666666666667,Nutlin_10_BB07,Nutlin,10,BB07,alveolar basal epithelial cells,A549,True,lung adenocarcinoma,cell_line,human,drug,5221,8.179562,1.8318459,1,CHEMBL407632;CHEMBL191334,10.0,False,Nutlin,5221
C03_A01_RT_577,7787,155.0,0.0,0.0,1.51805309734513,Nutlin_50_AA10,Nutlin,50,AA10,alveolar basal epithelial cells,A549,True,lung adenocarcinoma,cell_line,human,drug,3695,2.889431,3.2490048,1,CHEMBL407632;CHEMBL191334,50.0,False,Nutlin,3695
F07_A01_RT_750,5976,105.0,0.0,0.0,47.3270777479893,Nutlin_10_AA11,Nutlin,10,AA11,alveolar basal epithelial cells,A549,True,lung adenocarcinoma,cell_line,human,drug,2982,4.3340025,1.6398929,1,CHEMBL407632;CHEMBL191334,10.0,False,Nutlin,2982
G03_A01_RT_641,15721,202.0,0.0,0.0,212.940540540541,Nutlin_10_BA11,Nutlin,10,BA11,alveolar basal epithelial cells,A549,True,lung adenocarcinoma,cell_line,human,drug,4915,7.404109,1.475733,1,CHEMBL407632;CHEMBL191334,10.0,False,Nutlin,4915
B09_A01_RT_673,9075,79.0,0.0,0.0,1.31361337145371,Nutlin_10_AA11,Nutlin,10,AA11,alveolar basal epithelial cells,A549,True,lung adenocarcinoma,cell_line,human,drug,3739,13.311295,2.0055096,1,CHEMBL407632;CHEMBL191334,10.0,False,Nutlin,3739
F12_A01_RT_525,3742,415.0,0.0,0.0,680.615700593336,Nutlin_10_AA11,Nutlin,10,AA11,alveolar basal epithelial cells,A549,True,lung adenocarcinoma,cell_line,human,drug,2045,9.567077,1.4163549,1,CHEMBL407632;CHEMBL191334,10.0,False,Nutlin,2045
H05_B02_RT_583,1053,2.0,0.988359389184778,1.0,1.0280759702725,Nutlin_50_BA02,Nutlin,50,BA02,alveolar basal epithelial cells,A549,True,lung adenocarcinoma,cell_line,human,drug,803,3.22887,0.6647673,1,CHEMBL407632;CHEMBL191334,50.0,False,Nutlin,803
G04_B02_RT_736,1040,3.0,7.16673196516886e-41,3.29669670397768e-39,1.00298507462687,Nutlin_100_BA09,Nutlin,100,BA09,alveolar basal epithelial cells,A549,True,lung adenocarcinoma,cell_line,human,drug,743,7.980769,0.28846154,1,CHEMBL407632;CHEMBL191334,100.0,False,Nutlin,743
D10_A01_RT_747,1839,34.0,0.0,0.0,33.5215146299484,Nutlin_10_AA03,Nutlin,10,AA03,alveolar basal epithelial cells,A549,True,lung adenocarcinoma,cell_line,human,drug,1271,7.340946,1.3594345,1,CHEMBL407632;CHEMBL191334,10.0,False,Nutlin,1271
E04_A01_RT_741,5261,664.0,0.0,0.0,13.5741874705605,Nutlin_10_AA03,Nutlin,10,AA03,alveolar basal epithelial cells,A549,True,lung adenocarcinoma,cell_line,human,drug,2664,12.31705,1.6346703,1,CHEMBL407632;CHEMBL191334,10.0,False,Nutlin,2664
B09_A01_RT_601,1932,11.0,0.0,0.0,7.13897662665824,Nutlin_10_BB07,Nutlin,10,BB07,alveolar basal epithelial cells,A549,True,lung adenocarcinoma,cell_line,human,drug,1145,13.146998,8.333333,1,CHEMBL407632;CHEMBL191334,10.0,False,Nutlin,1145
A02_A01_RT_434,4859,30.0,0.0,0.0,24.7832898172324,Nutlin_10_AA11,Nutlin,10,AA11,alveolar basal epithelial cells,A549,True,lung adenocarcinoma,cell_line,human,drug,2638,4.7540646,1.68759,1,CHEMBL407632;CHEMBL191334,10.0,False,Nutlin,2638
E01_A01_RT_702,6484,81.0,0.0,0.0,75.1768488745981,Nutlin_10_AA03,Nutlin,10,AA03,alveolar basal epithelial cells,A549,True,lung adenocarcinoma,cell_line,human,drug,3106,7.063541,1.2338063,1,CHEMBL407632;CHEMBL191334,10.0,False,Nutlin,3106
B01_A01_RT_626,1902,10.0,3.45118976571875e-14,8.97309339086876e-13,6.97260273972603,Nutlin_10_AA03,Nutlin,10,AA03,alveolar basal epithelial cells,A549,True,lung adenocarcinoma,cell_line,human,drug,1239,5.205047,1.7350157,1,CHEMBL407632;CHEMBL191334,10.0,False,Nutlin,1239
B04_B02_RT_705,9684,89.0,0.0,0.0,241.8,Nutlin_10_AA03,Nutlin,10,AA03,alveolar basal epithelial cells,A549,True,lung adenocarcinoma,cell_line,human,drug,4117,2.3647254,1.5076414,1,CHEMBL407632;CHEMBL191334,10.0,False,Nutlin,4117
H03_A01_RT_575,1191,13.0,1.56132355458166e-14,4.84010301920316e-13,1.57472118959108,Nutlin_100_BA01,Nutlin,100,BA01,alveolar basal epithelial cells,A549,True,lung adenocarcinoma,cell_line,human,drug,866,3.5264482,0.08396306,1,CHEMBL407632;CHEMBL191334,100.0,False,Nutlin,866
G05_B02_RT_558,5821,28.0,6.06356206323084e-18,1.4552548951754e-16,4.84499314128944,Nutlin_10_BB07,Nutlin,10,BB07,alveolar basal epithelial cells,A549,True,lung adenocarcinoma,cell_line,human,drug,2838,4.60402,2.1473973,1,CHEMBL407632;CHEMBL191334,10.0,False,Nutlin,2838
E08_A01_RT_534,6680,39.0,1.17232819158908e-21,1.99295792570144e-20,35.0,Nutlin_10_BA03,Nutlin,10,BA03,alveolar basal epithelial cells,A549,True,lung adenocarcinoma,cell_line,human,drug,2936,15.853293,2.3203592,1,CHEMBL407632;CHEMBL191334,10.0,False,Nutlin,2936
C01_B02_RT_713,9890,218.0,7.2177591763537106e-68,3.17581403759563e-66,158.941362916006,Nutlin_50_BB06,Nutlin,50,BB06,alveolar basal epithelial cells,A549,True,lung adenocarcinoma,cell_line,human,drug,4312,1.6784631,2.9726996,1,CHEMBL407632;CHEMBL191334,50.0,False,Nutlin,4312
C05_A01_RT_700,7671,11.0,0.0,0.0,5.98294573643411,Nutlin_10_BB07,Nutlin,10,BB07,alveolar basal epithelial cells,A549,True,lung adenocarcinoma,cell_line,human,drug,3460,2.5550776,1.8511276,1,CHEMBL407632;CHEMBL191334,10.0,False,Nutlin,3460
C12_A01_RT_617,2987,31.0,1.25867363499454e-10,3.5242861779847105e-09,26.0,Nutlin_10_AB07,Nutlin,10,AB07,alveolar basal epithelial cells,A549,True,lung adenocarcinoma,cell_line,human,drug,1734,12.989622,1.6404419,1,CHEMBL407632;CHEMBL191334,10.0,False,Nutlin,1734
F10_B02_RT_709,4009,22.0,9.09700664040724e-47,1.72843126167738e-45,4.92908944399678,Nutlin_10_BB07,Nutlin,10,BB07,alveolar basal epithelial cells,A549,True,lung adenocarcinoma,cell_line,human,drug,2199,7.2087803,2.0453978,1,CHEMBL407632;CHEMBL191334,10.0,False,Nutlin,2199
F09_B02_RT_451,12723,45.0,0.0,0.0,41.4118476727786,Nutlin_10_BA03,Nutlin,10,BA03,alveolar basal epithelial cells,A549,True,lung adenocarcinoma,cell_line,human,drug,4607,14.697791,2.5387094,1,CHEMBL407632;CHEMBL191334,10.0,False,Nutlin,4607
F04_A01_RT_698,11780,144.0,0.0,0.0,1.08394571085783,Nutlin_50_AA02,Nutlin,50,AA02,alveolar basal epithelial cells,A549,True,lung adenocarcinoma,cell_line,human,drug,4816,6.1714773,2.4533107,1,CHEMBL407632;CHEMBL191334,50.0,False,Nutlin,4816
H04_A01_RT_542,4064,93.0,0.0,0.0,91.9132947976879,Nutlin_10_AA03,Nutlin,10,AA03,alveolar basal epithelial cells,A549,True,lung adenocarcinoma,cell_line,human,drug,2097,12.106299,0.78740156,1,CHEMBL407632;CHEMBL191334,10.0,False,Nutlin,2097
G01_A01_RT_487,24699,460.0,0.0,0.0,1.74311023622047,Nutlin_50_BA02,Nutlin,50,BA02,alveolar basal epithelial cells,A549,True,lung adenocarcinoma,cell_line,human,drug,6845,8.91534,1.7571561,1,CHEMBL407632;CHEMBL191334,50.0,False,Nutlin,6845
E01_B02_RT_533,12846,179.0,0.0,0.0,3.17837729011476,Nutlin_10_AA11,Nutlin,10,AA11,alveolar basal epithelial cells,A549,True,lung adenocarcinoma,cell_line,human,drug,4593,9.209092,1.6892418,1,CHEMBL407632;CHEMBL191334,10.0,False,Nutlin,4593
H10_B02_RT_623,1235,8.0,0.0672655841265753,0.470859088886027,1.97904662126768,Nutlin_10_AA03,Nutlin,10,AA03,alveolar basal epithelial cells,A549,True,lung adenocarcinoma,cell_line,human,drug,874,3.6437247,0.7287449,1,CHEMBL407632;CHEMBL191334,10.0,False,Nutlin,874
C08_B02_RT_508,5237,13.0,0.0,0.0,10.7358490566038,Nutlin_50_BA10,Nutlin,50,BA10,alveolar basal epithelial cells,A549,True,lung adenocarcinoma,cell_line,human,drug,2794,2.3868628,2.2722933,1,CHEMBL407632;CHEMBL191334,50.0,False,Nutlin,2794
H09_A01_RT_752,7258,70.0,0.0,0.0,30.1547035220687,Nutlin_10_AA11,Nutlin,10,AA11,alveolar basal epithelial cells,A549,True,lung adenocarcinoma,cell_line,human,drug,3254,7.329843,1.2124553,1,CHEMBL407632;CHEMBL191334,10.0,False,Nutlin,3254
B11_B02_RT_533,11206,203.0,0.0,0.0,1.12861758822789,Nutlin_10_AA11,Nutlin,10,AA11,alveolar basal epithelial cells,A549,True,lung adenocarcinoma,cell_line,human,drug,4277,7.2371945,1.2225593,1,CHEMBL407632;CHEMBL191334,10.0,False,Nutlin,4277
G01_A01_RT_497,1758,8.0,0.0012470670574314,0.0324237434932186,1.02102496714849,Nutlin_100_AA01,Nutlin,100,AA01,alveolar basal epithelial cells,A549,True,lung adenocarcinoma,cell_line,human,drug,1177,2.6166098,0.39817974,1,CHEMBL407632;CHEMBL191334,100.0,False,Nutlin,1177
F06_B02_RT_673,7372,242.0,0.0,0.0,326.305140961857,Nutlin_50_BA02,Nutlin,50,BA02,alveolar basal epithelial cells,A549,True,lung adenocarcinoma,cell_line,human,drug,3640,2.8214867,4.069452,1,CHEMBL407632;CHEMBL191334,50.0,False,Nutlin,3640
D04_A01_RT_664,3822,65.0,0.0,0.0,141.014218009479,Nutlin_50_AB06,Nutlin,50,AB06,alveolar basal epithelial cells,A549,True,lung adenocarcinoma,cell_line,human,drug,2204,3.610675,3.1397173,1,CHEMBL407632;CHEMBL191334,50.0,False,Nutlin,2204
D03_A01_RT_545,6486,137.0,0.0,0.0,1.52669294159799,Nutlin_10_AA03,Nutlin,10,AA03,alveolar basal epithelial cells,A549,True,lung adenocarcinoma,cell_line,human,drug,2977,7.9864326,1.8963922,1,CHEMBL407632;CHEMBL191334,10.0,False,Nutlin,2977
E05_A01_RT_500,11759,186.0,0.0,0.0,3.28992159112641,Nutlin_10_AA03,Nutlin,10,AA03,alveolar basal epithelial cells,A549,True,lung adenocarcinoma,cell_line,human,drug,4837,5.468152,2.4066672,1,CHEMBL407632;CHEMBL191334,10.0,False,Nutlin,4837
D02_A01_RT_471,9612,47.0,0.0,0.0,1.98969072164948,Nutlin_10_AA11,Nutlin,10,AA11,alveolar basal epithelial cells,A549,True,lung adenocarcinoma,cell_line,human,drug,4121,7.854765,1.6437786,1,CHEMBL407632;CHEMBL191334,10.0,False,Nutlin,4121
A02_A01_RT_696,3821,102.0,2.87698596020815e-27,2.58928736418734e-26,107.064189189189,Nutlin_50_AA10,Nutlin,50,AA10,alveolar basal epithelial cells,A549,True,lung adenocarcinoma,cell_line,human,drug,2211,0.81130594,1.2300445,1,CHEMBL407632;CHEMBL191334,50.0,False,Nutlin,2211
H03_A01_RT_617,1671,9.0,0.999999999481594,1.0,1.00392498909725,Nutlin_100_BA01,Nutlin,100,BA01,alveolar basal epithelial cells,A549,True,lung adenocarcinoma,cell_line,human,drug,1121,10.293238,0.47875524,1,CHEMBL407632;CHEMBL191334,100.0,False,Nutlin,1121
H09_A01_RT_667,4880,65.0,0.0,0.0,64.8175287356322,Nutlin_10_AA11,Nutlin,10,AA11,alveolar basal epithelial cells,A549,True,lung adenocarcinoma,cell_line,human,drug,2422,11.741803,1.0655738,1,CHEMBL407632;CHEMBL191334,10.0,False,Nutlin,2422
A12_B02_RT_489,1078,6.0,0.990091510166693,1.0,1.00854700854701,Nutlin_10_AA11,Nutlin,10,AA11,alveolar basal epithelial cells,A549,True,lung adenocarcinoma,cell_line,human,drug,773,11.131725,0.27829313,1,CHEMBL407632;CHEMBL191334,10.0,False,Nutlin,773
B04_B02_RT_614,4546,75.0,0.0,0.0,81.7171532846715,Nutlin_10_AB07,Nutlin,10,AB07,alveolar basal epithelial cells,A549,True,lung adenocarcinoma,cell_line,human,drug,2340,7.7210736,1.7597889,1,CHEMBL407632;CHEMBL191334,10.0,False,Nutlin,2340
H04_B02_RT_533,1318,3.0,5.35842467804971e-26,2.51845959868336e-24,1.00418410041841,Nutlin_100_BB05,Nutlin,100,BB05,alveolar basal epithelial cells,A549,True,lung adenocarcinoma,cell_line,human,drug,878,8.877087,0.07587253,1,CHEMBL407632;CHEMBL191334,100.0,False,Nutlin,878
B05_A01_RT_745,18575,98.0,0.0,0.0,2.4436964504284,Nutlin_10_AA03,Nutlin,10,AA03,alveolar basal epithelial cells,A549,True,lung adenocarcinoma,cell_line,human,drug,6016,5.4158816,1.4481831,1,CHEMBL407632;CHEMBL191334,10.0,False,Nutlin,6016
D04_A01_RT_444,5529,53.0,0.0,0.0,49.0997876857749,Nutlin_10_AA11,Nutlin,10,AA11,alveolar basal epithelial cells,A549,True,lung adenocarcinoma,cell_line,human,drug,2803,8.319769,2.2608066,1,CHEMBL407632;CHEMBL191334,10.0,False,Nutlin,2803
F07_B02_RT_455,6685,31.0,0.0,0.0,19.5867507886435,Nutlin_10_BA03,Nutlin,10,BA03,alveolar basal epithelial cells,A549,True,lung adenocarcinoma,cell_line,human,drug,3094,10.022438,1.2565445,1,CHEMBL407632;CHEMBL191334,10.0,False,Nutlin,3094
B09_A01_RT_729,4876,78.0,0.0,0.0,72.9034653465347,Nutlin_50_BA02,Nutlin,50,BA02,alveolar basal epithelial cells,A549,True,lung adenocarcinoma,cell_line,human,drug,2941,1.4971288,1.3535686,1,CHEMBL407632;CHEMBL191334,50.0,False,Nutlin,2941
E10_B02_RT_503,17055,418.0,0.0,0.0,7.41535032464386,Nutlin_50_AB06,Nutlin,50,AB06,alveolar basal epithelial cells,A549,True,lung adenocarcinoma,cell_line,human,drug,5791,6.9832892,2.480211,1,CHEMBL407632;CHEMBL191334,50.0,False,Nutlin,5791
D03_A01_RT_474,16082,201.0,0.0,0.0,1.09403827772468,Nutlin_10_AA03,Nutlin,10,AA03,alveolar basal epithelial cells,A549,True,lung adenocarcinoma,cell_line,human,drug,5471,8.251461,2.0208929,1,CHEMBL407632;CHEMBL191334,10.0,False,Nutlin,5471
F03_A01_RT_676,1012,4.0,0.443126878094012,1.0,1.01576872536137,Nutlin_100_AB05,Nutlin,100,AB05,alveolar basal epithelial cells,A549,True,lung adenocarcinoma,cell_line,human,drug,669,2.4703557,0.3952569,1,CHEMBL407632;CHEMBL191334,100.0,False,Nutlin,669
G01_B02_RT_571,1052,6.0,1.00217975516584e-55,3.3071931920472704e-54,1.98305084745763,Nutlin_50_AB06,Nutlin,50,AB06,alveolar basal epithelial cells,A549,True,lung adenocarcinoma,cell_line,human,drug,781,2.946768,0.5703422,1,CHEMBL407632;CHEMBL191334,50.0,False,Nutlin,781
A03_A01_RT_760,9040,131.0,0.0,0.0,11.6486521181001,Nutlin_50_AB06,Nutlin,50,AB06,alveolar basal epithelial cells,A549,True,lung adenocarcinoma,cell_line,human,drug,4009,9.236726,2.488938,1,CHEMBL407632;CHEMBL191334,50.0,False,Nutlin,4009
C10_A01_RT_442,3921,30.0,0.0,0.0,27.0948905109489,Nutlin_10_BA11,Nutlin,10,BA11,alveolar basal epithelial cells,A549,True,lung adenocarcinoma,cell_line,human,drug,2062,14.792145,1.7852589,1,CHEMBL407632;CHEMBL191334,10.0,False,Nutlin,2062
G06_A01_RT_669,1037,9.0,6.15540035553482e-08,2.03128211732649e-06,1.9960647135986,Nutlin_10_AA03,Nutlin,10,AA03,alveolar basal epithelial cells,A549,True,lung adenocarcinoma,cell_line,human,drug,748,4.339441,0.5785921,1,CHEMBL407632;CHEMBL191334,10.0,False,Nutlin,748
A06_A01_RT_669,12728,137.0,0.0,0.0,3.61169244767971,Nutlin_50_BB06,Nutlin,50,BB06,alveolar basal epithelial cells,A549,True,lung adenocarcinoma,cell_line,human,drug,4941,4.289755,2.569139,1,CHEMBL407632;CHEMBL191334,50.0,False,Nutlin,4941
G11_A01_RT_710,3243,32.0,6.98736705744685e-06,0.0002655199481829,1.47571853320119,Nutlin_50_AA10,Nutlin,50,AA10,alveolar basal epithelial cells,A549,True,lung adenocarcinoma,cell_line,human,drug,1773,7.123034,0.6783842,1,CHEMBL407632;CHEMBL191334,50.0,False,Nutlin,1773
H10_A01_RT_566,4600,55.0,0.0,0.0,1.33104802846131,Nutlin_50_BB06,Nutlin,50,BB06,alveolar basal epithelial cells,A549,True,lung adenocarcinoma,cell_line,human,drug,2668,3.9130435,1.8478261,1,CHEMBL407632;CHEMBL191334,50.0,False,Nutlin,2668
C10_A01_RT_618,4305,43.0,0.0,0.0,40.5188811188811,Nutlin_50_BB06,Nutlin,50,BB06,alveolar basal epithelial cells,A549,True,lung adenocarcinoma,cell_line,human,drug,2416,4.85482,2.6713123,1,CHEMBL407632;CHEMBL191334,50.0,False,Nutlin,2416
G12_A01_RT_486,9486,243.0,0.0,0.0,123.556055937426,Nutlin_50_BB06,Nutlin,50,BB06,alveolar basal epithelial cells,A549,True,lung adenocarcinoma,cell_line,human,drug,3998,4.859793,2.9833438,1,CHEMBL407632;CHEMBL191334,50.0,False,Nutlin,3998
F05_A01_RT_480,6177,65.0,0.0,0.0,32.1644941030416,Nutlin_10_BA11,Nutlin,10,BA11,alveolar basal epithelial cells,A549,True,lung adenocarcinoma,cell_line,human,drug,2984,3.7234905,1.813178,1,CHEMBL407632;CHEMBL191334,10.0,False,Nutlin,2984
E03_B02_RT_502,1035,2.0,0.999999991456279,1.0,1.02414486921529,Nutlin_50_AB06,Nutlin,50,AB06,alveolar basal epithelial cells,A549,True,lung adenocarcinoma,cell_line,human,drug,769,3.9613526,0.19323671,1,CHEMBL407632;CHEMBL191334,50.0,False,Nutlin,769
B05_B02_RT_591,6349,160.0,0.0,0.0,99.1037735849057,Nutlin_10_AA03,Nutlin,10,AA03,alveolar basal epithelial cells,A549,True,lung adenocarcinoma,cell_line,human,drug,2997,8.710033,1.7168058,1,CHEMBL407632;CHEMBL191334,10.0,False,Nutlin,2997
B10_B02_RT_685,1082,7.0,1.41864054095981e-07,5.24897000155129e-06,1.99247311827957,Nutlin_50_BB06,Nutlin,50,BB06,alveolar basal epithelial cells,A549,True,lung adenocarcinoma,cell_line,human,drug,806,4.805915,0.36968577,1,CHEMBL407632;CHEMBL191334,50.0,False,Nutlin,806
C03_A01_RT_713,9755,10.0,5.11337329040111e-124,1.22720958969627e-122,4.96078431372549,Nutlin_10_BB07,Nutlin,10,BB07,alveolar basal epithelial cells,A549,True,lung adenocarcinoma,cell_line,human,drug,3851,7.28857,2.2142491,1,CHEMBL407632;CHEMBL191334,10.0,False,Nutlin,3851
D10_B02_RT_756,2602,66.0,0.0,0.0,64.4253164556962,Nutlin_10_AA03,Nutlin,10,AA03,alveolar basal epithelial cells,A549,True,lung adenocarcinoma,cell_line,human,drug,1565,4.5734053,1.537279,1,CHEMBL407632;CHEMBL191334,10.0,False,Nutlin,1565
B08_B02_RT_405,5288,21.0,7.113626261520301e-53,2.2763604036864998e-51,4.4958111195735,Nutlin_10_BA11,Nutlin,10,BA11,alveolar basal epithelial cells,A549,True,lung adenocarcinoma,cell_line,human,drug,2699,12.178517,2.269289,1,CHEMBL407632;CHEMBL191334,10.0,False,Nutlin,2699
E12_B02_RT_648,2277,15.0,5.96657810429305e-32,8.94986715643957e-31,10.1306620209059,Nutlin_10_BB07,Nutlin,10,BB07,alveolar basal epithelial cells,A549,True,lung adenocarcinoma,cell_line,human,drug,1444,3.9086518,1.71278,1,CHEMBL407632;CHEMBL191334,10.0,False,Nutlin,1444
G03_B02_RT_735,4572,131.0,0.0,0.0,120.175787728027,Nutlin_10_AA03,Nutlin,10,AA03,alveolar basal epithelial cells,A549,True,lung adenocarcinoma,cell_line,human,drug,2364,5.752406,1.4873141,1,CHEMBL407632;CHEMBL191334,10.0,False,Nutlin,2364
C02_B02_RT_425,1944,50.0,5.50565147106327e-155,1.6516954413189798e-153,inf,Nutlin_10_AA11,Nutlin,10,AA11,alveolar basal epithelial cells,A549,True,lung adenocarcinoma,cell_line,human,drug,1289,5.144033,1.6460905,1,CHEMBL407632;CHEMBL191334,10.0,False,Nutlin,1289
D11_B02_RT_474,3036,96.0,0.0,0.0,90.8613518197574,Nutlin_10_AA03,Nutlin,10,AA03,alveolar basal epithelial cells,A549,True,lung adenocarcinoma,cell_line,human,drug,1803,4.644269,1.8445323,1,CHEMBL407632;CHEMBL191334,10.0,False,Nutlin,1803
H04_B02_RT_566,1065,2.0,2.56322176610861e-06,9.227598357991e-05,1.00836820083682,Nutlin_50_AA02,Nutlin,50,AA02,alveolar basal epithelial cells,A549,True,lung adenocarcinoma,cell_line,human,drug,733,3.943662,0.09389672,1,CHEMBL407632;CHEMBL191334,50.0,False,Nutlin,733
D02_B02_RT_616,3451,31.0,0.0,0.0,28.9206145966709,Nutlin_10_BA11,Nutlin,10,BA11,alveolar basal epithelial cells,A549,True,lung adenocarcinoma,cell_line,human,drug,1829,14.198783,2.2022603,1,CHEMBL407632;CHEMBL191334,10.0,False,Nutlin,1829
E03_B02_RT_623,3281,127.0,0.0,0.0,158.068527918782,Nutlin_10_AA03,Nutlin,10,AA03,alveolar basal epithelial cells,A549,True,lung adenocarcinoma,cell_line,human,drug,1843,5.8518744,1.127705,1,CHEMBL407632;CHEMBL191334,10.0,False,Nutlin,1843
C08_B02_RT_521,8018,126.0,0.0,0.0,108.838709677419,Nutlin_10_AB07,Nutlin,10,AB07,alveolar basal epithelial cells,A549,True,lung adenocarcinoma,cell_line,human,drug,3412,8.393615,1.7834872,1,CHEMBL407632;CHEMBL191334,10.0,False,Nutlin,3412
D06_A01_RT_598,2524,8.0,2.90248101116434e-33,7.54645062902729e-32,2.95789473684211,Nutlin_50_AB06,Nutlin,50,AB06,alveolar basal epithelial cells,A549,True,lung adenocarcinoma,cell_line,human,drug,1595,4.9128366,1.3470682,1,CHEMBL407632;CHEMBL191334,50.0,False,Nutlin,1595
G11_A01_RT_748,1987,1078.0,0.0,0.0,1666.57437218287,Nutlin_10_AA03,Nutlin,10,AA03,alveolar basal epithelial cells,A549,True,lung adenocarcinoma,cell_line,human,drug,1305,6.2908907,1.9124308,1,CHEMBL407632;CHEMBL191334,10.0,False,Nutlin,1305
C02_B02_RT_557,3054,91.0,0.0,0.0,87.031914893617,Nutlin_10_AA03,Nutlin,10,AA03,alveolar basal epithelial cells,A549,True,lung adenocarcinoma,cell_line,human,drug,1799,7.301899,1.7354289,1,CHEMBL407632;CHEMBL191334,10.0,False,Nutlin,1799
B09_A01_RT_481,3441,81.0,0.0,0.0,78.3771986970684,Nutlin_10_AB07,Nutlin,10,AB07,alveolar basal epithelial cells,A549,True,lung adenocarcinoma,cell_line,human,drug,1898,7.3234525,1.1624528,1,CHEMBL407632;CHEMBL191334,10.0,False,Nutlin,1898
E06_B02_RT_680,1532,11.0,9.30329417847224e-133,3.16312002068056e-131,2.50464135021097,Nutlin_10_BB07,Nutlin,10,BB07,alveolar basal epithelial cells,A549,True,lung adenocarcinoma,cell_line,human,drug,923,11.749348,1.8929504,1,CHEMBL407632;CHEMBL191334,10.0,False,Nutlin,923
A10_B02_RT_404,5376,233.0,0.0,0.0,20.7408369120144,Nutlin_10_AA03,Nutlin,10,AA03,alveolar basal epithelial cells,A549,True,lung adenocarcinoma,cell_line,human,drug,2794,7.905506,2.2693453,1,CHEMBL407632;CHEMBL191334,10.0,False,Nutlin,2794
B09_A01_RT_401,3516,51.0,0.0,0.0,47.1405750798722,Nutlin_10_AB07,Nutlin,10,AB07,alveolar basal epithelial cells,A549,True,lung adenocarcinoma,cell_line,human,drug,2025,7.8782706,1.7633674,1,CHEMBL407632;CHEMBL191334,10.0,False,Nutlin,2025
F01_A01_RT_469,6620,61.0,0.0,0.0,4.78832466056582,Nutlin_10_AA03,Nutlin,10,AA03,alveolar basal epithelial cells,A549,True,lung adenocarcinoma,cell_line,human,drug,3187,13.126888,1.9788519,1,CHEMBL407632;CHEMBL191334,10.0,False,Nutlin,3187
A03_A01_RT_462,2452,41.0,0.0,0.0,41.0,Nutlin_10_AB07,Nutlin,10,AB07,alveolar basal epithelial cells,A549,True,lung adenocarcinoma,cell_line,human,drug,1476,6.8107667,2.0799348,1,CHEMBL407632;CHEMBL191334,10.0,False,Nutlin,1476
F04_A01_RT_726,13368,425.0,0.0,0.0,1.5771393707889,Nutlin_50_AB06,Nutlin,50,AB06,alveolar basal epithelial cells,A549,True,lung adenocarcinoma,cell_line,human,drug,5185,7.3159785,1.8252543,1,CHEMBL407632;CHEMBL191334,50.0,False,Nutlin,5185
H04_B02_RT_760,7122,319.0,0.0,0.0,305.029045643154,Nutlin_50_AA10,Nutlin,50,AA10,alveolar basal epithelial cells,A549,True,lung adenocarcinoma,cell_line,human,drug,3157,8.438641,3.173266,1,CHEMBL407632;CHEMBL191334,50.0,False,Nutlin,3157
C02_A01_RT_744,11090,43.0,0.0,0.0,43.0836653386454,Nutlin_10_BA11,Nutlin,10,BA11,alveolar basal epithelial cells,A549,True,lung adenocarcinoma,cell_line,human,drug,4017,15.599639,1.1361587,1,CHEMBL407632;CHEMBL191334,10.0,False,Nutlin,4017
G11_A01_RT_641,27174,502.0,0.0,0.0,1.48155442863718,Nutlin_10_AB07,Nutlin,10,AB07,alveolar basal epithelial cells,A549,True,lung adenocarcinoma,cell_line,human,drug,7127,6.881578,1.4315155,1,CHEMBL407632;CHEMBL191334,10.0,False,Nutlin,7127
G06_B02_RT_428,1135,5.0,0.0003144346076799,0.0110052112687993,1.00646830530401,Nutlin_50_AA02,Nutlin,50,AA02,alveolar basal epithelial cells,A549,True,lung adenocarcinoma,cell_line,human,drug,807,4.933921,0.52863437,1,CHEMBL407632;CHEMBL191334,50.0,False,Nutlin,807
B10_B02_RT_614,3987,58.0,0.0,0.0,54.2731376975169,Nutlin_10_BA03,Nutlin,10,BA03,alveolar basal epithelial cells,A549,True,lung adenocarcinoma,cell_line,human,drug,2125,7.5746174,1.6302985,1,CHEMBL407632;CHEMBL191334,10.0,False,Nutlin,2125
H05_A01_RT_708,2791,11.0,1.2414304824923899e-36,2.3587179167355302e-35,5.04068047337278,Nutlin_10_BB07,Nutlin,10,BB07,alveolar basal epithelial cells,A549,True,lung adenocarcinoma,cell_line,human,drug,1603,9.387317,1.1823719,1,CHEMBL407632;CHEMBL191334,10.0,False,Nutlin,1603
A01_A01_RT_739,2436,77.0,0.0,0.0,72.0653266331658,Nutlin_10_AA03,Nutlin,10,AA03,alveolar basal epithelial cells,A549,True,lung adenocarcinoma,cell_line,human,drug,1617,1.7241379,2.4220033,1,CHEMBL407632;CHEMBL191334,10.0,False,Nutlin,1617
D04_A01_RT_427,1872,75.0,0.0,0.0,83.9318181818182,Nutlin_10_AB07,Nutlin,10,AB07,alveolar basal epithelial cells,A549,True,lung adenocarcinoma,cell_line,human,drug,1157,8.867521,2.1367521,1,CHEMBL407632;CHEMBL191334,10.0,False,Nutlin,1157
G01_A01_RT_446,1089,5.0,0.0036930108377375,0.0923252709434385,1.01290322580645,Nutlin_100_AA09,Nutlin,100,AA09,alveolar basal epithelial cells,A549,True,lung adenocarcinoma,cell_line,human,drug,785,4.040404,0.36730945,1,CHEMBL407632;CHEMBL191334,100.0,False,Nutlin,785
H07_B02_RT_628,4346,8.0,0.0,0.0,5.17663293468261,Nutlin_10_BB07,Nutlin,10,BB07,alveolar basal epithelial cells,A549,True,lung adenocarcinoma,cell_line,human,drug,2234,9.802117,1.5876669,1,CHEMBL407632;CHEMBL191334,10.0,False,Nutlin,2234
F07_B02_RT_462,3207,83.0,0.0,0.0,37.7134502923977,Nutlin_10_AB07,Nutlin,10,AB07,alveolar basal epithelial cells,A549,True,lung adenocarcinoma,cell_line,human,drug,1712,11.537262,2.4633615,1,CHEMBL407632;CHEMBL191334,10.0,False,Nutlin,1712
A11_A01_RT_643,11240,144.0,0.0,0.0,2.23494117647059,Nutlin_10_BA11,Nutlin,10,BA11,alveolar basal epithelial cells,A549,True,lung adenocarcinoma,cell_line,human,drug,4642,6.3879004,1.9661921,1,CHEMBL407632;CHEMBL191334,10.0,False,Nutlin,4642
D09_A01_RT_446,3098,43.0,0.0,0.0,19.3547204399633,Nutlin_10_AA03,Nutlin,10,AA03,alveolar basal epithelial cells,A549,True,lung adenocarcinoma,cell_line,human,drug,2004,3.5506778,2.2272434,1,CHEMBL407632;CHEMBL191334,10.0,False,Nutlin,2004
A07_A01_RT_633,3397,75.0,0.0,0.0,74.7762836185819,Nutlin_10_AA11,Nutlin,10,AA11,alveolar basal epithelial cells,A549,True,lung adenocarcinoma,cell_line,human,drug,2020,5.0044155,2.0606418,1,CHEMBL407632;CHEMBL191334,10.0,False,Nutlin,2020
F12_B02_RT_503,2709,140.0,0.0,0.0,2.31828111747925,Nutlin_10_AA03,Nutlin,10,AA03,alveolar basal epithelial cells,A549,True,lung adenocarcinoma,cell_line,human,drug,1605,9.966778,3.1746032,1,CHEMBL407632;CHEMBL191334,10.0,False,Nutlin,1605
G07_B02_RT_756,4167,22.0,0.0,0.0,12.1784266017843,Nutlin_10_BA03,Nutlin,10,BA03,alveolar basal epithelial cells,A549,True,lung adenocarcinoma,cell_line,human,drug,2183,7.9433646,1.2479001,1,CHEMBL407632;CHEMBL191334,10.0,False,Nutlin,2183
A05_B02_RT_406,10498,15.0,0.0,0.0,9.32567049808429,Nutlin_10_BB07,Nutlin,10,BB07,alveolar basal epithelial cells,A549,True,lung adenocarcinoma,cell_line,human,drug,4298,2.0384836,1.8098686,1,CHEMBL407632;CHEMBL191334,10.0,False,Nutlin,4298
D07_A01_RT_630,7756,65.0,0.0,0.0,61.8709677419355,Nutlin_10_AA11,Nutlin,10,AA11,alveolar basal epithelial cells,A549,True,lung adenocarcinoma,cell_line,human,drug,3220,14.5693655,1.1732852,1,CHEMBL407632;CHEMBL191334,10.0,False,Nutlin,3220
F08_A01_RT_423,6326,81.0,0.0,0.0,75.4698033707865,Nutlin_10_AB07,Nutlin,10,AB07,alveolar basal epithelial cells,A549,True,lung adenocarcinoma,cell_line,human,drug,2962,9.658552,1.56497,1,CHEMBL407632;CHEMBL191334,10.0,False,Nutlin,2962
B04_B02_RT_756,2579,61.0,0.0,0.0,59.831223628692,Nutlin_10_AB07,Nutlin,10,AB07,alveolar basal epithelial cells,A549,True,lung adenocarcinoma,cell_line,human,drug,1663,4.2264442,2.2489338,1,CHEMBL407632;CHEMBL191334,10.0,False,Nutlin,1663
F05_A01_RT_424,9636,92.0,0.0,0.0,100.423469387755,Nutlin_10_BA11,Nutlin,10,BA11,alveolar basal epithelial cells,A549,True,lung adenocarcinoma,cell_line,human,drug,4065,5.821918,1.286841,1,CHEMBL407632;CHEMBL191334,10.0,False,Nutlin,4065
D08_A01_RT_495,4052,46.0,0.0,0.0,39.9477668433005,Nutlin_10_AA11,Nutlin,10,AA11,alveolar basal epithelial cells,A549,True,lung adenocarcinoma,cell_line,human,drug,2185,8.563672,1.2586377,1,CHEMBL407632;CHEMBL191334,10.0,False,Nutlin,2185
G09_B02_RT_517,1360,3.0,3.8356078461079104e-19,8.05477647682661e-18,1.00343249427918,Nutlin_100_AA09,Nutlin,100,AA09,alveolar basal epithelial cells,A549,True,lung adenocarcinoma,cell_line,human,drug,983,4.3382354,0.22058824,1,CHEMBL407632;CHEMBL191334,100.0,False,Nutlin,983
B10_A01_RT_698,4123,64.0,0.0,0.0,1.20934411500449,Nutlin_10_AA11,Nutlin,10,AA11,alveolar basal epithelial cells,A549,True,lung adenocarcinoma,cell_line,human,drug,2294,8.780015,1.7948096,1,CHEMBL407632;CHEMBL191334,10.0,False,Nutlin,2294
B12_A01_RT_740,4648,57.0,0.0,0.0,48.7298050139276,Nutlin_10_AA11,Nutlin,10,AA11,alveolar basal epithelial cells,A549,True,lung adenocarcinoma,cell_line,human,drug,2397,8.326161,2.2375214,1,CHEMBL407632;CHEMBL191334,10.0,False,Nutlin,2397
F03_A01_RT_580,1149,44.0,3.84231392782974e-09,4.99500810617866e-08,42.4142661179698,Nutlin_50_AA02,Nutlin,50,AA02,alveolar basal epithelial cells,A549,True,lung adenocarcinoma,cell_line,human,drug,799,10.966058,4.4386425,1,CHEMBL407632;CHEMBL191334,50.0,False,Nutlin,799
F12_B02_RT_448,5120,90.0,0.0,0.0,78.7154899894626,Nutlin_50_AA10,Nutlin,50,AA10,alveolar basal epithelial cells,A549,True,lung adenocarcinoma,cell_line,human,drug,2745,2.96875,2.96875,1,CHEMBL407632;CHEMBL191334,50.0,False,Nutlin,2745
F12_A01_RT_623,4728,337.0,0.0,0.0,3.02442518729293,Nutlin_10_AB07,Nutlin,10,AB07,alveolar basal epithelial cells,A549,True,lung adenocarcinoma,cell_line,human,drug,2378,11.632826,1.8401015,1,CHEMBL407632;CHEMBL191334,10.0,False,Nutlin,2378
B01_B02_RT_424,1947,6.0,3.6141441145832897e-12,7.589702640624901e-11,1.00588812561335,Nutlin_50_AA10,Nutlin,50,AA10,alveolar basal epithelial cells,A549,True,lung adenocarcinoma,cell_line,human,drug,1352,2.1058037,0.3081664,1,CHEMBL407632;CHEMBL191334,50.0,False,Nutlin,1352
C01_B02_RT_384,4404,98.0,0.0,0.0,133.227586206897,Nutlin_10_BA11,Nutlin,10,BA11,alveolar basal epithelial cells,A549,True,lung adenocarcinoma,cell_line,human,drug,2157,13.578565,1.407811,1,CHEMBL407632;CHEMBL191334,10.0,False,Nutlin,2157
G02_B02_RT_630,11382,192.0,0.0,0.0,2.90979837283339,Nutlin_50_BA10,Nutlin,50,BA10,alveolar basal epithelial cells,A549,True,lung adenocarcinoma,cell_line,human,drug,4476,6.439993,1.9153049,1,CHEMBL407632;CHEMBL191334,50.0,False,Nutlin,4476
B09_B02_RT_466,5799,138.0,0.0,0.0,124.125,Nutlin_10_AA11,Nutlin,10,AA11,alveolar basal epithelial cells,A549,True,lung adenocarcinoma,cell_line,human,drug,2790,8.087602,1.5519917,1,CHEMBL407632;CHEMBL191334,10.0,False,Nutlin,2790
C06_B02_RT_394,10876,202.0,0.0,0.0,3.11218439439913,Nutlin_10_AA03,Nutlin,10,AA03,alveolar basal epithelial cells,A549,True,lung adenocarcinoma,cell_line,human,drug,4288,9.2773075,1.287238,1,CHEMBL407632;CHEMBL191334,10.0,False,Nutlin,4288
G09_A01_RT_762,30599,290.0,0.0,0.0,4.48958618978598,Nutlin_10_AB07,Nutlin,10,AB07,alveolar basal epithelial cells,A549,True,lung adenocarcinoma,cell_line,human,drug,7456,7.5427303,1.9379718,1,CHEMBL407632;CHEMBL191334,10.0,False,Nutlin,7456
F05_A01_RT_745,7287,31.0,0.0,0.0,24.9359504132231,Nutlin_10_BA03,Nutlin,10,BA03,alveolar basal epithelial cells,A549,True,lung adenocarcinoma,cell_line,human,drug,3165,16.23439,1.4958144,1,CHEMBL407632;CHEMBL191334,10.0,False,Nutlin,3165
B05_B02_RT_738,7826,51.0,0.0,0.0,27.0657298277425,Nutlin_10_BA03,Nutlin,10,BA03,alveolar basal epithelial cells,A549,True,lung adenocarcinoma,cell_line,human,drug,3193,15.014055,2.0444672,1,CHEMBL407632;CHEMBL191334,10.0,False,Nutlin,3193
H03_A01_RT_565,1039,9.0,0.0002213216267871,0.0059756839232518,1.02741812642803,Nutlin_100_BA09,Nutlin,100,BA09,alveolar basal epithelial cells,A549,True,lung adenocarcinoma,cell_line,human,drug,740,5.7747836,0.38498557,1,CHEMBL407632;CHEMBL191334,100.0,False,Nutlin,740
C03_B02_RT_619,1250,3.0,0.999999999999693,1.0,1.01756954612006,Nutlin_10_AB07,Nutlin,10,AB07,alveolar basal epithelial cells,A549,True,lung adenocarcinoma,cell_line,human,drug,840,7.6,0.64,1,CHEMBL407632;CHEMBL191334,10.0,False,Nutlin,840
F07_A01_RT_655,5215,172.0,0.0,0.0,218.940828402367,Nutlin_50_AB06,Nutlin,50,AB06,alveolar basal epithelial cells,A549,True,lung adenocarcinoma,cell_line,human,drug,2820,2.7996166,2.1668265,1,CHEMBL407632;CHEMBL191334,50.0,False,Nutlin,2820
H08_B02_RT_497,4591,8.0,0.0,0.0,4.98701298701299,Nutlin_10_BB07,Nutlin,10,BB07,alveolar basal epithelial cells,A549,True,lung adenocarcinoma,cell_line,human,drug,2442,7.8849926,0.76236117,1,CHEMBL407632;CHEMBL191334,10.0,False,Nutlin,2442
A07_B02_RT_468,7979,118.0,0.0,0.0,96.4759450171821,Nutlin_50_BB06,Nutlin,50,BB06,alveolar basal epithelial cells,A549,True,lung adenocarcinoma,cell_line,human,drug,3759,2.6695075,2.368718,1,CHEMBL407632;CHEMBL191334,50.0,False,Nutlin,3759
B07_A01_RT_404,4424,118.0,0.0,0.0,1.58860005749251,Nutlin_10_AA11,Nutlin,10,AA11,alveolar basal epithelial cells,A549,True,lung adenocarcinoma,cell_line,human,drug,2301,11.3698015,2.7124774,1,CHEMBL407632;CHEMBL191334,10.0,False,Nutlin,2301
A02_B02_RT_470,3807,32.0,0.0,0.0,33.1428571428571,Nutlin_50_BB06,Nutlin,50,BB06,alveolar basal epithelial cells,A549,True,lung adenocarcinoma,cell_line,human,drug,2289,1.3396375,1.8124508,1,CHEMBL407632;CHEMBL191334,50.0,False,Nutlin,2289
B11_A01_RT_566,8979,262.0,0.0,0.0,803.401639344262,Nutlin_50_AB06,Nutlin,50,AB06,alveolar basal epithelial cells,A549,True,lung adenocarcinoma,cell_line,human,drug,4051,2.8845084,1.9489921,1,CHEMBL407632;CHEMBL191334,50.0,False,Nutlin,4051
A07_A01_RT_565,7590,8.0,6.11505586954282e-89,8.56107821735994e-88,2.98208286674132,Nutlin_10_BA03,Nutlin,10,BA03,alveolar basal epithelial cells,A549,True,lung adenocarcinoma,cell_line,human,drug,3325,15.059289,1.660079,1,CHEMBL407632;CHEMBL191334,10.0,False,Nutlin,3325
D03_B02_RT_497,6583,214.0,0.0,0.0,1.39783787341522,Nutlin_50_AA10,Nutlin,50,AA10,alveolar basal epithelial cells,A549,True,lung adenocarcinoma,cell_line,human,drug,3071,10.967644,1.4431111,1,CHEMBL407632;CHEMBL191334,50.0,False,Nutlin,3071
H02_B02_RT_589,4537,137.0,0.0,0.0,127.318407960199,Nutlin_50_BB06,Nutlin,50,BB06,alveolar basal epithelial cells,A549,True,lung adenocarcinoma,cell_line,human,drug,2440,4.0114613,1.8734847,1,CHEMBL407632;CHEMBL191334,50.0,False,Nutlin,2440
F01_B02_RT_539,1421,94.0,3.6454649996091e-287,1.203003449871e-285,95.3078947368421,Nutlin_10_AA03,Nutlin,10,AA03,alveolar basal epithelial cells,A549,True,lung adenocarcinoma,cell_line,human,drug,990,2.4630542,1.9704434,1,CHEMBL407632;CHEMBL191334,10.0,False,Nutlin,990
E09_A01_RT_424,2421,10.0,0.999666508927348,1.0,2.05383580080754,Nutlin_10_BA11,Nutlin,10,BA11,alveolar basal epithelial cells,A549,True,lung adenocarcinoma,cell_line,human,drug,1572,2.51962,0.33044195,1,CHEMBL407632;CHEMBL191334,10.0,False,Nutlin,1572
E07_A01_RT_402,6951,47.0,0.0,0.0,42.9208173690932,Nutlin_10_AA11,Nutlin,10,AA11,alveolar basal epithelial cells,A549,True,lung adenocarcinoma,cell_line,human,drug,3137,7.5528703,1.337937,1,CHEMBL407632;CHEMBL191334,10.0,False,Nutlin,3137
G12_B02_RT_448,9604,428.0,0.0,0.0,1.24941136775396,Nutlin_50_BA10,Nutlin,50,BA10,alveolar basal epithelial cells,A549,True,lung adenocarcinoma,cell_line,human,drug,4093,4.008746,2.0408163,1,CHEMBL407632;CHEMBL191334,50.0,False,Nutlin,4093
A01_B02_RT_554,4925,76.0,0.0,0.0,63.4133790737564,Nutlin_10_AA11,Nutlin,10,AA11,alveolar basal epithelial cells,A549,True,lung adenocarcinoma,cell_line,human,drug,2486,6.680203,1.2588832,1,CHEMBL407632;CHEMBL191334,10.0,False,Nutlin,2486
A07_A01_RT_729,7619,96.0,0.0,0.0,88.2474804031355,Nutlin_10_AB07,Nutlin,10,AB07,alveolar basal epithelial cells,A549,True,lung adenocarcinoma,cell_line,human,drug,3391,7.5731726,1.5356346,1,CHEMBL407632;CHEMBL191334,10.0,False,Nutlin,3391
A11_B02_RT_752,1316,7.0,0.298022747329496,1.0,1.02075098814229,Nutlin_10_BB07,Nutlin,10,BB07,alveolar basal epithelial cells,A549,True,lung adenocarcinoma,cell_line,human,drug,950,4.1793313,0.45592704,1,CHEMBL407632;CHEMBL191334,10.0,False,Nutlin,950
B09_A01_RT_512,5677,14.0,0.0,0.0,8.06117353308365,Nutlin_10_BB07,Nutlin,10,BB07,alveolar basal epithelial cells,A549,True,lung adenocarcinoma,cell_line,human,drug,2818,8.877929,1.955258,1,CHEMBL407632;CHEMBL191334,10.0,False,Nutlin,2818
G03_A01_RT_433,1863,10.0,0.147304768508816,1.0,1.87353206865402,Nutlin_10_BA11,Nutlin,10,BA11,alveolar basal epithelial cells,A549,True,lung adenocarcinoma,cell_line,human,drug,1182,2.6301663,0.4830918,1,CHEMBL407632;CHEMBL191334,10.0,False,Nutlin,1182
H06_A01_RT_628,2075,21.0,0.0,0.0,17.950991831972,Nutlin_10_AA11,Nutlin,10,AA11,alveolar basal epithelial cells,A549,True,lung adenocarcinoma,cell_line,human,drug,1432,4.2891564,1.7831326,1,CHEMBL407632;CHEMBL191334,10.0,False,Nutlin,1432
A11_B02_RT_446,18771,171.0,0.0,0.0,4.69570707070707,Nutlin_50_BB06,Nutlin,50,BB06,alveolar basal epithelial cells,A549,True,lung adenocarcinoma,cell_line,human,drug,5858,7.719354,1.5609185,1,CHEMBL407632;CHEMBL191334,50.0,False,Nutlin,5858
E05_A01_RT_604,7334,205.0,0.0,0.0,266.801369863014,Nutlin_50_BA02,Nutlin,50,BA02,alveolar basal epithelial cells,A549,True,lung adenocarcinoma,cell_line,human,drug,3462,4.0632668,2.2225251,1,CHEMBL407632;CHEMBL191334,50.0,False,Nutlin,3462
G09_B02_RT_583,5338,211.0,0.0,0.0,263.151379567487,Nutlin_50_AA10,Nutlin,50,AA10,alveolar basal epithelial cells,A549,True,lung adenocarcinoma,cell_line,human,drug,2959,2.4915698,2.5477707,1,CHEMBL407632;CHEMBL191334,50.0,False,Nutlin,2959
E06_A01_RT_750,4756,59.0,0.0,0.0,52.7155255544841,Nutlin_10_AA03,Nutlin,10,AA03,alveolar basal epithelial cells,A549,True,lung adenocarcinoma,cell_line,human,drug,2424,13.793103,1.7872162,1,CHEMBL407632;CHEMBL191334,10.0,False,Nutlin,2424
D07_B02_RT_458,1155,44.0,0.0,0.0,49.655737704918,Nutlin_50_BA10,Nutlin,50,BA10,alveolar basal epithelial cells,A549,True,lung adenocarcinoma,cell_line,human,drug,914,5.367965,0.77922076,1,CHEMBL407632;CHEMBL191334,50.0,False,Nutlin,914
F04_B02_RT_596,7349,13.0,2.3903554296798002e-278,1.02785283476231e-276,8.9479305740988,Nutlin_10_AA11,Nutlin,10,AA11,alveolar basal epithelial cells,A549,True,lung adenocarcinoma,cell_line,human,drug,3208,11.470948,1.619268,1,CHEMBL407632;CHEMBL191334,10.0,False,Nutlin,3208
E12_B02_RT_749,3364,117.0,0.0,0.0,161.837438423645,Nutlin_10_AA11,Nutlin,10,AA11,alveolar basal epithelial cells,A549,True,lung adenocarcinoma,cell_line,human,drug,1879,8.382877,1.9916766,1,CHEMBL407632;CHEMBL191334,10.0,False,Nutlin,1879
A05_A01_RT_566,4724,62.0,0.0,0.0,56.8370565045992,Nutlin_10_AA11,Nutlin,10,AA11,alveolar basal epithelial cells,A549,True,lung adenocarcinoma,cell_line,human,drug,2456,8.61558,1.7146486,1,CHEMBL407632;CHEMBL191334,10.0,False,Nutlin,2456
B01_A01_RT_480,3538,79.0,0.0,0.0,95.4155405405405,Nutlin_10_AA03,Nutlin,10,AA03,alveolar basal epithelial cells,A549,True,lung adenocarcinoma,cell_line,human,drug,2070,2.3176937,1.8089316,1,CHEMBL407632;CHEMBL191334,10.0,False,Nutlin,2070
D02_B02_RT_626,3411,66.0,0.0,0.0,68.4461538461538,Nutlin_50_BB06,Nutlin,50,BB06,alveolar basal epithelial cells,A549,True,lung adenocarcinoma,cell_line,human,drug,1990,4.0750513,3.6646144,1,CHEMBL407632;CHEMBL191334,50.0,False,Nutlin,1990
B08_A01_RT_752,6749,18.0,5.4105233477156e-17,3.78736634340092e-16,12.0,Nutlin_10_BA03,Nutlin,10,BA03,alveolar basal epithelial cells,A549,True,lung adenocarcinoma,cell_line,human,drug,3087,12.327752,1.9262112,1,CHEMBL407632;CHEMBL191334,10.0,False,Nutlin,3087
G04_A01_RT_575,1664,11.0,3.93674058386173e-16,2.51951397367151e-14,1.72944483485594,Nutlin_10_AB07,Nutlin,10,AB07,alveolar basal epithelial cells,A549,True,lung adenocarcinoma,cell_line,human,drug,1132,3.4855769,1.1418269,1,CHEMBL407632;CHEMBL191334,10.0,False,Nutlin,1132
D04_B02_RT_456,4000,96.0,0.0,0.0,143.340782122905,Nutlin_10_AB07,Nutlin,10,AB07,alveolar basal epithelial cells,A549,True,lung adenocarcinoma,cell_line,human,drug,2109,7.25,1.725,1,CHEMBL407632;CHEMBL191334,10.0,False,Nutlin,2109
E05_A01_RT_502,1129,2.0,1.0,1.0,1.49320388349515,Nutlin_50_AB06,Nutlin,50,AB06,alveolar basal epithelial cells,A549,True,lung adenocarcinoma,cell_line,human,drug,839,5.2258635,0.44286978,1,CHEMBL407632;CHEMBL191334,50.0,False,Nutlin,839
B09_A01_RT_746,4501,65.0,0.0,0.0,60.7184405940594,Nutlin_10_AA11,Nutlin,10,AA11,alveolar basal epithelial cells,A549,True,lung adenocarcinoma,cell_line,human,drug,2336,8.686958,1.3108199,1,CHEMBL407632;CHEMBL191334,10.0,False,Nutlin,2336
D04_B02_RT_663,1666,107.0,0.0,0.0,104.708181818182,Nutlin_50_BB06,Nutlin,50,BB06,alveolar basal epithelial cells,A549,True,lung adenocarcinoma,cell_line,human,drug,1211,2.8211284,1.6206483,1,CHEMBL407632;CHEMBL191334,50.0,False,Nutlin,1211
D02_A01_RT_591,2190,31.0,0.0,0.0,27.7173252279635,Nutlin_10_AA11,Nutlin,10,AA11,alveolar basal epithelial cells,A549,True,lung adenocarcinoma,cell_line,human,drug,1429,5.0684934,1.4611872,1,CHEMBL407632;CHEMBL191334,10.0,False,Nutlin,1429
D11_B02_RT_577,4020,104.0,0.0,0.0,88.3228111971411,Nutlin_10_AB07,Nutlin,10,AB07,alveolar basal epithelial cells,A549,True,lung adenocarcinoma,cell_line,human,drug,2133,6.2935324,2.3880596,1,CHEMBL407632;CHEMBL191334,10.0,False,Nutlin,2133
G05_B02_RT_528,1096,4.0,0.132606158962063,0.928243112734444,1.94285714285714,Nutlin_50_AB06,Nutlin,50,AB06,alveolar basal epithelial cells,A549,True,lung adenocarcinoma,cell_line,human,drug,787,4.470803,0.54744524,1,CHEMBL407632;CHEMBL191334,50.0,False,Nutlin,787
F09_A01_RT_505,6995,277.0,0.0,0.0,3.4579611533014,Nutlin_10_AA03,Nutlin,10,AA03,alveolar basal epithelial cells,A549,True,lung adenocarcinoma,cell_line,human,drug,3325,5.761258,1.8441744,1,CHEMBL407632;CHEMBL191334,10.0,False,Nutlin,3325
F01_B02_RT_750,3256,103.0,0.0,0.0,92.8793911007026,Nutlin_10_BA11,Nutlin,10,BA11,alveolar basal epithelial cells,A549,True,lung adenocarcinoma,cell_line,human,drug,1849,6.1732187,2.2727273,1,CHEMBL407632;CHEMBL191334,10.0,False,Nutlin,1849
E12_A01_RT_450,5941,63.0,0.0,0.0,31.184355179704,Nutlin_10_AB07,Nutlin,10,AB07,alveolar basal epithelial cells,A549,True,lung adenocarcinoma,cell_line,human,drug,2778,13.246928,1.7000505,1,CHEMBL407632;CHEMBL191334,10.0,False,Nutlin,2778
F04_A01_RT_731,19706,179.0,0.0,0.0,5.5935805444487,Nutlin_10_AA03,Nutlin,10,AA03,alveolar basal epithelial cells,A549,True,lung adenocarcinoma,cell_line,human,drug,6265,7.145032,2.1668527,1,CHEMBL407632;CHEMBL191334,10.0,False,Nutlin,6265
C07_A01_RT_670,12689,146.0,0.0,0.0,2.91631645303635,Nutlin_10_AA03,Nutlin,10,AA03,alveolar basal epithelial cells,A549,True,lung adenocarcinoma,cell_line,human,drug,4969,8.140909,1.9780912,1,CHEMBL407632;CHEMBL191334,10.0,False,Nutlin,4969
F09_A01_RT_597,2084,44.0,0.0,0.0,40.8649789029536,Nutlin_10_AA11,Nutlin,10,AA11,alveolar basal epithelial cells,A549,True,lung adenocarcinoma,cell_line,human,drug,1193,18.18618,2.6391554,1,CHEMBL407632;CHEMBL191334,10.0,False,Nutlin,1193
G12_B02_RT_393,3148,73.0,0.0,0.0,58.70059215396,Nutlin_10_BB07,Nutlin,10,BB07,alveolar basal epithelial cells,A549,True,lung adenocarcinoma,cell_line,human,drug,1755,11.912325,1.7789073,1,CHEMBL407632;CHEMBL191334,10.0,False,Nutlin,1755
F08_B02_RT_493,8644,599.0,0.0,0.0,17.9848275447663,Nutlin_50_BA02,Nutlin,50,BA02,alveolar basal epithelial cells,A549,True,lung adenocarcinoma,cell_line,human,drug,3917,7.3692737,2.6608052,1,CHEMBL407632;CHEMBL191334,50.0,False,Nutlin,3917
D07_B02_RT_399,10371,187.0,0.0,0.0,1.55288645038168,Nutlin_10_AA03,Nutlin,10,AA03,alveolar basal epithelial cells,A549,True,lung adenocarcinoma,cell_line,human,drug,4451,4.9850545,1.6295439,1,CHEMBL407632;CHEMBL191334,10.0,False,Nutlin,4451
G08_B02_RT_502,1063,2.0,0.881845210497407,1.0,1.00585365853659,Nutlin_50_BB06,Nutlin,50,BB06,alveolar basal epithelial cells,A549,True,lung adenocarcinoma,cell_line,human,drug,787,5.456256,0.4703669,1,CHEMBL407632;CHEMBL191334,50.0,False,Nutlin,787
B07_A01_RT_734,5787,75.0,3.2324390280977404e-20,3.55568293090752e-19,25.4453551912568,Nutlin_50_BA10,Nutlin,50,BA10,alveolar basal epithelial cells,A549,True,lung adenocarcinoma,cell_line,human,drug,2934,5.7197165,2.2464144,1,CHEMBL407632;CHEMBL191334,50.0,False,Nutlin,2934
E07_A01_RT_733,8861,139.0,0.0,0.0,2.03948706360863,Nutlin_50_BA10,Nutlin,50,BA10,alveolar basal epithelial cells,A549,True,lung adenocarcinoma,cell_line,human,drug,3995,7.188805,3.0583456,1,CHEMBL407632;CHEMBL191334,50.0,False,Nutlin,3995
F03_B02_RT_678,7795,80.0,0.0,0.0,73.7304884896126,Nutlin_10_BA11,Nutlin,10,BA11,alveolar basal epithelial cells,A549,True,lung adenocarcinoma,cell_line,human,drug,3404,8.980116,1.898653,1,CHEMBL407632;CHEMBL191334,10.0,False,Nutlin,3404
G03_B02_RT_594,1008,1.0,0.999996683318781,1.0,inf,Nutlin_50_AB06,Nutlin,50,AB06,alveolar basal epithelial cells,A549,True,lung adenocarcinoma,cell_line,human,drug,724,4.3650794,0.3968254,1,CHEMBL407632;CHEMBL191334,50.0,False,Nutlin,724
G05_B02_RT_433,1483,6.0,5.50878834576965e-59,2.09333957139247e-57,1.00179964007199,Nutlin_100_BB05,Nutlin,100,BB05,alveolar basal epithelial cells,A549,True,lung adenocarcinoma,cell_line,human,drug,1054,1.9554956,0.4720162,1,CHEMBL407632;CHEMBL191334,100.0,False,Nutlin,1054
B11_A01_RT_558,16773,259.0,0.0,0.0,1.71527478568351,Nutlin_50_AA10,Nutlin,50,AA10,alveolar basal epithelial cells,A549,True,lung adenocarcinoma,cell_line,human,drug,5774,5.151136,2.3013177,1,CHEMBL407632;CHEMBL191334,50.0,False,Nutlin,5774
G03_A01_RT_743,6491,286.0,0.0,0.0,266.462289263531,Nutlin_10_AA03,Nutlin,10,AA03,alveolar basal epithelial cells,A549,True,lung adenocarcinoma,cell_line,human,drug,2996,8.334618,1.3403174,1,CHEMBL407632;CHEMBL191334,10.0,False,Nutlin,2996
A08_A01_RT_518,1999,92.0,0.0,0.0,89.7662835249042,Nutlin_10_AA03,Nutlin,10,AA03,alveolar basal epithelial cells,A549,True,lung adenocarcinoma,cell_line,human,drug,1200,11.7058525,2.0510256,1,CHEMBL407632;CHEMBL191334,10.0,False,Nutlin,1200
E04_A01_RT_711,1406,4.0,0.658889639965327,1.0,1.01869158878505,Nutlin_50_BA02,Nutlin,50,BA02,alveolar basal epithelial cells,A549,True,lung adenocarcinoma,cell_line,human,drug,998,6.8278804,0.35561877,1,CHEMBL407632;CHEMBL191334,50.0,False,Nutlin,998
C11_A01_RT_709,10952,90.0,0.0,0.0,77.55871886121,Nutlin_10_AA11,Nutlin,10,AA11,alveolar basal epithelial cells,A549,True,lung adenocarcinoma,cell_line,human,drug,4085,10.591673,1.5430971,1,CHEMBL407632;CHEMBL191334,10.0,False,Nutlin,4085
B11_B02_RT_508,6375,262.0,0.0,0.0,2.05565648224608,Nutlin_50_AA02,Nutlin,50,AA02,alveolar basal epithelial cells,A549,True,lung adenocarcinoma,cell_line,human,drug,3016,11.796079,0.7058824,1,CHEMBL407632;CHEMBL191334,50.0,False,Nutlin,3016
H03_B02_RT_745,5672,444.0,0.0,0.0,6.31234694683624,Nutlin_10_AB07,Nutlin,10,AB07,alveolar basal epithelial cells,A549,True,lung adenocarcinoma,cell_line,human,drug,2776,6.170663,1.3399154,1,CHEMBL407632;CHEMBL191334,10.0,False,Nutlin,2776
B06_B02_RT_734,6314,65.0,0.0,0.0,61.2427184466019,Nutlin_10_AA11,Nutlin,10,AA11,alveolar basal epithelial cells,A549,True,lung adenocarcinoma,cell_line,human,drug,2926,11.102312,1.2828635,1,CHEMBL407632;CHEMBL191334,10.0,False,Nutlin,2926
C09_B02_RT_503,2133,4.0,1.2574675008574999e-37,2.51493500171499e-36,1.00341005967604,Nutlin_10_BA11,Nutlin,10,BA11,alveolar basal epithelial cells,A549,True,lung adenocarcinoma,cell_line,human,drug,1403,3.0942335,0.28129396,1,CHEMBL407632;CHEMBL191334,10.0,False,Nutlin,1403
E02_B02_RT_587,2257,74.0,0.0,0.0,92.4343891402715,Nutlin_10_AB07,Nutlin,10,AB07,alveolar basal epithelial cells,A549,True,lung adenocarcinoma,cell_line,human,drug,1435,9.038547,2.34825,1,CHEMBL407632;CHEMBL191334,10.0,False,Nutlin,1435
F07_A01_RT_434,6156,170.0,0.0,0.0,255.823113207547,Nutlin_10_AA03,Nutlin,10,AA03,alveolar basal epithelial cells,A549,True,lung adenocarcinoma,cell_line,human,drug,3032,6.091618,2.2092268,1,CHEMBL407632;CHEMBL191334,10.0,False,Nutlin,3032
E04_A01_RT_662,3727,20.0,0.0,0.0,7.53179190751445,Nutlin_10_BA03,Nutlin,10,BA03,alveolar basal epithelial cells,A549,True,lung adenocarcinoma,cell_line,human,drug,2004,9.873893,1.7708613,1,CHEMBL407632;CHEMBL191334,10.0,False,Nutlin,2004
B11_B02_RT_503,1664,5.0,3.6141702104682095e-11,1.22881787155919e-09,1.0063371356147,Nutlin_50_AB06,Nutlin,50,AB06,alveolar basal epithelial cells,A549,True,lung adenocarcinoma,cell_line,human,drug,1162,1.7427884,0.54086536,1,CHEMBL407632;CHEMBL191334,50.0,False,Nutlin,1162
F12_B02_RT_710,1665,6.0,7.45546468652382e-16,1.04376505611333e-14,1.95546129374337,Nutlin_50_BB06,Nutlin,50,BB06,alveolar basal epithelial cells,A549,True,lung adenocarcinoma,cell_line,human,drug,1091,6.6066065,0.18018018,1,CHEMBL407632;CHEMBL191334,50.0,False,Nutlin,1091
E12_A01_RT_604,5415,38.0,0.0,0.0,30.7667473769169,Nutlin_10_BA11,Nutlin,10,BA11,alveolar basal epithelial cells,A549,True,lung adenocarcinoma,cell_line,human,drug,2877,2.1052632,1.7728531,1,CHEMBL407632;CHEMBL191334,10.0,False,Nutlin,2877
F05_A01_RT_560,5834,102.0,0.0,0.0,50.4468822170901,Nutlin_10_BA11,Nutlin,10,BA11,alveolar basal epithelial cells,A549,True,lung adenocarcinoma,cell_line,human,drug,2864,4.1652384,1.4226946,1,CHEMBL407632;CHEMBL191334,10.0,False,Nutlin,2864
B12_A01_RT_597,1155,67.0,0.0,0.0,36.0393835616438,Nutlin_50_AA10,Nutlin,50,AA10,alveolar basal epithelial cells,A549,True,lung adenocarcinoma,cell_line,human,drug,867,3.7229438,5.367965,1,CHEMBL407632;CHEMBL191334,50.0,False,Nutlin,867
B03_A01_RT_764,4290,47.0,0.0,0.0,45.5140186915888,Nutlin_10_BA11,Nutlin,10,BA11,alveolar basal epithelial cells,A549,True,lung adenocarcinoma,cell_line,human,drug,2198,10.72261,1.3286713,1,CHEMBL407632;CHEMBL191334,10.0,False,Nutlin,2198
C10_B02_RT_565,1026,5.0,5.39560710524924e-12,8.093410657873859e-11,1.97742663656885,Nutlin_50_AB06,Nutlin,50,AB06,alveolar basal epithelial cells,A549,True,lung adenocarcinoma,cell_line,human,drug,747,3.508772,0.0,1,CHEMBL407632;CHEMBL191334,50.0,False,Nutlin,747
H07_B02_RT_400,2431,8.0,1.10429939328426e-08,1.98773890791166e-07,1.01450589301904,Nutlin_10_BB07,Nutlin,10,BB07,alveolar basal epithelial cells,A549,True,lung adenocarcinoma,cell_line,human,drug,1435,4.93624,0.370218,1,CHEMBL407632;CHEMBL191334,10.0,False,Nutlin,1435
A04_B02_RT_505,2063,22.0,0.0,0.0,22.6955684007707,Nutlin_10_BA03,Nutlin,10,BA03,alveolar basal epithelial cells,A549,True,lung adenocarcinoma,cell_line,human,drug,1287,6.7862334,1.8904508,1,CHEMBL407632;CHEMBL191334,10.0,False,Nutlin,1287
F03_B02_RT_711,6413,50.0,0.0,0.0,45.0976314269209,Nutlin_10_BA11,Nutlin,10,BA11,alveolar basal epithelial cells,A549,True,lung adenocarcinoma,cell_line,human,drug,2941,11.071261,1.3410261,1,CHEMBL407632;CHEMBL191334,10.0,False,Nutlin,2941
F11_B02_RT_446,2360,214.0,0.0,0.0,19.6984619934931,Nutlin_10_BA03,Nutlin,10,BA03,alveolar basal epithelial cells,A549,True,lung adenocarcinoma,cell_line,human,drug,1432,11.059322,3.177966,1,CHEMBL407632;CHEMBL191334,10.0,False,Nutlin,1432
D01_B02_RT_551,4818,182.0,0.0,0.0,92.8796992481203,Nutlin_50_BB06,Nutlin,50,BB06,alveolar basal epithelial cells,A549,True,lung adenocarcinoma,cell_line,human,drug,2532,6.102117,2.6774595,1,CHEMBL407632;CHEMBL191334,50.0,False,Nutlin,2532
E11_A01_RT_503,6413,379.0,0.0,0.0,21.6867058341303,Nutlin_50_BA02,Nutlin,50,BA02,alveolar basal epithelial cells,A549,True,lung adenocarcinoma,cell_line,human,drug,3029,13.254327,1.3722126,1,CHEMBL407632;CHEMBL191334,50.0,False,Nutlin,3029
D12_B02_RT_398,3588,38.0,0.0,0.0,25.4657381615599,Nutlin_10_BA11,Nutlin,10,BA11,alveolar basal epithelial cells,A549,True,lung adenocarcinoma,cell_line,human,drug,1921,12.625418,1.8394649,1,CHEMBL407632;CHEMBL191334,10.0,False,Nutlin,1921
C07_A01_RT_492,5623,89.0,0.0,0.0,44.6416443252904,Nutlin_10_AB07,Nutlin,10,AB07,alveolar basal epithelial cells,A549,True,lung adenocarcinoma,cell_line,human,drug,2867,7.611595,2.294149,1,CHEMBL407632;CHEMBL191334,10.0,False,Nutlin,2867
F08_B02_RT_569,5371,24.0,0.0,0.0,9.18089233753637,Nutlin_10_BA03,Nutlin,10,BA03,alveolar basal epithelial cells,A549,True,lung adenocarcinoma,cell_line,human,drug,2505,16.179482,1.1171104,1,CHEMBL407632;CHEMBL191334,10.0,False,Nutlin,2505
F01_B02_RT_503,1523,3.0,1.28838808898732e-32,2.96329260467084e-31,1.00353773584906,Nutlin_10_BA11,Nutlin,10,BA11,alveolar basal epithelial cells,A549,True,lung adenocarcinoma,cell_line,human,drug,1041,3.2173343,0.45961916,1,CHEMBL407632;CHEMBL191334,10.0,False,Nutlin,1041
B03_B02_RT_619,1035,1.0,1.0970221246358202e-19,2.19404424927164e-18,inf,Nutlin_50_BA10,Nutlin,50,BA10,alveolar basal epithelial cells,A549,True,lung adenocarcinoma,cell_line,human,drug,746,6.2801933,0.19323671,1,CHEMBL407632;CHEMBL191334,50.0,False,Nutlin,746
F04_B02_RT_736,6829,205.0,0.0,0.0,1.63537447975962,Nutlin_50_AB06,Nutlin,50,AB06,alveolar basal epithelial cells,A549,True,lung adenocarcinoma,cell_line,human,drug,3274,11.275443,1.9915068,1,CHEMBL407632;CHEMBL191334,50.0,False,Nutlin,3274
G10_A01_RT_630,1566,16.0,1.49625568588964e-09,2.69326023460136e-08,1.01123201123201,Nutlin_50_AA02,Nutlin,50,AA02,alveolar basal epithelial cells,A549,True,lung adenocarcinoma,cell_line,human,drug,1047,5.6194124,0.38314176,1,CHEMBL407632;CHEMBL191334,50.0,False,Nutlin,1047
F02_B02_RT_688,1834,59.0,0.0,0.0,58.1019978969506,Nutlin_10_AA03,Nutlin,10,AA03,alveolar basal epithelial cells,A549,True,lung adenocarcinoma,cell_line,human,drug,1178,11.068703,1.0905125,1,CHEMBL407632;CHEMBL191334,10.0,False,Nutlin,1178
G01_A01_RT_427,5152,22.0,0.0,0.0,16.943949044586,Nutlin_10_BB07,Nutlin,10,BB07,alveolar basal epithelial cells,A549,True,lung adenocarcinoma,cell_line,human,drug,2556,6.6187887,1.9604037,1,CHEMBL407632;CHEMBL191334,10.0,False,Nutlin,2556
C04_B02_RT_457,7651,104.0,0.0,0.0,136.457994579946,Nutlin_50_BB06,Nutlin,50,BB06,alveolar basal epithelial cells,A549,True,lung adenocarcinoma,cell_line,human,drug,3579,2.2742126,1.6729839,1,CHEMBL407632;CHEMBL191334,50.0,False,Nutlin,3579
G11_A01_RT_758,1302,19.0,0.0045583223026566,0.145866313685012,1.00381756077959,Nutlin_50_AA10,Nutlin,50,AA10,alveolar basal epithelial cells,A549,True,lung adenocarcinoma,cell_line,human,drug,856,9.523809,0.9984639,1,CHEMBL407632;CHEMBL191334,50.0,False,Nutlin,856
B09_B02_RT_529,7368,523.0,0.0,0.0,509.841485507246,Nutlin_10_AB07,Nutlin,10,AB07,alveolar basal epithelial cells,A549,True,lung adenocarcinoma,cell_line,human,drug,3350,5.6188927,1.5743756,1,CHEMBL407632;CHEMBL191334,10.0,False,Nutlin,3350
G12_B02_RT_653,5933,155.0,0.0,0.0,181.693344566133,Nutlin_10_AB07,Nutlin,10,AB07,alveolar basal epithelial cells,A549,True,lung adenocarcinoma,cell_line,human,drug,2912,4.769931,2.2079892,1,CHEMBL407632;CHEMBL191334,10.0,False,Nutlin,2912
F06_B02_RT_525,13265,123.0,0.0,0.0,5.7772220634467,Nutlin_10_AA03,Nutlin,10,AA03,alveolar basal epithelial cells,A549,True,lung adenocarcinoma,cell_line,human,drug,5072,7.1315494,1.447418,1,CHEMBL407632;CHEMBL191334,10.0,False,Nutlin,5072
H03_A01_RT_650,5570,71.0,0.0,0.0,71.2401315789474,Nutlin_10_BA11,Nutlin,10,BA11,alveolar basal epithelial cells,A549,True,lung adenocarcinoma,cell_line,human,drug,2655,12.513465,1.5260323,1,CHEMBL407632;CHEMBL191334,10.0,False,Nutlin,2655
F06_B02_RT_671,5316,345.0,0.0,0.0,554.42,Nutlin_50_AB06,Nutlin,50,AB06,alveolar basal epithelial cells,A549,True,lung adenocarcinoma,cell_line,human,drug,2810,4.458239,2.9721596,1,CHEMBL407632;CHEMBL191334,50.0,False,Nutlin,2810
G12_B02_RT_559,6196,150.0,0.0,0.0,193.061497326203,Nutlin_50_BA02,Nutlin,50,BA02,alveolar basal epithelial cells,A549,True,lung adenocarcinoma,cell_line,human,drug,3137,1.4686894,2.646869,1,CHEMBL407632;CHEMBL191334,50.0,False,Nutlin,3137
F10_B02_RT_388,3151,176.0,0.0,0.0,111.092238470191,Nutlin_10_AA03,Nutlin,10,AA03,alveolar basal epithelial cells,A549,True,lung adenocarcinoma,cell_line,human,drug,1691,12.408759,2.1263092,1,CHEMBL407632;CHEMBL191334,10.0,False,Nutlin,1691
E09_A01_RT_735,5566,70.0,0.0,0.0,inf,Nutlin_10_AA03,Nutlin,10,AA03,alveolar basal epithelial cells,A549,True,lung adenocarcinoma,cell_line,human,drug,2654,6.683435,1.4732304,1,CHEMBL407632;CHEMBL191334,10.0,False,Nutlin,2654
E07_B02_RT_591,6693,102.0,0.0,0.0,3.04807041299932,Nutlin_50_BA10,Nutlin,50,BA10,alveolar basal epithelial cells,A549,True,lung adenocarcinoma,cell_line,human,drug,3177,5.423577,2.3756163,1,CHEMBL407632;CHEMBL191334,50.0,False,Nutlin,3177
B09_B02_RT_534,5197,293.0,0.0,0.0,3.32186829075932,Nutlin_10_BA11,Nutlin,10,BA11,alveolar basal epithelial cells,A549,True,lung adenocarcinoma,cell_line,human,drug,2687,4.7335,1.7894939,1,CHEMBL407632;CHEMBL191334,10.0,False,Nutlin,2687
C08_A01_RT_688,5013,1083.0,0.0,0.0,inf,Nutlin_50_AA02,Nutlin,50,AA02,alveolar basal epithelial cells,A549,True,lung adenocarcinoma,cell_line,human,drug,2724,2.952324,4.408538,1,CHEMBL407632;CHEMBL191334,50.0,False,Nutlin,2724
B10_B02_RT_471,8639,347.0,0.0,0.0,528.646566164154,Nutlin_50_AA10,Nutlin,50,AA10,alveolar basal epithelial cells,A549,True,lung adenocarcinoma,cell_line,human,drug,3963,2.1414516,2.1877532,1,CHEMBL407632;CHEMBL191334,50.0,False,Nutlin,3963
A09_A01_RT_478,9372,133.0,0.0,0.0,1.84978876545142,Nutlin_10_AA11,Nutlin,10,AA11,alveolar basal epithelial cells,A549,True,lung adenocarcinoma,cell_line,human,drug,3963,6.028596,1.4084507,1,CHEMBL407632;CHEMBL191334,10.0,False,Nutlin,3963
E02_B02_RT_731,3713,151.0,0.0,0.0,2.29738654210124,Nutlin_10_AA11,Nutlin,10,AA11,alveolar basal epithelial cells,A549,True,lung adenocarcinoma,cell_line,human,drug,2059,7.4064097,1.4004848,1,CHEMBL407632;CHEMBL191334,10.0,False,Nutlin,2059
A11_A01_RT_456,5412,11.0,0.0,0.0,7.98003629764065,Nutlin_10_BB07,Nutlin,10,BB07,alveolar basal epithelial cells,A549,True,lung adenocarcinoma,cell_line,human,drug,2400,18.810051,1.8847007,1,CHEMBL407632;CHEMBL191334,10.0,False,Nutlin,2400
H09_B02_RT_613,2658,52.0,0.0,0.0,21.9441340782123,Nutlin_50_AA02,Nutlin,50,AA02,alveolar basal epithelial cells,A549,True,lung adenocarcinoma,cell_line,human,drug,1680,0.90293455,1.4296464,1,CHEMBL407632;CHEMBL191334,50.0,False,Nutlin,1680
F11_B02_RT_595,1420,281.0,0.0,0.0,162.125124131082,Nutlin_10_AB07,Nutlin,10,AB07,alveolar basal epithelial cells,A549,True,lung adenocarcinoma,cell_line,human,drug,909,11.197183,2.0422535,1,CHEMBL407632;CHEMBL191334,10.0,False,Nutlin,909
H01_B02_RT_488,8719,106.0,0.0,0.0,94.0436090225564,Nutlin_10_AA11,Nutlin,10,AA11,alveolar basal epithelial cells,A549,True,lung adenocarcinoma,cell_line,human,drug,3741,8.406927,1.5024658,1,CHEMBL407632;CHEMBL191334,10.0,False,Nutlin,3741
C07_B02_RT_665,4470,21.0,4.15212997718415e-72,1.7023732906455e-70,12.3786057692308,Nutlin_10_BB07,Nutlin,10,BB07,alveolar basal epithelial cells,A549,True,lung adenocarcinoma,cell_line,human,drug,2287,10.626398,1.7225951,1,CHEMBL407632;CHEMBL191334,10.0,False,Nutlin,2287
C11_B02_RT_685,1512,13.0,3.51798947848425e-156,1.7941746340269703e-154,5.96351730589336,Nutlin_10_BA03,Nutlin,10,BA03,alveolar basal epithelial cells,A549,True,lung adenocarcinoma,cell_line,human,drug,1111,2.9761906,1.3227513,1,CHEMBL407632;CHEMBL191334,10.0,False,Nutlin,1111
F09_B02_RT_394,2529,27.0,0.0,0.0,24.9641909814324,Nutlin_10_BA03,Nutlin,10,BA03,alveolar basal epithelial cells,A549,True,lung adenocarcinoma,cell_line,human,drug,1489,11.941479,0.7117438,1,CHEMBL407632;CHEMBL191334,10.0,False,Nutlin,1489
G01_B02_RT_449,7035,153.0,0.0,0.0,168.686460807601,Nutlin_50_BB06,Nutlin,50,BB06,alveolar basal epithelial cells,A549,True,lung adenocarcinoma,cell_line,human,drug,3328,3.0419333,2.1890547,1,CHEMBL407632;CHEMBL191334,50.0,False,Nutlin,3328
F06_B02_RT_696,8412,200.0,0.0,0.0,2.12328506097561,Nutlin_10_AA03,Nutlin,10,AA03,alveolar basal epithelial cells,A549,True,lung adenocarcinoma,cell_line,human,drug,3438,9.712316,1.5454113,1,CHEMBL407632;CHEMBL191334,10.0,False,Nutlin,3438
H09_A01_RT_397,2218,251.0,0.0,0.0,7.84127261741979,Nutlin_50_BA10,Nutlin,50,BA10,alveolar basal epithelial cells,A549,True,lung adenocarcinoma,cell_line,human,drug,1362,13.706041,3.2461677,1,CHEMBL407632;CHEMBL191334,50.0,False,Nutlin,1362
F08_B02_RT_443,5389,178.0,0.0,0.0,164.92466367713,Nutlin_10_AB07,Nutlin,10,AB07,alveolar basal epithelial cells,A549,True,lung adenocarcinoma,cell_line,human,drug,2729,8.01633,2.041195,1,CHEMBL407632;CHEMBL191334,10.0,False,Nutlin,2729
A11_A01_RT_651,3661,34.0,0.0,0.0,33.9729206963249,Nutlin_10_AA11,Nutlin,10,AA11,alveolar basal epithelial cells,A549,True,lung adenocarcinoma,cell_line,human,drug,2046,7.9759626,2.2125103,1,CHEMBL407632;CHEMBL191334,10.0,False,Nutlin,2046
E07_B02_RT_750,4429,108.0,0.0,0.0,1.12145110410095,Nutlin_10_BA11,Nutlin,10,BA11,alveolar basal epithelial cells,A549,True,lung adenocarcinoma,cell_line,human,drug,2388,4.9221044,2.3707383,1,CHEMBL407632;CHEMBL191334,10.0,False,Nutlin,2388
D10_B02_RT_475,4994,62.0,1.30940615731932e-293,4.58292155061763e-292,50.5514018691589,Nutlin_10_AA03,Nutlin,10,AA03,alveolar basal epithelial cells,A549,True,lung adenocarcinoma,cell_line,human,drug,2495,5.0460553,1.1814177,1,CHEMBL407632;CHEMBL191334,10.0,False,Nutlin,2495
B10_B02_RT_390,18371,576.0,0.0,0.0,1.85510112359551,Nutlin_10_AA11,Nutlin,10,AA11,alveolar basal epithelial cells,A549,True,lung adenocarcinoma,cell_line,human,drug,5492,11.093572,1.5676882,1,CHEMBL407632;CHEMBL191334,10.0,False,Nutlin,5492
F08_A01_RT_744,6058,127.0,0.0,0.0,130.045718432511,Nutlin_10_AB07,Nutlin,10,AB07,alveolar basal epithelial cells,A549,True,lung adenocarcinoma,cell_line,human,drug,3026,6.536811,1.4361175,1,CHEMBL407632;CHEMBL191334,10.0,False,Nutlin,3026
H04_B02_RT_394,11334,163.0,0.0,0.0,10.161562405864,Nutlin_50_BA10,Nutlin,50,BA10,alveolar basal epithelial cells,A549,True,lung adenocarcinoma,cell_line,human,drug,4488,9.352391,2.1792836,1,CHEMBL407632;CHEMBL191334,50.0,False,Nutlin,4488
D12_B02_RT_570,6985,105.0,0.0,0.0,107.833333333333,Nutlin_10_AA03,Nutlin,10,AA03,alveolar basal epithelial cells,A549,True,lung adenocarcinoma,cell_line,human,drug,3374,3.579098,2.1045096,1,CHEMBL407632;CHEMBL191334,10.0,False,Nutlin,3374
G04_B02_RT_742,8149,232.0,0.0,0.0,291.115532734275,Nutlin_10_AA03,Nutlin,10,AA03,alveolar basal epithelial cells,A549,True,lung adenocarcinoma,cell_line,human,drug,3603,4.859492,1.9020739,1,CHEMBL407632;CHEMBL191334,10.0,False,Nutlin,3603
F11_B02_RT_725,8148,138.0,0.0,0.0,60.6071428571429,Nutlin_10_AA11,Nutlin,10,AA11,alveolar basal epithelial cells,A549,True,lung adenocarcinoma,cell_line,human,drug,3756,4.037801,2.3073146,1,CHEMBL407632;CHEMBL191334,10.0,False,Nutlin,3756
G01_A01_RT_648,10515,1050.0,0.0,0.0,6.228097487653,Nutlin_50_AA10,Nutlin,50,AA10,alveolar basal epithelial cells,A549,True,lung adenocarcinoma,cell_line,human,drug,4171,15.007133,1.8830242,1,CHEMBL407632;CHEMBL191334,50.0,False,Nutlin,4171
F07_B02_RT_424,1778,943.0,0.0,0.0,28.072145479979,Nutlin_50_AA10,Nutlin,50,AA10,alveolar basal epithelial cells,A549,True,lung adenocarcinoma,cell_line,human,drug,1218,4.1057367,0.7311586,1,CHEMBL407632;CHEMBL191334,50.0,False,Nutlin,1218
C07_B02_RT_710,2449,4.0,3.68562060153196e-10,9.95117562413629e-09,1.02352941176471,Nutlin_100_AA01,Nutlin,100,AA01,alveolar basal epithelial cells,A549,True,lung adenocarcinoma,cell_line,human,drug,1491,5.59412,0.40832993,1,CHEMBL407632;CHEMBL191334,100.0,False,Nutlin,1491
A10_A01_RT_584,1367,72.0,0.0,0.0,70.7283531409168,Nutlin_10_AA03,Nutlin,10,AA03,alveolar basal epithelial cells,A549,True,lung adenocarcinoma,cell_line,human,drug,986,5.5596194,1.8288223,1,CHEMBL407632;CHEMBL191334,10.0,False,Nutlin,986
F11_A01_RT_428,1106,14.0,0.0750056832256802,0.450034099354081,1.96817277635692,Nutlin_10_AA11,Nutlin,10,AA11,alveolar basal epithelial cells,A549,True,lung adenocarcinoma,cell_line,human,drug,776,4.972875,0.45207956,1,CHEMBL407632;CHEMBL191334,10.0,False,Nutlin,776
F01_A01_RT_521,9295,93.0,0.0,0.0,95.097855227882,Nutlin_10_AA03,Nutlin,10,AA03,alveolar basal epithelial cells,A549,True,lung adenocarcinoma,cell_line,human,drug,3831,10.919849,1.3555675,1,CHEMBL407632;CHEMBL191334,10.0,False,Nutlin,3831
C12_B02_RT_524,9930,167.0,0.0,0.0,203.594843462247,Nutlin_10_AA03,Nutlin,10,AA03,alveolar basal epithelial cells,A549,True,lung adenocarcinoma,cell_line,human,drug,4018,7.673716,1.6012084,1,CHEMBL407632;CHEMBL191334,10.0,False,Nutlin,4018
A01_B02_RT_617,1513,2.0,2.82627943628847e-06,3.39153532354616e-05,1.01045296167247,Nutlin_50_BB06,Nutlin,50,BB06,alveolar basal epithelial cells,A549,True,lung adenocarcinoma,cell_line,human,drug,1018,9.451421,0.5948447,1,CHEMBL407632;CHEMBL191334,50.0,False,Nutlin,1018
G01_A01_RT_671,5820,209.0,0.0,0.0,197.675159235669,Nutlin_10_AA03,Nutlin,10,AA03,alveolar basal epithelial cells,A549,True,lung adenocarcinoma,cell_line,human,drug,2867,4.604811,2.5945017,1,CHEMBL407632;CHEMBL191334,10.0,False,Nutlin,2867
G04_B02_RT_611,15786,79.0,0.0,0.0,2.92261009966038,Nutlin_10_BA03,Nutlin,10,BA03,alveolar basal epithelial cells,A549,True,lung adenocarcinoma,cell_line,human,drug,5316,8.57722,2.2805016,1,CHEMBL407632;CHEMBL191334,10.0,False,Nutlin,5316
A12_A01_RT_403,2510,29.0,0.0,0.0,20.8317214700193,Nutlin_10_AA11,Nutlin,10,AA11,alveolar basal epithelial cells,A549,True,lung adenocarcinoma,cell_line,human,drug,1583,6.9721117,2.1115537,1,CHEMBL407632;CHEMBL191334,10.0,False,Nutlin,1583
D09_B02_RT_525,12170,301.0,0.0,0.0,8.4416149068323,Nutlin_50_BA02,Nutlin,50,BA02,alveolar basal epithelial cells,A549,True,lung adenocarcinoma,cell_line,human,drug,4513,15.127362,3.3196385,1,CHEMBL407632;CHEMBL191334,50.0,False,Nutlin,4513
B01_B02_RT_665,9302,257.0,0.0,0.0,1.79947795059688,Nutlin_10_AA11,Nutlin,10,AA11,alveolar basal epithelial cells,A549,True,lung adenocarcinoma,cell_line,human,drug,3964,9.041066,1.9458181,1,CHEMBL407632;CHEMBL191334,10.0,False,Nutlin,3964
F12_B02_RT_493,2333,315.0,0.0,0.0,7.03662895459782,Nutlin_50_BB06,Nutlin,50,BB06,alveolar basal epithelial cells,A549,True,lung adenocarcinoma,cell_line,human,drug,1353,16.630947,2.8289757,1,CHEMBL407632;CHEMBL191334,50.0,False,Nutlin,1353
B06_A01_RT_753,14063,65.0,0.0,0.0,53.8330479452055,Nutlin_10_BA03,Nutlin,10,BA03,alveolar basal epithelial cells,A549,True,lung adenocarcinoma,cell_line,human,drug,4647,16.290976,1.7777146,1,CHEMBL407632;CHEMBL191334,10.0,False,Nutlin,4647
C09_B02_RT_700,3055,64.0,0.0,0.0,54.7832345469941,Nutlin_10_AB07,Nutlin,10,AB07,alveolar basal epithelial cells,A549,True,lung adenocarcinoma,cell_line,human,drug,1809,4.844517,1.5057284,1,CHEMBL407632;CHEMBL191334,10.0,False,Nutlin,1809
H03_B02_RT_710,21800,352.0,0.0,0.0,11.6710875331565,Nutlin_50_AB06,Nutlin,50,AB06,alveolar basal epithelial cells,A549,True,lung adenocarcinoma,cell_line,human,drug,6328,7.6284404,1.1972477,1,CHEMBL407632;CHEMBL191334,50.0,False,Nutlin,6328
B01_A01_RT_445,4268,9.0,0.0,0.0,6.976,Nutlin_10_BA03,Nutlin,10,BA03,alveolar basal epithelial cells,A549,True,lung adenocarcinoma,cell_line,human,drug,2263,8.973758,1.8509841,1,CHEMBL407632;CHEMBL191334,10.0,False,Nutlin,2263
A06_B02_RT_467,6428,10.0,9.40483943522185e-07,1.0345323378744e-05,5.09074410163339,Nutlin_10_BB07,Nutlin,10,BB07,alveolar basal epithelial cells,A549,True,lung adenocarcinoma,cell_line,human,drug,2880,13.814561,1.4312383,1,CHEMBL407632;CHEMBL191334,10.0,False,Nutlin,2880
B02_B02_RT_736,2640,3.0,0.0922914274593869,0.83100589018013,1.00864553314121,Nutlin_10_AA03,Nutlin,10,AA03,alveolar basal epithelial cells,A549,True,lung adenocarcinoma,cell_line,human,drug,1672,7.1969695,1.5909091,1,CHEMBL407632;CHEMBL191334,10.0,False,Nutlin,1672
E05_A01_RT_737,9571,122.0,0.0,0.0,1.97003782272652,Nutlin_10_BA11,Nutlin,10,BA11,alveolar basal epithelial cells,A549,True,lung adenocarcinoma,cell_line,human,drug,3803,13.425974,1.7657506,1,CHEMBL407632;CHEMBL191334,10.0,False,Nutlin,3803
D10_B02_RT_432,1093,4.0,0.0374462585176495,0.337016326658845,2.0,Nutlin_50_AB06,Nutlin,50,AB06,alveolar basal epithelial cells,A549,True,lung adenocarcinoma,cell_line,human,drug,798,5.7639523,0.64043915,1,CHEMBL407632;CHEMBL191334,50.0,False,Nutlin,798
A08_A01_RT_733,2331,67.0,0.0,0.0,63.1015325670498,Nutlin_50_AB06,Nutlin,50,AB06,alveolar basal epithelial cells,A549,True,lung adenocarcinoma,cell_line,human,drug,1579,3.3891034,3.2604032,1,CHEMBL407632;CHEMBL191334,50.0,False,Nutlin,1579
F04_A01_RT_390,3584,46.0,0.0,0.0,38.8353221957041,Nutlin_10_BA11,Nutlin,10,BA11,alveolar basal epithelial cells,A549,True,lung adenocarcinoma,cell_line,human,drug,1991,8.956473,1.9810268,1,CHEMBL407632;CHEMBL191334,10.0,False,Nutlin,1991
G05_B02_RT_623,1290,7.0,8.66207789005414e-37,3.11834804041949e-35,1.00397953382604,Nutlin_100_BA09,Nutlin,100,BA09,alveolar basal epithelial cells,A549,True,lung adenocarcinoma,cell_line,human,drug,930,3.488372,0.9302326,1,CHEMBL407632;CHEMBL191334,100.0,False,Nutlin,930
E07_B02_RT_500,6478,16.0,1.00490338973906e-06,8.03922711791246e-06,4.0,Nutlin_10_BB07,Nutlin,10,BB07,alveolar basal epithelial cells,A549,True,lung adenocarcinoma,cell_line,human,drug,2889,12.689101,1.6826181,1,CHEMBL407632;CHEMBL191334,10.0,False,Nutlin,2889
H09_A01_RT_422,3059,37.0,0.0,0.0,17.6029212875304,Nutlin_10_AA03,Nutlin,10,AA03,alveolar basal epithelial cells,A549,True,lung adenocarcinoma,cell_line,human,drug,1659,12.945407,1.3076168,1,CHEMBL407632;CHEMBL191334,10.0,False,Nutlin,1659
E08_A01_RT_602,9785,78.0,0.0,0.0,72.625450180072,Nutlin_10_AA11,Nutlin,10,AA11,alveolar basal epithelial cells,A549,True,lung adenocarcinoma,cell_line,human,drug,3935,10.045989,1.6147164,1,CHEMBL407632;CHEMBL191334,10.0,False,Nutlin,3935
H07_B02_RT_571,6272,59.0,0.0,0.0,62.3778947368421,Nutlin_10_AA11,Nutlin,10,AA11,alveolar basal epithelial cells,A549,True,lung adenocarcinoma,cell_line,human,drug,3046,5.484694,1.4190052,1,CHEMBL407632;CHEMBL191334,10.0,False,Nutlin,3046
B11_A01_RT_536,7560,43.0,0.0,0.0,26.83203125,Nutlin_10_BA11,Nutlin,10,BA11,alveolar basal epithelial cells,A549,True,lung adenocarcinoma,cell_line,human,drug,3412,3.558201,3.015873,1,CHEMBL407632;CHEMBL191334,10.0,False,Nutlin,3412
G07_A01_RT_504,11529,134.0,0.0,0.0,163.804489500362,Nutlin_10_AA11,Nutlin,10,AA11,alveolar basal epithelial cells,A549,True,lung adenocarcinoma,cell_line,human,drug,4221,8.283459,1.613323,1,CHEMBL407632;CHEMBL191334,10.0,False,Nutlin,4221
D06_A01_RT_758,10737,88.0,0.0,0.0,95.6929460580913,Nutlin_10_AA11,Nutlin,10,AA11,alveolar basal epithelial cells,A549,True,lung adenocarcinoma,cell_line,human,drug,4020,14.035578,1.7137003,1,CHEMBL407632;CHEMBL191334,10.0,False,Nutlin,4020
H09_A01_RT_486,1229,447.0,0.0,0.0,202.752412332313,Nutlin_10_BA11,Nutlin,10,BA11,alveolar basal epithelial cells,A549,True,lung adenocarcinoma,cell_line,human,drug,798,14.401953,2.9292107,1,CHEMBL407632;CHEMBL191334,10.0,False,Nutlin,798
A08_A01_RT_743,7221,9.0,5.99371041596534e-08,3.59622624957921e-07,6.10526315789474,Nutlin_10_BA03,Nutlin,10,BA03,alveolar basal epithelial cells,A549,True,lung adenocarcinoma,cell_line,human,drug,3048,17.864561,1.7587591,1,CHEMBL407632;CHEMBL191334,10.0,False,Nutlin,3048
E10_B02_RT_625,8905,199.0,0.0,0.0,10.8181131362735,Nutlin_50_BA10,Nutlin,50,BA10,alveolar basal epithelial cells,A549,True,lung adenocarcinoma,cell_line,human,drug,3923,5.873105,2.2459292,1,CHEMBL407632;CHEMBL191334,50.0,False,Nutlin,3923
G07_B02_RT_484,1111,3.0,2.81488269692235e-60,9.28911289984377e-59,1.00481540930979,Nutlin_50_AA02,Nutlin,50,AA02,alveolar basal epithelial cells,A549,True,lung adenocarcinoma,cell_line,human,drug,825,5.310531,0.540054,1,CHEMBL407632;CHEMBL191334,50.0,False,Nutlin,825
A01_B02_RT_421,4447,29.0,0.0,0.0,17.9005145797599,Nutlin_50_BA02,Nutlin,50,BA02,alveolar basal epithelial cells,A549,True,lung adenocarcinoma,cell_line,human,drug,2544,2.6759613,2.3611424,1,CHEMBL407632;CHEMBL191334,50.0,False,Nutlin,2544
E10_A01_RT_760,3441,71.0,0.0,0.0,5.05881718109217,Nutlin_50_BB06,Nutlin,50,BB06,alveolar basal epithelial cells,A549,True,lung adenocarcinoma,cell_line,human,drug,2170,6.2481837,1.6274339,1,CHEMBL407632;CHEMBL191334,50.0,False,Nutlin,2170
G06_A01_RT_663,3225,265.0,0.0,0.0,203.348262271587,Nutlin_50_AA10,Nutlin,50,AA10,alveolar basal epithelial cells,A549,True,lung adenocarcinoma,cell_line,human,drug,2207,2.9767442,1.0852714,1,CHEMBL407632;CHEMBL191334,50.0,False,Nutlin,2207
G08_A01_RT_464,1163,5.0,0.983059140395836,1.0,1.01433486238532,Nutlin_50_BA02,Nutlin,50,BA02,alveolar basal epithelial cells,A549,True,lung adenocarcinoma,cell_line,human,drug,869,5.1590714,0.25795355,1,CHEMBL407632;CHEMBL191334,50.0,False,Nutlin,869
F02_A01_RT_671,3175,71.0,0.0,0.0,1.45030275334171,Nutlin_10_BB07,Nutlin,10,BB07,alveolar basal epithelial cells,A549,True,lung adenocarcinoma,cell_line,human,drug,1930,4.7874017,2.3307087,1,CHEMBL407632;CHEMBL191334,10.0,False,Nutlin,1930
E08_A01_RT_648,2820,35.0,0.0,0.0,35.9357798165138,Nutlin_10_BA11,Nutlin,10,BA11,alveolar basal epithelial cells,A549,True,lung adenocarcinoma,cell_line,human,drug,1595,13.58156,1.8794327,1,CHEMBL407632;CHEMBL191334,10.0,False,Nutlin,1595
A02_B02_RT_650,2898,10.0,2.63483266365986e-46,8.16798125734556e-45,9.21739130434783,Nutlin_10_AA03,Nutlin,10,AA03,alveolar basal epithelial cells,A549,True,lung adenocarcinoma,cell_line,human,drug,1718,7.694962,1.7598344,1,CHEMBL407632;CHEMBL191334,10.0,False,Nutlin,1718
D08_A01_RT_728,3099,5.0,0.0,0.0,7.69169096209913,Nutlin_10_AA11,Nutlin,10,AA11,alveolar basal epithelial cells,A549,True,lung adenocarcinoma,cell_line,human,drug,1856,8.583414,1.3875444,1,CHEMBL407632;CHEMBL191334,10.0,False,Nutlin,1856
G07_A01_RT_695,2591,151.0,0.0,0.0,154.843137254902,Nutlin_10_AA11,Nutlin,10,AA11,alveolar basal epithelial cells,A549,True,lung adenocarcinoma,cell_line,human,drug,1484,7.6804323,2.7016597,1,CHEMBL407632;CHEMBL191334,10.0,False,Nutlin,1484
G10_A01_RT_701,6937,1960.0,0.0,0.0,5643.46694648478,Nutlin_50_AB06,Nutlin,50,AB06,alveolar basal epithelial cells,A549,True,lung adenocarcinoma,cell_line,human,drug,3335,3.7912643,2.5371199,1,CHEMBL407632;CHEMBL191334,50.0,False,Nutlin,3335
D10_A01_RT_589,1542,17.0,0.0,0.0,inf,Nutlin_10_AB07,Nutlin,10,AB07,alveolar basal epithelial cells,A549,True,lung adenocarcinoma,cell_line,human,drug,1126,2.0103762,1.1673151,1,CHEMBL407632;CHEMBL191334,10.0,False,Nutlin,1126
D08_B02_RT_590,5989,160.0,0.0,0.0,148.992654774397,Nutlin_10_AA11,Nutlin,10,AA11,alveolar basal epithelial cells,A549,True,lung adenocarcinoma,cell_line,human,drug,2952,7.0629487,1.7198197,1,CHEMBL407632;CHEMBL191334,10.0,False,Nutlin,2952
E12_A01_RT_766,2590,231.0,0.0,0.0,inf,Nutlin_50_AB06,Nutlin,50,AB06,alveolar basal epithelial cells,A549,True,lung adenocarcinoma,cell_line,human,drug,1666,4.5945945,2.7413127,1,CHEMBL407632;CHEMBL191334,50.0,False,Nutlin,1666
D04_B02_RT_551,3573,24.0,0.0,0.0,18.2453531598513,Nutlin_10_AA03,Nutlin,10,AA03,alveolar basal epithelial cells,A549,True,lung adenocarcinoma,cell_line,human,drug,2073,2.3789532,1.6512735,1,CHEMBL407632;CHEMBL191334,10.0,False,Nutlin,2073
D12_B02_RT_756,5285,214.0,0.0,0.0,254.150889679715,Nutlin_50_AB06,Nutlin,50,AB06,alveolar basal epithelial cells,A549,True,lung adenocarcinoma,cell_line,human,drug,2795,4.2005677,2.5165563,1,CHEMBL407632;CHEMBL191334,50.0,False,Nutlin,2795
F05_B02_RT_663,3136,79.0,0.0,0.0,68.2336297493937,Nutlin_50_AB06,Nutlin,50,AB06,alveolar basal epithelial cells,A549,True,lung adenocarcinoma,cell_line,human,drug,1954,1.4030613,1.2436224,1,CHEMBL407632;CHEMBL191334,50.0,False,Nutlin,1954
D10_B02_RT_738,5489,167.0,0.0,0.0,151.439252336449,Nutlin_10_AB07,Nutlin,10,AB07,alveolar basal epithelial cells,A549,True,lung adenocarcinoma,cell_line,human,drug,2681,2.4594643,1.712516,1,CHEMBL407632;CHEMBL191334,10.0,False,Nutlin,2681
E09_A01_RT_746,23314,311.0,0.0,0.0,2.43123196940988,Nutlin_50_AB06,Nutlin,50,AB06,alveolar basal epithelial cells,A549,True,lung adenocarcinoma,cell_line,human,drug,6964,6.5196877,1.5655829,1,CHEMBL407632;CHEMBL191334,50.0,False,Nutlin,6964
D03_A01_RT_612,1600,98.0,0.0,0.0,114.345367027677,Nutlin_10_AB07,Nutlin,10,AB07,alveolar basal epithelial cells,A549,True,lung adenocarcinoma,cell_line,human,drug,1018,6.625,4.0625,1,CHEMBL407632;CHEMBL191334,10.0,False,Nutlin,1018
D09_A01_RT_617,4820,78.0,0.0,0.0,102.948905109489,Nutlin_10_AA03,Nutlin,10,AA03,alveolar basal epithelial cells,A549,True,lung adenocarcinoma,cell_line,human,drug,2491,10.871369,1.5560166,1,CHEMBL407632;CHEMBL191334,10.0,False,Nutlin,2491
B12_B02_RT_710,1916,5.0,2.22780200967682e-59,4.67838422032133e-58,1.01238645747316,Nutlin_10_BA03,Nutlin,10,BA03,alveolar basal epithelial cells,A549,True,lung adenocarcinoma,cell_line,human,drug,1222,5.8455114,0.5219207,1,CHEMBL407632;CHEMBL191334,10.0,False,Nutlin,1222
A10_B02_RT_485,10930,180.0,0.0,0.0,108.741379310345,Nutlin_10_AA03,Nutlin,10,AA03,alveolar basal epithelial cells,A549,True,lung adenocarcinoma,cell_line,human,drug,4729,1.4089662,2.168344,1,CHEMBL407632;CHEMBL191334,10.0,False,Nutlin,4729
B02_B02_RT_709,3067,2.0,1.0,1.0,inf,Nutlin_10_BA03,Nutlin,10,BA03,alveolar basal epithelial cells,A549,True,lung adenocarcinoma,cell_line,human,drug,1725,15.846104,0.94554937,1,CHEMBL407632;CHEMBL191334,10.0,False,Nutlin,1725
E12_B02_RT_432,1381,7.0,8.61674206575424e-06,5.17004523945254e-05,1.0157091561939,Nutlin_50_AB06,Nutlin,50,AB06,alveolar basal epithelial cells,A549,True,lung adenocarcinoma,cell_line,human,drug,973,5.792904,0.724113,1,CHEMBL407632;CHEMBL191334,50.0,False,Nutlin,973
B11_B02_RT_585,3850,297.0,0.0,0.0,4.14785761521447,Nutlin_50_BA10,Nutlin,50,BA10,alveolar basal epithelial cells,A549,True,lung adenocarcinoma,cell_line,human,drug,2321,5.246753,2.857143,1,CHEMBL407632;CHEMBL191334,50.0,False,Nutlin,2321
F10_A01_RT_593,5387,56.0,0.0,0.0,23.2883139038954,Nutlin_10_AA11,Nutlin,10,AA11,alveolar basal epithelial cells,A549,True,lung adenocarcinoma,cell_line,human,drug,2727,4.6036754,1.429367,1,CHEMBL407632;CHEMBL191334,10.0,False,Nutlin,2727
F01_B02_RT_619,1123,2.0,5.77560871758483e-40,1.50165826657206e-38,1.01187648456057,Nutlin_10_BA11,Nutlin,10,BA11,alveolar basal epithelial cells,A549,True,lung adenocarcinoma,cell_line,human,drug,793,6.5894923,0.35618877,1,CHEMBL407632;CHEMBL191334,10.0,False,Nutlin,793
G11_A01_RT_736,1092,11.0,0.999983705292944,1.0,1.76311667971809,Nutlin_10_AA03,Nutlin,10,AA03,alveolar basal epithelial cells,A549,True,lung adenocarcinoma,cell_line,human,drug,767,8.424909,0.2747253,1,CHEMBL407632;CHEMBL191334,10.0,False,Nutlin,767
G06_B02_RT_614,11747,176.0,0.0,0.0,162.606683804627,Nutlin_50_BA10,Nutlin,50,BA10,alveolar basal epithelial cells,A549,True,lung adenocarcinoma,cell_line,human,drug,4651,4.0606112,2.2558951,1,CHEMBL407632;CHEMBL191334,50.0,False,Nutlin,4651
B03_B02_RT_687,7181,136.0,0.0,0.0,1.40985739432128,Nutlin_10_AB07,Nutlin,10,AB07,alveolar basal epithelial cells,A549,True,lung adenocarcinoma,cell_line,human,drug,3192,10.444228,1.9078122,1,CHEMBL407632;CHEMBL191334,10.0,False,Nutlin,3192
G09_B02_RT_635,2126,4.0,0.071032608976234,0.35516304488117,1.01392919326756,Nutlin_10_AA03,Nutlin,10,AA03,alveolar basal epithelial cells,A549,True,lung adenocarcinoma,cell_line,human,drug,1429,2.9162748,0.3762935,1,CHEMBL407632;CHEMBL191334,10.0,False,Nutlin,1429
D07_B02_RT_585,1446,26.0,0.0,0.0,21.8247978436658,Nutlin_10_BA11,Nutlin,10,BA11,alveolar basal epithelial cells,A549,True,lung adenocarcinoma,cell_line,human,drug,823,17.496542,1.7980636,1,CHEMBL407632;CHEMBL191334,10.0,False,Nutlin,823
G01_B02_RT_507,21264,547.0,0.0,0.0,2.11167845384709,Nutlin_50_BA10,Nutlin,50,BA10,alveolar basal epithelial cells,A549,True,lung adenocarcinoma,cell_line,human,drug,6415,6.4992476,2.5583146,1,CHEMBL407632;CHEMBL191334,50.0,False,Nutlin,6415
E03_A01_RT_525,8148,84.0,0.0,0.0,77.5205479452055,Nutlin_10_AA11,Nutlin,10,AA11,alveolar basal epithelial cells,A549,True,lung adenocarcinoma,cell_line,human,drug,3697,4.3446245,2.0495827,1,CHEMBL407632;CHEMBL191334,10.0,False,Nutlin,3697
G11_A01_RT_513,17089,247.0,0.0,0.0,308.208465608466,Nutlin_10_BA11,Nutlin,10,BA11,alveolar basal epithelial cells,A549,True,lung adenocarcinoma,cell_line,human,drug,5065,13.037626,1.263971,1,CHEMBL407632;CHEMBL191334,10.0,False,Nutlin,5065
G05_B02_RT_740,4919,2281.0,0.0,0.0,28.740331749138,Nutlin_100_BB05,Nutlin,100,BB05,alveolar basal epithelial cells,A549,True,lung adenocarcinoma,cell_line,human,drug,2392,16.20248,2.0126042,1,CHEMBL407632;CHEMBL191334,100.0,False,Nutlin,2392
D01_B02_RT_707,6358,92.0,0.0,0.0,102.114558472554,Nutlin_10_AA11,Nutlin,10,AA11,alveolar basal epithelial cells,A549,True,lung adenocarcinoma,cell_line,human,drug,2907,6.6058507,1.2739855,1,CHEMBL407632;CHEMBL191334,10.0,False,Nutlin,2907
C07_B02_RT_402,1943,7.0,1.69521258449794e-19,5.933244045742789e-18,1.9279176201373,Nutlin_50_AB06,Nutlin,50,AB06,alveolar basal epithelial cells,A549,True,lung adenocarcinoma,cell_line,human,drug,1189,3.911477,0.41173443,1,CHEMBL407632;CHEMBL191334,50.0,False,Nutlin,1189
D04_A01_RT_549,4350,53.0,0.0,0.0,49.0997876857749,Nutlin_10_AA11,Nutlin,10,AA11,alveolar basal epithelial cells,A549,True,lung adenocarcinoma,cell_line,human,drug,2287,11.356322,2.045977,1,CHEMBL407632;CHEMBL191334,10.0,False,Nutlin,2287
F03_B02_RT_515,4693,112.0,0.0,0.0,103.811341942729,Nutlin_10_AB07,Nutlin,10,AB07,alveolar basal epithelial cells,A549,True,lung adenocarcinoma,cell_line,human,drug,2530,6.754741,2.2160666,1,CHEMBL407632;CHEMBL191334,10.0,False,Nutlin,2530
E08_B02_RT_630,1539,4.0,0.0026991567856764,0.0242924110710883,1.01405152224824,Nutlin_50_BA10,Nutlin,50,BA10,alveolar basal epithelial cells,A549,True,lung adenocarcinoma,cell_line,human,drug,1008,4.8732944,0.38986355,1,CHEMBL407632;CHEMBL191334,50.0,False,Nutlin,1008
H06_B02_RT_688,8021,89.0,0.0,0.0,7.90986402729064,Nutlin_10_AA11,Nutlin,10,AA11,alveolar basal epithelial cells,A549,True,lung adenocarcinoma,cell_line,human,drug,3658,7.667373,1.9822965,1,CHEMBL407632;CHEMBL191334,10.0,False,Nutlin,3658
G11_A01_RT_711,2766,15.0,3.1959427953955e-09,1.2783771181582e-07,1.0601956358164,Nutlin_10_AA03,Nutlin,10,AA03,alveolar basal epithelial cells,A549,True,lung adenocarcinoma,cell_line,human,drug,1664,6.507592,0.21691974,1,CHEMBL407632;CHEMBL191334,10.0,False,Nutlin,1664
F05_A01_RT_604,1265,7.0,0.111308491325785,1.0,1.02217529039071,Nutlin_10_BB07,Nutlin,10,BB07,alveolar basal epithelial cells,A549,True,lung adenocarcinoma,cell_line,human,drug,939,2.6086957,0.5533597,1,CHEMBL407632;CHEMBL191334,10.0,False,Nutlin,939
D09_B02_RT_452,3393,50.0,0.0,0.0,53.6512261580382,Nutlin_10_BA11,Nutlin,10,BA11,alveolar basal epithelial cells,A549,True,lung adenocarcinoma,cell_line,human,drug,1825,12.614205,1.9157088,1,CHEMBL407632;CHEMBL191334,10.0,False,Nutlin,1825
B11_B02_RT_486,3365,357.0,0.0,0.0,1.70140416173236,Nutlin_50_BA10,Nutlin,50,BA10,alveolar basal epithelial cells,A549,True,lung adenocarcinoma,cell_line,human,drug,1872,9.271916,1.2778603,1,CHEMBL407632;CHEMBL191334,50.0,False,Nutlin,1872
B03_A01_RT_584,1479,14.0,1.68170634734138e-246,4.87694840728999e-245,9.92783505154639,Nutlin_10_BA03,Nutlin,10,BA03,alveolar basal epithelial cells,A549,True,lung adenocarcinoma,cell_line,human,drug,945,10.209601,2.0283976,1,CHEMBL407632;CHEMBL191334,10.0,False,Nutlin,945
A09_B02_RT_546,5181,82.0,0.0,0.0,72.6702702702703,Nutlin_10_AB07,Nutlin,10,AB07,alveolar basal epithelial cells,A549,True,lung adenocarcinoma,cell_line,human,drug,2588,5.404362,1.9301293,1,CHEMBL407632;CHEMBL191334,10.0,False,Nutlin,2588
H09_A01_RT_554,8148,16.0,0.0,0.0,9.24518388791594,Nutlin_10_BB07,Nutlin,10,BB07,alveolar basal epithelial cells,A549,True,lung adenocarcinoma,cell_line,human,drug,3403,11.008837,1.4236623,1,CHEMBL407632;CHEMBL191334,10.0,False,Nutlin,3403
B10_B02_RT_720,4535,6.0,1.41508621766696e-14,5.66034487066783e-13,1.98081023454158,Nutlin_50_AB06,Nutlin,50,AB06,alveolar basal epithelial cells,A549,True,lung adenocarcinoma,cell_line,human,drug,2355,7.8280044,1.0363836,1,CHEMBL407632;CHEMBL191334,50.0,False,Nutlin,2355
D07_B02_RT_444,3672,43.0,0.0,0.0,55.9108159392789,Nutlin_10_BA11,Nutlin,10,BA11,alveolar basal epithelial cells,A549,True,lung adenocarcinoma,cell_line,human,drug,1998,11.410675,2.3148148,1,CHEMBL407632;CHEMBL191334,10.0,False,Nutlin,1998
H04_B02_RT_729,1590,2.0,4.7438645854977905e-46,2.46680958445885e-44,1.00278164116829,Nutlin_10_BB07,Nutlin,10,BB07,alveolar basal epithelial cells,A549,True,lung adenocarcinoma,cell_line,human,drug,1089,4.654088,0.25157234,1,CHEMBL407632;CHEMBL191334,10.0,False,Nutlin,1089
G02_A01_RT_463,1238,3.0,6.96511832366196e-11,3.4825591618309804e-09,1.01315789473684,Nutlin_10_BA03,Nutlin,10,BA03,alveolar basal epithelial cells,A549,True,lung adenocarcinoma,cell_line,human,drug,846,8.804523,0.40387723,1,CHEMBL407632;CHEMBL191334,10.0,False,Nutlin,846
E11_A01_RT_461,1618,38.0,1.89807641832653e-53,9.49038209163263e-53,6.24700988039522,Nutlin_10_BB07,Nutlin,10,BB07,alveolar basal epithelial cells,A549,True,lung adenocarcinoma,cell_line,human,drug,1105,7.4165635,1.9777503,1,CHEMBL407632;CHEMBL191334,10.0,False,Nutlin,1105
H05_A01_RT_398,5639,482.0,0.0,0.0,4.32335335355443,Nutlin_50_AA10,Nutlin,50,AA10,alveolar basal epithelial cells,A549,True,lung adenocarcinoma,cell_line,human,drug,2981,6.7919846,1.7378968,1,CHEMBL407632;CHEMBL191334,50.0,False,Nutlin,2981
E02_B02_RT_438,2668,27.0,0.0,0.0,24.7254237288136,Nutlin_10_AB07,Nutlin,10,AB07,alveolar basal epithelial cells,A549,True,lung adenocarcinoma,cell_line,human,drug,1697,3.635682,0.8995502,1,CHEMBL407632;CHEMBL191334,10.0,False,Nutlin,1697
B06_A01_RT_550,11569,25.0,0.0,0.0,8.77089783281734,Nutlin_10_BB07,Nutlin,10,BB07,alveolar basal epithelial cells,A549,True,lung adenocarcinoma,cell_line,human,drug,4287,8.030081,1.4694442,1,CHEMBL407632;CHEMBL191334,10.0,False,Nutlin,4287
B12_B02_RT_501,5060,181.0,0.0,0.0,151.642231947484,Nutlin_10_AA11,Nutlin,10,AA11,alveolar basal epithelial cells,A549,True,lung adenocarcinoma,cell_line,human,drug,2490,6.8577075,1.798419,1,CHEMBL407632;CHEMBL191334,10.0,False,Nutlin,2490
C04_B02_RT_745,5580,89.0,0.0,0.0,40.9490476190476,Nutlin_10_AA03,Nutlin,10,AA03,alveolar basal epithelial cells,A549,True,lung adenocarcinoma,cell_line,human,drug,2812,4.53405,1.0035843,1,CHEMBL407632;CHEMBL191334,10.0,False,Nutlin,2812
H03_A01_RT_484,1121,8.0,8.11592314076532e-21,2.67825463645256e-19,1.62074074074074,Nutlin_50_AA02,Nutlin,50,AA02,alveolar basal epithelial cells,A549,True,lung adenocarcinoma,cell_line,human,drug,802,7.0472794,0.2676182,1,CHEMBL407632;CHEMBL191334,50.0,False,Nutlin,802
D04_B02_RT_575,5827,10.0,0.0,0.0,4.99090909090909,Nutlin_10_BB07,Nutlin,10,BB07,alveolar basal epithelial cells,A549,True,lung adenocarcinoma,cell_line,human,drug,2789,9.147074,1.8534409,1,CHEMBL407632;CHEMBL191334,10.0,False,Nutlin,2789
B01_B02_RT_742,1018,2.0,0.905659541720966,1.0,1.05572755417957,Nutlin_100_BA01,Nutlin,100,BA01,alveolar basal epithelial cells,A549,True,lung adenocarcinoma,cell_line,human,drug,754,3.9292731,0.58939093,1,CHEMBL407632;CHEMBL191334,100.0,False,Nutlin,754
C04_B02_RT_450,1024,1.0,0.0115705989411441,0.19670018199945,inf,Nutlin_50_AA02,Nutlin,50,AA02,alveolar basal epithelial cells,A549,True,lung adenocarcinoma,cell_line,human,drug,735,1.8554688,0.48828125,1,CHEMBL407632;CHEMBL191334,50.0,False,Nutlin,735
B08_A01_RT_600,4769,29.0,0.0,0.0,1.10882769791456,Nutlin_10_AB07,Nutlin,10,AB07,alveolar basal epithelial cells,A549,True,lung adenocarcinoma,cell_line,human,drug,2630,4.2566576,2.159782,1,CHEMBL407632;CHEMBL191334,10.0,False,Nutlin,2630
A11_A01_RT_398,4971,150.0,0.0,0.0,194.758104738155,Nutlin_10_AA03,Nutlin,10,AA03,alveolar basal epithelial cells,A549,True,lung adenocarcinoma,cell_line,human,drug,2621,4.9487023,1.9513177,1,CHEMBL407632;CHEMBL191334,10.0,False,Nutlin,2621
H03_A01_RT_711,2062,8.0,1.18791480648584e-08,3.56374441945752e-07,1.62074074074074,Nutlin_50_AA02,Nutlin,50,AA02,alveolar basal epithelial cells,A549,True,lung adenocarcinoma,cell_line,human,drug,1355,6.595538,0.33947623,1,CHEMBL407632;CHEMBL191334,50.0,False,Nutlin,1355
H12_A01_RT_441,1163,21.0,0.0,0.0,17.8854112778065,Nutlin_10_AA03,Nutlin,10,AA03,alveolar basal epithelial cells,A549,True,lung adenocarcinoma,cell_line,human,drug,873,4.55718,2.8374894,1,CHEMBL407632;CHEMBL191334,10.0,False,Nutlin,873
G03_A01_RT_624,11489,150.0,0.0,0.0,134.938775510204,Nutlin_10_AA11,Nutlin,10,AA11,alveolar basal epithelial cells,A549,True,lung adenocarcinoma,cell_line,human,drug,4313,8.094699,1.3752285,1,CHEMBL407632;CHEMBL191334,10.0,False,Nutlin,4313
D08_B02_RT_400,1844,12.0,2.13393024291605e-08,2.56071629149926e-07,1.92444910807975,Nutlin_10_AA11,Nutlin,10,AA11,alveolar basal epithelial cells,A549,True,lung adenocarcinoma,cell_line,human,drug,1145,4.6095443,0.70498914,1,CHEMBL407632;CHEMBL191334,10.0,False,Nutlin,1145
G05_B02_RT_400,14692,252.0,0.0,0.0,2.29223893256777,Nutlin_10_AB07,Nutlin,10,AB07,alveolar basal epithelial cells,A549,True,lung adenocarcinoma,cell_line,human,drug,5262,4.9686904,1.6539613,1,CHEMBL407632;CHEMBL191334,10.0,False,Nutlin,5262
D02_B02_RT_536,3431,82.0,0.0,0.0,79.2650448143406,Nutlin_10_AB07,Nutlin,10,AB07,alveolar basal epithelial cells,A549,True,lung adenocarcinoma,cell_line,human,drug,1944,10.142816,1.9236374,1,CHEMBL407632;CHEMBL191334,10.0,False,Nutlin,1944
D10_A01_RT_392,2186,8.0,8.80995215214237e-232,1.8500899519498998e-230,3.9869918699187,Nutlin_10_BB07,Nutlin,10,BB07,alveolar basal epithelial cells,A549,True,lung adenocarcinoma,cell_line,human,drug,1364,10.567246,1.05215,1,CHEMBL407632;CHEMBL191334,10.0,False,Nutlin,1364
G07_A01_RT_476,10037,267.0,0.0,0.0,248.502523836231,Nutlin_50_BB06,Nutlin,50,BB06,alveolar basal epithelial cells,A549,True,lung adenocarcinoma,cell_line,human,drug,4217,6.5856333,1.5044336,1,CHEMBL407632;CHEMBL191334,50.0,False,Nutlin,4217
D07_B02_RT_734,5102,18.0,0.0006004383210247,0.0024017532840991,10.2486187845304,Nutlin_10_BB07,Nutlin,10,BB07,alveolar basal epithelial cells,A549,True,lung adenocarcinoma,cell_line,human,drug,2388,13.151705,2.0972168,1,CHEMBL407632;CHEMBL191334,10.0,False,Nutlin,2388
G11_A01_RT_390,13197,172.0,0.0,0.0,261.435897435897,Nutlin_10_BA11,Nutlin,10,BA11,alveolar basal epithelial cells,A549,True,lung adenocarcinoma,cell_line,human,drug,4832,4.016064,1.8185952,1,CHEMBL407632;CHEMBL191334,10.0,False,Nutlin,4832
C06_A01_RT_747,6546,159.0,0.0,0.0,2.27233033462566,Nutlin_50_AA10,Nutlin,50,AA10,alveolar basal epithelial cells,A549,True,lung adenocarcinoma,cell_line,human,drug,3080,11.793462,1.5582035,1,CHEMBL407632;CHEMBL191334,50.0,False,Nutlin,3080
D11_A01_RT_432,3637,32.0,0.0,0.0,28.7719714964371,Nutlin_10_AB07,Nutlin,10,AB07,alveolar basal epithelial cells,A549,True,lung adenocarcinoma,cell_line,human,drug,2132,7.5061865,1.7047017,1,CHEMBL407632;CHEMBL191334,10.0,False,Nutlin,2132
C05_B02_RT_428,8692,44.0,0.0,0.0,9.8673139158576,Nutlin_10_BB07,Nutlin,10,BB07,alveolar basal epithelial cells,A549,True,lung adenocarcinoma,cell_line,human,drug,3697,7.040957,1.4265991,1,CHEMBL407632;CHEMBL191334,10.0,False,Nutlin,3697
F10_A01_RT_395,2220,14.0,1.60771531142691e-12,1.9292583737122897e-11,1.14146023468057,Nutlin_10_BB07,Nutlin,10,BB07,alveolar basal epithelial cells,A549,True,lung adenocarcinoma,cell_line,human,drug,1591,6.6666665,1.2162162,1,CHEMBL407632;CHEMBL191334,10.0,False,Nutlin,1591
D06_B02_RT_425,2696,20.0,0.0,0.0,16.984962406015,Nutlin_10_BA03,Nutlin,10,BA03,alveolar basal epithelial cells,A549,True,lung adenocarcinoma,cell_line,human,drug,1574,8.234422,1.0756676,1,CHEMBL407632;CHEMBL191334,10.0,False,Nutlin,1574
B01_B02_RT_684,5966,146.0,0.0,0.0,12.2825137120015,Nutlin_50_BA02,Nutlin,50,BA02,alveolar basal epithelial cells,A549,True,lung adenocarcinoma,cell_line,human,drug,3187,3.7713711,2.581294,1,CHEMBL407632;CHEMBL191334,50.0,False,Nutlin,3187
G08_A01_RT_668,1164,11.0,0.734426712398,1.0,1.91169724770642,Nutlin_10_AB07,Nutlin,10,AB07,alveolar basal epithelial cells,A549,True,lung adenocarcinoma,cell_line,human,drug,830,3.5223367,0.68728524,1,CHEMBL407632;CHEMBL191334,10.0,False,Nutlin,830
G12_A01_RT_580,2088,913.0,0.0,0.0,1027.99643947101,Nutlin_10_AA11,Nutlin,10,AA11,alveolar basal epithelial cells,A549,True,lung adenocarcinoma,cell_line,human,drug,1296,8.764368,3.256705,1,CHEMBL407632;CHEMBL191334,10.0,False,Nutlin,1296
D11_A01_RT_754,4880,49.0,0.0,0.0,44.6508313539192,Nutlin_10_AB07,Nutlin,10,AB07,alveolar basal epithelial cells,A549,True,lung adenocarcinoma,cell_line,human,drug,2658,4.344262,2.090164,1,CHEMBL407632;CHEMBL191334,10.0,False,Nutlin,2658
E08_A01_RT_749,8790,272.0,0.0,0.0,2.91121212121212,Nutlin_50_AB06,Nutlin,50,AB06,alveolar basal epithelial cells,A549,True,lung adenocarcinoma,cell_line,human,drug,3978,8.259386,1.9112628,1,CHEMBL407632;CHEMBL191334,50.0,False,Nutlin,3978
F09_A01_RT_736,1403,8.0,5.74272795682322e-65,2.06738206445636e-63,1.00619434765776,Nutlin_100_AA01,Nutlin,100,AA01,alveolar basal epithelial cells,A549,True,lung adenocarcinoma,cell_line,human,drug,900,10.762651,0.5702067,1,CHEMBL407632;CHEMBL191334,100.0,False,Nutlin,900
B06_B02_RT_720,2337,52.0,6.621336865714111e-154,1.92018769105709e-152,45.9805825242718,Nutlin_10_AB07,Nutlin,10,AB07,alveolar basal epithelial cells,A549,True,lung adenocarcinoma,cell_line,human,drug,1456,3.1236627,1.283697,1,CHEMBL407632;CHEMBL191334,10.0,False,Nutlin,1456
F04_A01_RT_599,5363,762.0,0.0,0.0,16.4627244582043,Nutlin_50_BA10,Nutlin,50,BA10,alveolar basal epithelial cells,A549,True,lung adenocarcinoma,cell_line,human,drug,2792,8.577289,2.6477718,1,CHEMBL407632;CHEMBL191334,50.0,False,Nutlin,2792
D08_A01_RT_454,7198,36.0,0.0,0.0,32.2072141212586,Nutlin_10_BA03,Nutlin,10,BA03,alveolar basal epithelial cells,A549,True,lung adenocarcinoma,cell_line,human,drug,3225,12.572937,1.8894137,1,CHEMBL407632;CHEMBL191334,10.0,False,Nutlin,3225
G10_B02_RT_502,1925,4.0,9.39194978846767e-21,3.66286041750239e-19,1.02851033499644,Nutlin_10_BB07,Nutlin,10,BB07,alveolar basal epithelial cells,A549,True,lung adenocarcinoma,cell_line,human,drug,1297,5.090909,0.25974026,1,CHEMBL407632;CHEMBL191334,10.0,False,Nutlin,1297
D05_B02_RT_592,2393,23.0,0.0,0.0,25.609865470852,Nutlin_50_BA10,Nutlin,50,BA10,alveolar basal epithelial cells,A549,True,lung adenocarcinoma,cell_line,human,drug,1498,3.050564,3.6773925,1,CHEMBL407632;CHEMBL191334,50.0,False,Nutlin,1498
G02_A01_RT_694,1323,2.0,0.135040268311198,1.0,1.01015965166909,Nutlin_10_BB07,Nutlin,10,BB07,alveolar basal epithelial cells,A549,True,lung adenocarcinoma,cell_line,human,drug,930,4.006047,0.30234316,1,CHEMBL407632;CHEMBL191334,10.0,False,Nutlin,930
D03_A01_RT_627,5938,125.0,0.0,0.0,115.269717624148,Nutlin_50_AA10,Nutlin,50,AA10,alveolar basal epithelial cells,A549,True,lung adenocarcinoma,cell_line,human,drug,3085,2.0545638,3.7386324,1,CHEMBL407632;CHEMBL191334,50.0,False,Nutlin,3085
A06_B02_RT_618,6253,51.0,0.0,0.0,46.9090909090909,Nutlin_10_BA11,Nutlin,10,BA11,alveolar basal epithelial cells,A549,True,lung adenocarcinoma,cell_line,human,drug,2823,14.696945,1.4553014,1,CHEMBL407632;CHEMBL191334,10.0,False,Nutlin,2823
B11_B02_RT_710,2414,6.0,8.8849496005518e-13,3.5539798402207197e-11,1.00762388818297,SAHA_10_BF07,SAHA,10,BF07,alveolar basal epithelial cells,A549,True,lung adenocarcinoma,cell_line,human,drug,1499,6.172328,0.33140016,1,,10.0,False,SAHA,1499
D01_A01_RT_441,7861,61.0,0.0,0.0,56.1527777777778,SAHA_10_BF07,SAHA,10,BF07,alveolar basal epithelial cells,A549,True,lung adenocarcinoma,cell_line,human,drug,3763,3.3710723,1.5138023,1,,10.0,False,SAHA,3763
A11_A01_RT_581,2516,140.0,0.0,0.0,130.713248638838,SAHA_100_E09,SAHA,100,E09,alveolar basal epithelial cells,A549,True,lung adenocarcinoma,cell_line,human,drug,1676,2.0270271,2.0270271,1,,100.0,False,SAHA,1676
D03_A01_RT_406,1547,17.0,0.0,0.0,16.6172972972973,SAHA_50_BE02,SAHA,50,BE02,alveolar basal epithelial cells,A549,True,lung adenocarcinoma,cell_line,human,drug,1049,10.92437,6.464124,1,,50.0,False,SAHA,1049
F03_A01_RT_579,7836,14.0,1.41641371491322e-19,2.5495446868438e-18,4.58074074074074,SAHA_10_BE11,SAHA,10,BE11,alveolar basal epithelial cells,A549,True,lung adenocarcinoma,cell_line,human,drug,3667,4.7345586,1.6845329,1,,10.0,False,SAHA,3667
C10_A01_RT_398,3065,44.0,0.0,0.0,34.9672131147541,SAHA_10_AF07,SAHA,10,AF07,alveolar basal epithelial cells,A549,True,lung adenocarcinoma,cell_line,human,drug,1946,3.7520392,1.6965742,1,,10.0,False,SAHA,1946
G10_B02_RT_613,8116,122.0,0.0,0.0,120.852075471698,SAHA_10_AF07,SAHA,10,AF07,alveolar basal epithelial cells,A549,True,lung adenocarcinoma,cell_line,human,drug,3548,1.6510596,1.6757023,1,,10.0,False,SAHA,3548
C07_B02_RT_396,1414,11.0,0.0006748879984086,0.0128228719697645,1.92352259559676,SAHA_50_BE02,SAHA,50,BE02,alveolar basal epithelial cells,A549,True,lung adenocarcinoma,cell_line,human,drug,992,4.2432814,0.6364922,1,,50.0,False,SAHA,992
G03_B02_RT_479,6175,303.0,0.0,0.0,286.990049751244,SAHA_50_AE02,SAHA,50,AE02,alveolar basal epithelial cells,A549,True,lung adenocarcinoma,cell_line,human,drug,3213,2.7368422,2.2834008,1,,50.0,False,SAHA,3213
A10_B02_RT_398,5811,165.0,0.0,0.0,151.502512562814,SAHA_50_AE10,SAHA,50,AE10,alveolar basal epithelial cells,A549,True,lung adenocarcinoma,cell_line,human,drug,3127,2.1855102,2.133884,1,,50.0,False,SAHA,3127
G06_A01_RT_565,1345,11.0,1.44449930020963e-08,5.20019748075467e-07,1.8948283355063,SAHA_100_BF05,SAHA,100,BF05,alveolar basal epithelial cells,A549,True,lung adenocarcinoma,cell_line,human,drug,925,5.2788105,0.37174723,1,,100.0,False,SAHA,925
D04_A01_RT_425,15594,124.0,0.0,0.0,1.78927081683299,SAHA_10_AE11,SAHA,10,AE11,alveolar basal epithelial cells,A549,True,lung adenocarcinoma,cell_line,human,drug,5442,9.362576,1.6352444,1,,10.0,False,SAHA,5442
G09_B02_RT_735,10692,178.0,0.0,0.0,88.3157728706625,SAHA_10_BF07,SAHA,10,BF07,alveolar basal epithelial cells,A549,True,lung adenocarcinoma,cell_line,human,drug,4154,3.647587,2.066966,1,,10.0,False,SAHA,4154
D04_B02_RT_389,2085,13.0,0.0,0.0,inf,SAHA_10_BE11,SAHA,10,BE11,alveolar basal epithelial cells,A549,True,lung adenocarcinoma,cell_line,human,drug,1332,2.6858513,1.7266186,1,,10.0,False,SAHA,1332
A09_A01_RT_711,1727,7.0,0.116526629969451,0.932213039755605,1.01151315789474,SAHA_100_E09,SAHA,100,E09,alveolar basal epithelial cells,A549,True,lung adenocarcinoma,cell_line,human,drug,1147,7.3537927,0.2895194,1,,100.0,False,SAHA,1147
D04_A01_RT_486,10971,156.0,0.0,0.0,1.21882774405413,SAHA_50_AE10,SAHA,50,AE10,alveolar basal epithelial cells,A549,True,lung adenocarcinoma,cell_line,human,drug,4655,4.767113,1.8138729,1,,50.0,False,SAHA,4655
G08_B02_RT_710,12329,188.0,0.0,0.0,220.919298245614,SAHA_100_BE09,SAHA,100,BE09,alveolar basal epithelial cells,A549,True,lung adenocarcinoma,cell_line,human,drug,5161,3.9824803,2.0358505,1,,100.0,False,SAHA,5161
A06_A01_RT_617,8682,151.0,0.0,0.0,144.519108280255,SAHA_50_AE10,SAHA,50,AE10,alveolar basal epithelial cells,A549,True,lung adenocarcinoma,cell_line,human,drug,4005,6.346464,2.211472,1,,50.0,False,SAHA,4005
C06_A01_RT_557,8215,98.0,0.0,0.0,49.9605263157895,SAHA_10_AE03,SAHA,10,AE03,alveolar basal epithelial cells,A549,True,lung adenocarcinoma,cell_line,human,drug,3714,2.6171637,1.5581254,1,,10.0,False,SAHA,3714
H10_A01_RT_665,2585,177.0,0.0,0.0,6.50432217343579,SAHA_100_AE01,SAHA,100,AE01,alveolar basal epithelial cells,A549,True,lung adenocarcinoma,cell_line,human,drug,1719,5.7253385,2.205029,1,,100.0,False,SAHA,1719
H06_A01_RT_469,2788,125.0,0.0,0.0,118.562427071179,SAHA_50_BE02,SAHA,50,BE02,alveolar basal epithelial cells,A549,True,lung adenocarcinoma,cell_line,human,drug,1790,5.416069,1.6499282,1,,50.0,False,SAHA,1790
E02_B02_RT_395,2815,50.0,0.0,0.0,43.8305084745763,SAHA_10_AE03,SAHA,10,AE03,alveolar basal epithelial cells,A549,True,lung adenocarcinoma,cell_line,human,drug,1707,3.197158,2.3445826,1,,10.0,False,SAHA,1707
H07_A01_RT_738,1024,23.0,0.0,0.0,21.9834651329978,SAHA_100_BF05,SAHA,100,BF05,alveolar basal epithelial cells,A549,True,lung adenocarcinoma,cell_line,human,drug,807,2.4414062,1.4648438,1,,100.0,False,SAHA,807
H05_B02_RT_453,6086,143.0,1.65289980996124e-28,5.78514933486433e-27,50.8646140868832,SAHA_50_AF06,SAHA,50,AF06,alveolar basal epithelial cells,A549,True,lung adenocarcinoma,cell_line,human,drug,3133,1.396648,1.5609596,1,,50.0,False,SAHA,3133
H12_B02_RT_698,14374,54.0,0.0,0.0,3.51452599388379,SAHA_10_BF07,SAHA,10,BF07,alveolar basal epithelial cells,A549,True,lung adenocarcinoma,cell_line,human,drug,5506,4.876861,1.7809935,1,,10.0,False,SAHA,5506
F06_A01_RT_390,8942,57.0,0.0,0.0,61.1585623678647,SAHA_10_BF07,SAHA,10,BF07,alveolar basal epithelial cells,A549,True,lung adenocarcinoma,cell_line,human,drug,3539,13.755312,1.856408,1,,10.0,False,SAHA,3539
B10_B02_RT_448,7802,162.0,0.0,0.0,183.038363171355,SAHA_100_BF05,SAHA,100,BF05,alveolar basal epithelial cells,A549,True,lung adenocarcinoma,cell_line,human,drug,3642,1.4611638,1.3714433,1,,100.0,False,SAHA,3642
D10_B02_RT_529,17222,381.0,0.0,0.0,14.6480593783826,SAHA_50_AE10,SAHA,50,AE10,alveolar basal epithelial cells,A549,True,lung adenocarcinoma,cell_line,human,drug,6086,5.6555567,1.6780862,1,,50.0,False,SAHA,6086
C02_B02_RT_423,3290,24.0,3.32680099591939e-127,8.982362688982349e-126,20.1978021978022,SAHA_10_BF07,SAHA,10,BF07,alveolar basal epithelial cells,A549,True,lung adenocarcinoma,cell_line,human,drug,2046,1.793313,1.1854104,1,,10.0,False,SAHA,2046
H10_A01_RT_446,1970,22.0,0.0,0.0,21.9003944773176,SAHA_10_AE11,SAHA,10,AE11,alveolar basal epithelial cells,A549,True,lung adenocarcinoma,cell_line,human,drug,1377,4.8730965,1.4720812,1,,10.0,False,SAHA,1377
A12_B02_RT_550,13661,336.0,0.0,0.0,153.409090909091,SAHA_100_BF05,SAHA,100,BF05,alveolar basal epithelial cells,A549,True,lung adenocarcinoma,cell_line,human,drug,5461,4.8312716,1.4786619,1,,100.0,False,SAHA,5461
G06_B02_RT_624,1099,4.0,0.999684939556472,1.0,1.016,SAHA_10_AF07,SAHA,10,AF07,alveolar basal epithelial cells,A549,True,lung adenocarcinoma,cell_line,human,drug,776,4.6405826,0.27297544,1,,10.0,False,SAHA,776
C02_B02_RT_524,7480,83.0,0.0,0.0,77.7792553191489,SAHA_50_BE02,SAHA,50,BE02,alveolar basal epithelial cells,A549,True,lung adenocarcinoma,cell_line,human,drug,3623,4.050802,1.9251337,1,,50.0,False,SAHA,3623
D10_B02_RT_426,6395,97.0,0.0,0.0,101.862977602108,SAHA_50_BE02,SAHA,50,BE02,alveolar basal epithelial cells,A549,True,lung adenocarcinoma,cell_line,human,drug,3117,3.7216575,1.5637217,1,,50.0,False,SAHA,3117
F09_A01_RT_659,10704,339.0,0.0,0.0,1.66415368502496,SAHA_50_BF06,SAHA,50,BF06,alveolar basal epithelial cells,A549,True,lung adenocarcinoma,cell_line,human,drug,4406,7.081465,2.288864,1,,50.0,False,SAHA,4406
A08_A01_RT_494,5548,27.0,0.0,0.0,27.3636363636364,SAHA_50_BF06,SAHA,50,BF06,alveolar basal epithelial cells,A549,True,lung adenocarcinoma,cell_line,human,drug,3003,3.4246576,1.5681326,1,,50.0,False,SAHA,3003
F03_A01_RT_635,1216,2.0,1.0,1.0,1.25283630470016,SAHA_10_BE11,SAHA,10,BE11,alveolar basal epithelial cells,A549,True,lung adenocarcinoma,cell_line,human,drug,871,4.111842,0.65789473,1,,10.0,False,SAHA,871
F09_A01_RT_482,10473,270.0,0.0,0.0,328.140783744557,SAHA_50_AE10,SAHA,50,AE10,alveolar basal epithelial cells,A549,True,lung adenocarcinoma,cell_line,human,drug,4710,2.635348,2.4730258,1,,50.0,False,SAHA,4710
B06_B02_RT_705,6065,8.0,8.29198453926947e-63,2.07299613481737e-61,4.03155818540434,SAHA_10_BE03,SAHA,10,BE03,alveolar basal epithelial cells,A549,True,lung adenocarcinoma,cell_line,human,drug,3036,3.0338006,1.0552349,1,,10.0,False,SAHA,3036
C05_B02_RT_460,11094,245.0,0.0,0.0,235.498774509804,SAHA_50_AE02,SAHA,50,AE02,alveolar basal epithelial cells,A549,True,lung adenocarcinoma,cell_line,human,drug,4645,3.5514693,1.7126374,1,,50.0,False,SAHA,4645
F10_B02_RT_640,6868,154.0,0.0,0.0,199.022508038585,SAHA_50_BE02,SAHA,50,BE02,alveolar basal epithelial cells,A549,True,lung adenocarcinoma,cell_line,human,drug,3368,2.446127,1.5725102,1,,50.0,False,SAHA,3368
G01_A01_RT_752,1751,6.0,1.28299754555138e-05,0.0003848992636654,1.01564537157758,SAHA_100_AE01,SAHA,100,AE01,alveolar basal epithelial cells,A549,True,lung adenocarcinoma,cell_line,human,drug,1141,4.054826,0.6853227,1,,100.0,False,SAHA,1141
F08_A01_RT_676,20846,181.0,0.0,0.0,2.40973838186832,SAHA_50_AF06,SAHA,50,AF06,alveolar basal epithelial cells,A549,True,lung adenocarcinoma,cell_line,human,drug,6589,3.0173655,1.38156,1,,50.0,False,SAHA,6589
F07_B02_RT_678,8314,24.0,1.3424e-320,3.08747e-319,17.2755741127349,SAHA_50_BE02,SAHA,50,BE02,alveolar basal epithelial cells,A549,True,lung adenocarcinoma,cell_line,human,drug,3779,7.3851337,1.7560741,1,,50.0,False,SAHA,3779
E08_A01_RT_467,1033,3.0,3.0343515857073e-08,2.73091642713657e-07,1.00730816077954,SAHA_100_E09,SAHA,100,E09,alveolar basal epithelial cells,A549,True,lung adenocarcinoma,cell_line,human,drug,768,7.5508227,0.0,1,,100.0,False,SAHA,768
G04_A01_RT_704,1415,6.0,0.614450508363671,1.0,1.0042735042735,SAHA_100_AE01,SAHA,100,AE01,alveolar basal epithelial cells,A549,True,lung adenocarcinoma,cell_line,human,drug,952,9.328622,0.3533569,1,,100.0,False,SAHA,952
H11_A01_RT_388,17428,177.0,0.0,0.0,3.1743078486157,SAHA_100_BE09,SAHA,100,BE09,alveolar basal epithelial cells,A549,True,lung adenocarcinoma,cell_line,human,drug,6261,5.1239386,1.721368,1,,100.0,False,SAHA,6261
A08_A01_RT_491,9564,178.0,0.0,0.0,1.84200610667186,SAHA_10_AF07,SAHA,10,AF07,alveolar basal epithelial cells,A549,True,lung adenocarcinoma,cell_line,human,drug,4423,2.8962777,1.5056462,1,,10.0,False,SAHA,4423
C07_A01_RT_668,15936,261.0,0.0,0.0,3.15642697904983,SAHA_50_AE02,SAHA,50,AE02,alveolar basal epithelial cells,A549,True,lung adenocarcinoma,cell_line,human,drug,5736,4.561998,1.5122992,1,,50.0,False,SAHA,5736
B11_B02_RT_764,17382,319.0,0.0,0.0,7.67237530647345,SAHA_100_E09,SAHA,100,E09,alveolar basal epithelial cells,A549,True,lung adenocarcinoma,cell_line,human,drug,5983,6.552756,1.622368,1,,100.0,False,SAHA,5983
A10_B02_RT_617,2058,3.0,8.78854676460376e-12,2.02136575585887e-10,1.00304259634888,SAHA_50_AF06,SAHA,50,AF06,alveolar basal epithelial cells,A549,True,lung adenocarcinoma,cell_line,human,drug,1280,10.252672,0.048590865,1,,50.0,False,SAHA,1280
E06_B02_RT_649,5376,61.0,0.0,0.0,30.1694599627561,SAHA_10_BE03,SAHA,10,BE03,alveolar basal epithelial cells,A549,True,lung adenocarcinoma,cell_line,human,drug,2640,7.645089,2.4739583,1,,10.0,False,SAHA,2640
D09_A01_RT_666,6210,77.0,0.0,0.0,74.7283950617284,SAHA_100_BF05,SAHA,100,BF05,alveolar basal epithelial cells,A549,True,lung adenocarcinoma,cell_line,human,drug,3305,4.4766507,2.173913,1,,100.0,False,SAHA,3305
G06_B02_RT_622,11611,106.0,0.0,0.0,1.26807725265309,SAHA_10_BF07,SAHA,10,BF07,alveolar basal epithelial cells,A549,True,lung adenocarcinoma,cell_line,human,drug,4750,4.685212,2.3167686,1,,10.0,False,SAHA,4750
H05_B02_RT_491,9857,552.0,0.0,0.0,80.1571480538378,SAHA_100_E09,SAHA,100,E09,alveolar basal epithelial cells,A549,True,lung adenocarcinoma,cell_line,human,drug,4402,6.13777,2.1609008,1,,100.0,False,SAHA,4402
D02_A01_RT_487,11364,185.0,0.0,0.0,115.508097165992,SAHA_100_AF05,SAHA,100,AF05,alveolar basal epithelial cells,A549,True,lung adenocarcinoma,cell_line,human,drug,4772,9.134108,1.2055614,1,,100.0,False,SAHA,4772
F09_A01_RT_581,8096,278.0,0.0,0.0,291.721768999571,SAHA_10_AF07,SAHA,10,AF07,alveolar basal epithelial cells,A549,True,lung adenocarcinoma,cell_line,human,drug,3656,3.9278655,2.2603755,1,,10.0,False,SAHA,3656
G01_A01_RT_575,1760,6.0,0.998868966869793,1.0,1.02403204272363,SAHA_100_AF05,SAHA,100,AF05,alveolar basal epithelial cells,A549,True,lung adenocarcinoma,cell_line,human,drug,1227,3.9204545,0.22727273,1,,100.0,False,SAHA,1227
F04_A01_RT_557,15782,43.0,3.3869283149291003e-10,6.4351637983652904e-09,8.66709760827408,SAHA_10_BE11,SAHA,10,BE11,alveolar basal epithelial cells,A549,True,lung adenocarcinoma,cell_line,human,drug,5294,3.6307185,1.7361552,1,,10.0,False,SAHA,5294
G05_B02_RT_475,7905,363.0,0.0,0.0,434.416250890948,SAHA_50_BE10,SAHA,50,BE10,alveolar basal epithelial cells,A549,True,lung adenocarcinoma,cell_line,human,drug,3780,3.6812143,1.4421252,1,,50.0,False,SAHA,3780
E01_A01_RT_753,6606,95.0,0.0,0.0,90.3890675241158,SAHA_50_AE02,SAHA,50,AE02,alveolar basal epithelial cells,A549,True,lung adenocarcinoma,cell_line,human,drug,3290,4.5110507,1.6651529,1,,50.0,False,SAHA,3290
E04_B02_RT_521,8417,138.0,0.0,0.0,125.785714285714,SAHA_50_AF06,SAHA,50,AF06,alveolar basal epithelial cells,A549,True,lung adenocarcinoma,cell_line,human,drug,3943,2.3286207,2.2454557,1,,50.0,False,SAHA,3943
B10_B02_RT_739,7048,250.0,0.0,0.0,1148.79381443299,SAHA_50_BE10,SAHA,50,BE10,alveolar basal epithelial cells,A549,True,lung adenocarcinoma,cell_line,human,drug,3193,3.6748013,1.475596,1,,50.0,False,SAHA,3193
C07_B02_RT_424,1998,73.0,0.0,0.0,65.91647597254,SAHA_10_BE03,SAHA,10,BE03,alveolar basal epithelial cells,A549,True,lung adenocarcinoma,cell_line,human,drug,1321,3.2532532,0.35035035,1,,10.0,False,SAHA,1321
D10_B02_RT_485,1094,5.0,0.0008612353516946,0.0120572949237244,1.00594530321046,SAHA_100_AE01,SAHA,100,AE01,alveolar basal epithelial cells,A549,True,lung adenocarcinoma,cell_line,human,drug,792,3.6563072,0.18281536,1,,100.0,False,SAHA,792
C12_B02_RT_619,1469,5.0,0.999999981179345,1.0,1.0530303030303,SAHA_100_BE01,SAHA,100,BE01,alveolar basal epithelial cells,A549,True,lung adenocarcinoma,cell_line,human,drug,1009,7.2838664,0.27229407,1,,100.0,False,SAHA,1009
D03_A01_RT_554,9278,66.0,0.0,0.0,57.87147030185,SAHA_50_AE02,SAHA,50,AE02,alveolar basal epithelial cells,A549,True,lung adenocarcinoma,cell_line,human,drug,4343,3.158008,1.8969605,1,,50.0,False,SAHA,4343
F12_A01_RT_522,6936,80.0,0.0,0.0,70.9376785250584,SAHA_10_AE11,SAHA,10,AE11,alveolar basal epithelial cells,A549,True,lung adenocarcinoma,cell_line,human,drug,3263,4.0513263,2.494233,1,,10.0,False,SAHA,3263
B10_B02_RT_458,11802,452.0,0.0,0.0,2.76863591756624,SAHA_100_E09,SAHA,100,E09,alveolar basal epithelial cells,A549,True,lung adenocarcinoma,cell_line,human,drug,4876,7.88002,1.5675309,1,,100.0,False,SAHA,4876
A10_B02_RT_521,10176,37.0,0.0,0.0,22.9256281407035,SAHA_10_AF07,SAHA,10,AF07,alveolar basal epithelial cells,A549,True,lung adenocarcinoma,cell_line,human,drug,4192,3.331368,2.2307389,1,,10.0,False,SAHA,4192
H09_B02_RT_531,3758,81.0,0.0,0.0,74.7841918294849,SAHA_100_BF05,SAHA,100,BF05,alveolar basal epithelial cells,A549,True,lung adenocarcinoma,cell_line,human,drug,2141,2.7408197,2.2086215,1,,100.0,False,SAHA,2141
G11_A01_RT_685,17814,183.0,0.0,0.0,147.014568158169,SAHA_100_BE01,SAHA,100,BE01,alveolar basal epithelial cells,A549,True,lung adenocarcinoma,cell_line,human,drug,5998,6.522959,2.166835,1,,100.0,False,SAHA,5998
F01_A01_RT_750,3457,53.0,0.0,0.0,51.5655384615385,SAHA_10_AF07,SAHA,10,AF07,alveolar basal epithelial cells,A549,True,lung adenocarcinoma,cell_line,human,drug,1964,4.8018513,1.9380966,1,,10.0,False,SAHA,1964
A07_B02_RT_402,2561,7.0,2.20031912021915e-29,6.160893536613609e-28,1.95319961795606,SAHA_50_AE02,SAHA,50,AE02,alveolar basal epithelial cells,A549,True,lung adenocarcinoma,cell_line,human,drug,1534,2.7723546,0.156189,1,,50.0,False,SAHA,1534
D11_A01_RT_514,5619,84.0,0.0,0.0,80.4014251781473,SAHA_50_BE10,SAHA,50,BE10,alveolar basal epithelial cells,A549,True,lung adenocarcinoma,cell_line,human,drug,2960,2.0288308,1.4593344,1,,50.0,False,SAHA,2960
F12_B02_RT_556,10411,501.0,0.0,0.0,19.067992122292,SAHA_50_AF06,SAHA,50,AF06,alveolar basal epithelial cells,A549,True,lung adenocarcinoma,cell_line,human,drug,4383,7.2327347,2.5934107,1,,50.0,False,SAHA,4383
H09_A01_RT_697,7799,226.0,0.0,0.0,2.29996520629766,SAHA_50_BE02,SAHA,50,BE02,alveolar basal epithelial cells,A549,True,lung adenocarcinoma,cell_line,human,drug,3830,4.2954226,1.6540582,1,,50.0,False,SAHA,3830
B03_B02_RT_400,1814,8.0,5.46225844692711e-06,8.73961351508338e-05,1.91432396251673,SAHA_50_BE02,SAHA,50,BE02,alveolar basal epithelial cells,A549,True,lung adenocarcinoma,cell_line,human,drug,1124,4.244763,0.27563396,1,,50.0,False,SAHA,1124
E10_A01_RT_763,11573,137.0,0.0,0.0,1.78505629477994,SAHA_100_BE01,SAHA,100,BE01,alveolar basal epithelial cells,A549,True,lung adenocarcinoma,cell_line,human,drug,5069,5.9535127,1.5380627,1,,100.0,False,SAHA,5069
C08_B02_RT_554,6636,130.0,0.0,0.0,80.8030303030303,SAHA_10_AE03,SAHA,10,AE03,alveolar basal epithelial cells,A549,True,lung adenocarcinoma,cell_line,human,drug,3258,3.782399,2.501507,1,,10.0,False,SAHA,3258
D12_B02_RT_635,1427,3.0,8.0164899149597e-14,8.81813890645568e-13,1.00829187396352,SAHA_50_BE10,SAHA,50,BE10,alveolar basal epithelial cells,A549,True,lung adenocarcinoma,cell_line,human,drug,1049,3.5739312,0.35038543,1,,50.0,False,SAHA,1049
F05_B02_RT_462,1028,394.0,0.0,0.0,6.07862060761075,SAHA_100_E09,SAHA,100,E09,alveolar basal epithelial cells,A549,True,lung adenocarcinoma,cell_line,human,drug,680,5.933852,3.7937744,1,,100.0,False,SAHA,680
B12_B02_RT_455,1106,7.0,1.4800873281751102e-23,1.77610479381013e-22,1.00576368876081,SAHA_10_AE11,SAHA,10,AE11,alveolar basal epithelial cells,A549,True,lung adenocarcinoma,cell_line,human,drug,811,4.43038,0.9041591,1,,10.0,False,SAHA,811
G04_A01_RT_572,2409,9.0,8.242725769965589e-11,4.78078094658004e-09,1.00639658848614,SAHA_50_AE02,SAHA,50,AE02,alveolar basal epithelial cells,A549,True,lung adenocarcinoma,cell_line,human,drug,1451,5.977584,0.498132,1,,50.0,False,SAHA,1451
D08_A01_RT_511,4552,94.0,0.0,0.0,42.6251962323391,SAHA_10_AF07,SAHA,10,AF07,alveolar basal epithelial cells,A549,True,lung adenocarcinoma,cell_line,human,drug,2451,10.127417,1.5597539,1,,10.0,False,SAHA,2451
G12_A01_RT_558,13931,365.0,0.0,0.0,447.613573407202,SAHA_50_BE02,SAHA,50,BE02,alveolar basal epithelial cells,A549,True,lung adenocarcinoma,cell_line,human,drug,5053,6.0225396,2.1175795,1,,50.0,False,SAHA,5053
H12_B02_RT_724,5719,125.0,0.0,0.0,204.565737051793,SAHA_50_AE02,SAHA,50,AE02,alveolar basal epithelial cells,A549,True,lung adenocarcinoma,cell_line,human,drug,2911,3.077461,1.1190767,1,,50.0,False,SAHA,2911
E12_B02_RT_564,2128,126.0,0.0,0.0,149.226125137212,SAHA_50_AE10,SAHA,50,AE10,alveolar basal epithelial cells,A549,True,lung adenocarcinoma,cell_line,human,drug,1362,3.524436,2.255639,1,,50.0,False,SAHA,1362
A08_B02_RT_447,8080,268.0,0.0,0.0,2.0316655627452,SAHA_100_AF05,SAHA,100,AF05,alveolar basal epithelial cells,A549,True,lung adenocarcinoma,cell_line,human,drug,3820,10.321782,1.4975247,1,,100.0,False,SAHA,3820
G07_B02_RT_467,8879,232.0,0.0,0.0,275.119257086999,SAHA_50_AE02,SAHA,50,AE02,alveolar basal epithelial cells,A549,True,lung adenocarcinoma,cell_line,human,drug,3958,3.82926,2.3763938,1,,50.0,False,SAHA,3958
D02_B02_RT_454,4110,123.0,0.0,0.0,1.1553402703026,SAHA_10_AF07,SAHA,10,AF07,alveolar basal epithelial cells,A549,True,lung adenocarcinoma,cell_line,human,drug,2368,6.812652,1.4355232,1,,10.0,False,SAHA,2368
A06_B02_RT_670,7835,298.0,0.0,0.0,1.71466334352932,SAHA_50_AE10,SAHA,50,AE10,alveolar basal epithelial cells,A549,True,lung adenocarcinoma,cell_line,human,drug,3908,4.4671345,2.3101468,1,,50.0,False,SAHA,3908
G10_B02_RT_716,1534,9.0,0.223296633621927,1.0,1.00641940085592,SAHA_100_BE01,SAHA,100,BE01,alveolar basal epithelial cells,A549,True,lung adenocarcinoma,cell_line,human,drug,1039,7.040417,0.19556715,1,,100.0,False,SAHA,1039
C11_B02_RT_471,1095,4.0,0.0108802762308209,0.108802762308209,1.01148325358852,SAHA_10_AF07,SAHA,10,AF07,alveolar basal epithelial cells,A549,True,lung adenocarcinoma,cell_line,human,drug,770,3.652968,0.5479452,1,,10.0,False,SAHA,770
H04_A01_RT_697,6773,138.0,0.0,0.0,4.85568835768039,SAHA_10_AE03,SAHA,10,AE03,alveolar basal epithelial cells,A549,True,lung adenocarcinoma,cell_line,human,drug,3341,8.578178,1.6683892,1,,10.0,False,SAHA,3341
D08_A01_RT_722,14623,108.0,0.0,0.0,1.62036333778097,SAHA_50_AE10,SAHA,50,AE10,alveolar basal epithelial cells,A549,True,lung adenocarcinoma,cell_line,human,drug,5563,3.467141,1.7369896,1,,50.0,False,SAHA,5563
G04_B02_RT_534,11609,139.0,0.0,0.0,130.725024727992,SAHA_10_AE11,SAHA,10,AE11,alveolar basal epithelial cells,A549,True,lung adenocarcinoma,cell_line,human,drug,4519,4.94444,2.1190455,1,,10.0,False,SAHA,4519
G08_B02_RT_606,5978,229.0,0.0,0.0,4.21801061007958,SAHA_10_AE03,SAHA,10,AE03,alveolar basal epithelial cells,A549,True,lung adenocarcinoma,cell_line,human,drug,2883,8.146537,1.1709602,1,,10.0,False,SAHA,2883
A12_B02_RT_659,12140,163.0,0.0,0.0,1.50767794148164,SAHA_100_BF05,SAHA,100,BF05,alveolar basal epithelial cells,A549,True,lung adenocarcinoma,cell_line,human,drug,5036,5.9555187,2.4217463,1,,100.0,False,SAHA,5036
F12_A01_RT_564,3638,563.0,0.0,0.0,89.5654083307457,SAHA_50_AF06,SAHA,50,AF06,alveolar basal epithelial cells,A549,True,lung adenocarcinoma,cell_line,human,drug,2295,5.2226496,2.2814734,1,,50.0,False,SAHA,2295
B05_B02_RT_470,5169,135.0,0.0,0.0,154.546218487395,SAHA_50_BE10,SAHA,50,BE10,alveolar basal epithelial cells,A549,True,lung adenocarcinoma,cell_line,human,drug,2737,1.8765719,1.315535,1,,50.0,False,SAHA,2737
F07_B02_RT_599,5855,122.0,0.0,0.0,184.327922077922,SAHA_50_BF06,SAHA,50,BF06,alveolar basal epithelial cells,A549,True,lung adenocarcinoma,cell_line,human,drug,2902,7.2587533,2.766866,1,,50.0,False,SAHA,2902
D04_A01_RT_630,11281,95.0,0.0,0.0,3.64425572068884,SAHA_10_AE03,SAHA,10,AE03,alveolar basal epithelial cells,A549,True,lung adenocarcinoma,cell_line,human,drug,4780,6.063292,1.6665189,1,,10.0,False,SAHA,4780
G08_A01_RT_502,2043,9.0,0.469155474746478,1.0,1.00513112884835,SAHA_10_AF07,SAHA,10,AF07,alveolar basal epithelial cells,A549,True,lung adenocarcinoma,cell_line,human,drug,1322,4.601077,0.44052863,1,,10.0,False,SAHA,1322
G07_B02_RT_656,4576,32.0,0.0,0.0,37.6731328806984,SAHA_10_AF07,SAHA,10,AF07,alveolar basal epithelial cells,A549,True,lung adenocarcinoma,cell_line,human,drug,2515,0.72115386,1.5734266,1,,10.0,False,SAHA,2515
F05_B02_RT_588,7470,284.0,0.0,0.0,1.7213837504957,SAHA_10_AE11,SAHA,10,AE11,alveolar basal epithelial cells,A549,True,lung adenocarcinoma,cell_line,human,drug,3486,9.651941,2.2891567,1,,10.0,False,SAHA,3486
E11_A01_RT_604,1005,3.0,0.772695194593588,1.0,1.00878477306003,SAHA_10_AE11,SAHA,10,AE11,alveolar basal epithelial cells,A549,True,lung adenocarcinoma,cell_line,human,drug,735,3.283582,0.29850745,1,,10.0,False,SAHA,735
D12_A01_RT_446,3209,59.0,0.0,0.0,52.8068739770867,SAHA_100_BE01,SAHA,100,BE01,alveolar basal epithelial cells,A549,True,lung adenocarcinoma,cell_line,human,drug,2099,6.388283,1.8074167,1,,100.0,False,SAHA,2099
G06_B02_RT_578,4634,180.0,0.0,0.0,224.471571906355,SAHA_50_AE10,SAHA,50,AE10,alveolar basal epithelial cells,A549,True,lung adenocarcinoma,cell_line,human,drug,2750,2.7621925,2.5463963,1,,50.0,False,SAHA,2750
E05_A01_RT_425,8903,179.0,0.0,0.0,3.40565078934887,SAHA_10_AE11,SAHA,10,AE11,alveolar basal epithelial cells,A549,True,lung adenocarcinoma,cell_line,human,drug,4034,4.122206,1.662361,1,,10.0,False,SAHA,4034
F04_B02_RT_564,3847,17.0,0.0,0.0,15.6895104895105,SAHA_50_BE10,SAHA,50,BE10,alveolar basal epithelial cells,A549,True,lung adenocarcinoma,cell_line,human,drug,2293,5.1468678,2.8073823,1,,50.0,False,SAHA,2293
H10_A01_RT_425,1278,17.0,0.0,0.0,15.1633045148895,SAHA_50_BF06,SAHA,50,BF06,alveolar basal epithelial cells,A549,True,lung adenocarcinoma,cell_line,human,drug,950,1.799687,0.9389671,1,,50.0,False,SAHA,950
G03_A01_RT_543,30287,546.0,0.0,0.0,3.82300673862484,SAHA_50_AE02,SAHA,50,AE02,alveolar basal epithelial cells,A549,True,lung adenocarcinoma,cell_line,human,drug,7662,6.5308547,1.8027537,1,,50.0,False,SAHA,7662
D06_A01_RT_646,8608,37.0,0.0,0.0,32.8052631578947,SAHA_50_BE10,SAHA,50,BE10,alveolar basal epithelial cells,A549,True,lung adenocarcinoma,cell_line,human,drug,3936,4.6584573,1.6496283,1,,50.0,False,SAHA,3936
G01_A01_RT_590,11239,147.0,0.0,0.0,210.344195519348,SAHA_50_BE02,SAHA,50,BE02,alveolar basal epithelial cells,A549,True,lung adenocarcinoma,cell_line,human,drug,4430,5.213987,1.1566865,1,,50.0,False,SAHA,4430
H07_B02_RT_522,3720,97.0,0.0,0.0,110.40192926045,SAHA_50_AE02,SAHA,50,AE02,alveolar basal epithelial cells,A549,True,lung adenocarcinoma,cell_line,human,drug,1966,4.811828,2.5268817,1,,50.0,False,SAHA,1966
G09_B02_RT_481,6468,173.0,0.0,0.0,208.045165843331,SAHA_50_AE02,SAHA,50,AE02,alveolar basal epithelial cells,A549,True,lung adenocarcinoma,cell_line,human,drug,3239,3.030303,2.9993815,1,,50.0,False,SAHA,3239
G07_A01_RT_623,1120,10.0,0.0007977420860628,0.0127638733770057,2.76176971072036,SAHA_50_BE02,SAHA,50,BE02,alveolar basal epithelial cells,A549,True,lung adenocarcinoma,cell_line,human,drug,818,4.732143,0.44642857,1,,50.0,False,SAHA,818
G02_B02_RT_473,2641,379.0,0.0,0.0,1.39299742980457,SAHA_100_BE01,SAHA,100,BE01,alveolar basal epithelial cells,A549,True,lung adenocarcinoma,cell_line,human,drug,1664,6.9291935,3.0291557,1,,100.0,False,SAHA,1664
A04_A01_RT_740,4921,51.0,0.0,0.0,50.7707948243993,SAHA_100_AF05,SAHA,100,AF05,alveolar basal epithelial cells,A549,True,lung adenocarcinoma,cell_line,human,drug,2747,3.292014,1.9914651,1,,100.0,False,SAHA,2747
E10_A01_RT_392,2769,29.0,0.0,0.0,inf,SAHA_100_AF05,SAHA,100,AF05,alveolar basal epithelial cells,A549,True,lung adenocarcinoma,cell_line,human,drug,1907,1.8418201,1.9140484,1,,100.0,False,SAHA,1907
F12_B02_RT_432,9710,31.0,0.0,0.0,1.19673340358272,SAHA_10_BE11,SAHA,10,BE11,alveolar basal epithelial cells,A549,True,lung adenocarcinoma,cell_line,human,drug,4214,4.6035013,1.822863,1,,10.0,False,SAHA,4214
H02_B02_RT_618,5693,93.0,0.0,0.0,87.6529850746269,SAHA_50_AF06,SAHA,50,AF06,alveolar basal epithelial cells,A549,True,lung adenocarcinoma,cell_line,human,drug,2943,3.9873528,1.5984542,1,,50.0,False,SAHA,2943
A10_B02_RT_541,5069,59.0,0.0,0.0,51.6474358974359,SAHA_10_AE11,SAHA,10,AE11,alveolar basal epithelial cells,A549,True,lung adenocarcinoma,cell_line,human,drug,2540,1.6965871,1.4993095,1,,10.0,False,SAHA,2540
H08_B02_RT_575,4279,137.0,0.0,0.0,170.895615866388,SAHA_50_BE02,SAHA,50,BE02,alveolar basal epithelial cells,A549,True,lung adenocarcinoma,cell_line,human,drug,2613,3.412012,1.6592662,1,,50.0,False,SAHA,2613
G03_A01_RT_460,1831,8.0,0.978361756653538,1.0,2.05844748858447,SAHA_10_BE03,SAHA,10,BE03,alveolar basal epithelial cells,A549,True,lung adenocarcinoma,cell_line,human,drug,1143,7.0999455,0.38230476,1,,10.0,False,SAHA,1143
H11_A01_RT_625,6161,112.0,0.0,0.0,158.882352941176,SAHA_50_BE02,SAHA,50,BE02,alveolar basal epithelial cells,A549,True,lung adenocarcinoma,cell_line,human,drug,3173,2.4671319,0.9414056,1,,50.0,False,SAHA,3173
C08_A01_RT_624,8688,174.0,0.0,0.0,221.829787234043,SAHA_100_BE09,SAHA,100,BE09,alveolar basal epithelial cells,A549,True,lung adenocarcinoma,cell_line,human,drug,4024,7.055709,1.3351749,1,,100.0,False,SAHA,4024
G08_B02_RT_548,9630,44.0,0.0,0.0,36.8312559923298,SAHA_50_BF06,SAHA,50,BF06,alveolar basal epithelial cells,A549,True,lung adenocarcinoma,cell_line,human,drug,3799,14.309449,1.7237798,1,,50.0,False,SAHA,3799
B02_A01_RT_648,5637,177.0,0.0,0.0,170.861736334405,SAHA_50_BE10,SAHA,50,BE10,alveolar basal epithelial cells,A549,True,lung adenocarcinoma,cell_line,human,drug,2852,4.5769024,1.9868724,1,,50.0,False,SAHA,2852
G07_A01_RT_429,1077,4.0,1.47923978748532e-60,7.69204689492368e-59,2.0390131956397,SAHA_100_E09,SAHA,100,E09,alveolar basal epithelial cells,A549,True,lung adenocarcinoma,cell_line,human,drug,801,2.9712164,0.37140206,1,,100.0,False,SAHA,801
D04_A01_RT_472,6155,475.0,0.0,0.0,6.6284703106567,SAHA_50_BF06,SAHA,50,BF06,alveolar basal epithelial cells,A549,True,lung adenocarcinoma,cell_line,human,drug,3039,12.575142,1.5759546,1,,50.0,False,SAHA,3039
B11_A01_RT_454,5744,253.0,0.0,0.0,698.820610687023,SAHA_50_AE10,SAHA,50,AE10,alveolar basal epithelial cells,A549,True,lung adenocarcinoma,cell_line,human,drug,2908,2.7158775,1.9150418,1,,50.0,False,SAHA,2908
B05_A01_RT_676,1095,27.0,0.0,0.0,25.7760968229955,SAHA_100_BE01,SAHA,100,BE01,alveolar basal epithelial cells,A549,True,lung adenocarcinoma,cell_line,human,drug,730,4.657534,0.2739726,1,,100.0,False,SAHA,730
D05_B02_RT_745,7028,50.0,0.0,0.0,47.6413130504404,SAHA_10_BE03,SAHA,10,BE03,alveolar basal epithelial cells,A549,True,lung adenocarcinoma,cell_line,human,drug,3281,5.3642573,2.191235,1,,10.0,False,SAHA,3281
D12_B02_RT_755,2878,219.0,0.0,0.0,327.762755102041,SAHA_100_AF05,SAHA,100,AF05,alveolar basal epithelial cells,A549,True,lung adenocarcinoma,cell_line,human,drug,1938,2.2237666,1.8415567,1,,100.0,False,SAHA,1938
B02_B02_RT_484,2892,149.0,0.0,0.0,162.86856516977,SAHA_50_AF06,SAHA,50,AF06,alveolar basal epithelial cells,A549,True,lung adenocarcinoma,cell_line,human,drug,1901,3.1466115,1.3485477,1,,50.0,False,SAHA,1901
H02_B02_RT_425,9733,103.0,0.0,0.0,1.06420545746388,SAHA_100_BE09,SAHA,100,BE09,alveolar basal epithelial cells,A549,True,lung adenocarcinoma,cell_line,human,drug,4234,3.6884825,1.2534676,1,,100.0,False,SAHA,4234
B08_A01_RT_401,6977,134.0,0.0,0.0,11.806895286998,SAHA_100_AE01,SAHA,100,AE01,alveolar basal epithelial cells,A549,True,lung adenocarcinoma,cell_line,human,drug,3528,7.3527303,1.8059338,1,,100.0,False,SAHA,3528
B01_B02_RT_616,6188,30.0,5.4825752516943703e-95,1.80924983305914e-93,23.97002997003,SAHA_10_BF07,SAHA,10,BF07,alveolar basal epithelial cells,A549,True,lung adenocarcinoma,cell_line,human,drug,3010,4.072398,2.2624435,1,,10.0,False,SAHA,3010
G07_B02_RT_739,10405,436.0,0.0,0.0,1.95530413834638,SAHA_100_AE01,SAHA,100,AE01,alveolar basal epithelial cells,A549,True,lung adenocarcinoma,cell_line,human,drug,4532,4.5170593,2.5564632,1,,100.0,False,SAHA,4532
H12_A01_RT_672,2612,76.0,0.0,0.0,81.2380952380952,SAHA_50_AE02,SAHA,50,AE02,alveolar basal epithelial cells,A549,True,lung adenocarcinoma,cell_line,human,drug,1761,5.5130167,2.37366,1,,50.0,False,SAHA,1761
E07_A01_RT_546,16283,62.0,0.0,0.0,33.677037037037,SAHA_10_BE03,SAHA,10,BE03,alveolar basal epithelial cells,A549,True,lung adenocarcinoma,cell_line,human,drug,5634,5.1587543,1.8731192,1,,10.0,False,SAHA,5634
E11_B02_RT_617,1674,6.0,0.0006797793769371,0.0054382350154974,1.015625,SAHA_100_BE01,SAHA,100,BE01,alveolar basal epithelial cells,A549,True,lung adenocarcinoma,cell_line,human,drug,1124,9.737157,0.23894863,1,,100.0,False,SAHA,1124
A07_A01_RT_483,9681,214.0,0.0,0.0,2.3459188916589,SAHA_100_E09,SAHA,100,E09,alveolar basal epithelial cells,A549,True,lung adenocarcinoma,cell_line,human,drug,4393,8.273938,1.6320628,1,,100.0,False,SAHA,4393
D07_A01_RT_615,8041,132.0,0.0,0.0,30.5862282878412,SAHA_50_BE02,SAHA,50,BE02,alveolar basal epithelial cells,A549,True,lung adenocarcinoma,cell_line,human,drug,3741,8.12088,1.3679891,1,,50.0,False,SAHA,3741
E05_A01_RT_396,3157,78.0,0.0,0.0,77.3502109704641,SAHA_10_AE03,SAHA,10,AE03,alveolar basal epithelial cells,A549,True,lung adenocarcinoma,cell_line,human,drug,1855,5.1631293,1.0136205,1,,10.0,False,SAHA,1855
H08_A01_RT_660,4112,173.0,0.0,0.0,3.27875310439325,SAHA_100_AF05,SAHA,100,AF05,alveolar basal epithelial cells,A549,True,lung adenocarcinoma,cell_line,human,drug,2387,8.390078,2.6264591,1,,100.0,False,SAHA,2387
E10_B02_RT_575,1036,6.0,1.55758801984752e-20,1.86910562381702e-19,1.99539877300614,SAHA_50_AE02,SAHA,50,AE02,alveolar basal epithelial cells,A549,True,lung adenocarcinoma,cell_line,human,drug,753,4.5366797,0.77220076,1,,50.0,False,SAHA,753
G10_B02_RT_490,9267,334.0,0.0,0.0,602.689345314506,SAHA_50_BE02,SAHA,50,BE02,alveolar basal epithelial cells,A549,True,lung adenocarcinoma,cell_line,human,drug,4209,4.424301,2.568253,1,,50.0,False,SAHA,4209
G02_B02_RT_566,1061,4.0,2.8115320571877e-23,6.46652373153171e-22,1.0080971659919,SAHA_50_AF06,SAHA,50,AF06,alveolar basal epithelial cells,A549,True,lung adenocarcinoma,cell_line,human,drug,777,2.8275213,0.18850142,1,,50.0,False,SAHA,777
B08_B02_RT_433,5364,105.0,0.0,0.0,112.441176470588,SAHA_10_BE03,SAHA,10,BE03,alveolar basal epithelial cells,A549,True,lung adenocarcinoma,cell_line,human,drug,2852,6.077554,0.87621176,1,,10.0,False,SAHA,2852
H07_A01_RT_668,1394,36.0,0.0,0.0,33.9482386772106,SAHA_50_BE02,SAHA,50,BE02,alveolar basal epithelial cells,A549,True,lung adenocarcinoma,cell_line,human,drug,979,4.7345767,1.0043042,1,,50.0,False,SAHA,979
C09_A01_RT_637,16632,76.0,0.0,0.0,68.8620689655172,SAHA_10_BE03,SAHA,10,BE03,alveolar basal epithelial cells,A549,True,lung adenocarcinoma,cell_line,human,drug,5614,3.4451659,1.4550265,1,,10.0,False,SAHA,5614
G02_A01_RT_468,20581,36.0,0.0,0.0,8.92272727272727,SAHA_10_BE11,SAHA,10,BE11,alveolar basal epithelial cells,A549,True,lung adenocarcinoma,cell_line,human,drug,6258,8.264905,1.5159613,1,,10.0,False,SAHA,6258
A02_A01_RT_495,6499,48.0,0.0,0.0,49.76,SAHA_50_AF06,SAHA,50,AF06,alveolar basal epithelial cells,A549,True,lung adenocarcinoma,cell_line,human,drug,3283,2.2772734,1.8925989,1,,50.0,False,SAHA,3283
A12_A01_RT_620,3456,66.0,0.0,0.0,62.2340425531915,SAHA_50_BE02,SAHA,50,BE02,alveolar basal epithelial cells,A549,True,lung adenocarcinoma,cell_line,human,drug,2151,5.3819447,1.6203704,1,,50.0,False,SAHA,2151
A06_A01_RT_499,6387,42.0,0.0,0.0,37.8662420382166,SAHA_100_BE09,SAHA,100,BE09,alveolar basal epithelial cells,A549,True,lung adenocarcinoma,cell_line,human,drug,3201,3.9924848,1.4404259,1,,100.0,False,SAHA,3201
G04_A01_RT_438,1495,9.0,5.15124061756085e-07,2.52410790260482e-05,2.00639658848614,SAHA_10_AE11,SAHA,10,AE11,alveolar basal epithelial cells,A549,True,lung adenocarcinoma,cell_line,human,drug,979,7.3578596,0.26755852,1,,10.0,False,SAHA,979
C05_B02_RT_497,8864,307.0,0.0,0.0,477.514734774067,SAHA_100_AF05,SAHA,100,AF05,alveolar basal epithelial cells,A549,True,lung adenocarcinoma,cell_line,human,drug,4116,3.0234656,1.2861011,1,,100.0,False,SAHA,4116
F11_A01_RT_667,1048,3006.0,0.0,0.0,17561.0452261307,SAHA_100_BF05,SAHA,100,BF05,alveolar basal epithelial cells,A549,True,lung adenocarcinoma,cell_line,human,drug,665,8.015267,0.47709924,1,,100.0,False,SAHA,665
C08_B02_RT_453,1125,2.0,0.0100946621031406,0.0908519589282655,1.02859866539561,SAHA_50_BF06,SAHA,50,BF06,alveolar basal epithelial cells,A549,True,lung adenocarcinoma,cell_line,human,drug,727,8.266666,0.35555556,1,,50.0,False,SAHA,727
G11_B02_RT_387,6202,129.0,0.0,0.0,207.821917808219,SAHA_50_BF06,SAHA,50,BF06,alveolar basal epithelial cells,A549,True,lung adenocarcinoma,cell_line,human,drug,3137,3.24089,1.2254112,1,,50.0,False,SAHA,3137
A04_A01_RT_543,7454,88.0,0.0,0.0,5.20168067226891,SAHA_10_AE11,SAHA,10,AE11,alveolar basal epithelial cells,A549,True,lung adenocarcinoma,cell_line,human,drug,3457,4.0649314,2.1867454,1,,10.0,False,SAHA,3457
A11_A01_RT_455,13928,237.0,0.0,0.0,2.51471041756615,SAHA_100_BE01,SAHA,100,BE01,alveolar basal epithelial cells,A549,True,lung adenocarcinoma,cell_line,human,drug,5352,8.357265,1.8236645,1,,100.0,False,SAHA,5352
E10_A01_RT_500,1638,47.0,5.3587952289189504e-76,1.0181710934946e-74,23.935121646912,SAHA_10_AF07,SAHA,10,AF07,alveolar basal epithelial cells,A549,True,lung adenocarcinoma,cell_line,human,drug,1220,5.250305,2.6251526,1,,10.0,False,SAHA,1220
C01_A01_RT_466,5716,68.0,0.0,0.0,60.2563791008505,SAHA_10_AF07,SAHA,10,AF07,alveolar basal epithelial cells,A549,True,lung adenocarcinoma,cell_line,human,drug,2530,7.5752273,1.7844647,1,,10.0,False,SAHA,2530
F05_A01_RT_735,12834,116.0,0.0,0.0,96.5206611570248,SAHA_100_E09,SAHA,100,E09,alveolar basal epithelial cells,A549,True,lung adenocarcinoma,cell_line,human,drug,4825,4.573788,2.2674146,1,,100.0,False,SAHA,4825
D01_B02_RT_458,12431,245.0,0.0,0.0,2.28427459588904,SAHA_50_AF06,SAHA,50,AF06,alveolar basal epithelial cells,A549,True,lung adenocarcinoma,cell_line,human,drug,5015,6.612501,2.1398118,1,,50.0,False,SAHA,5015
C08_B02_RT_722,6916,225.0,0.0,0.0,273.68023255814,SAHA_100_AF05,SAHA,100,AF05,alveolar basal epithelial cells,A549,True,lung adenocarcinoma,cell_line,human,drug,3383,3.2967033,1.8218623,1,,100.0,False,SAHA,3383
H07_A01_RT_756,1567,2.0,1.0166885794201501e-74,1.52503286913023e-73,1.0028839221341,SAHA_50_AF06,SAHA,50,AF06,alveolar basal epithelial cells,A549,True,lung adenocarcinoma,cell_line,human,drug,1038,8.359923,1.3401403,1,,50.0,False,SAHA,1038
H12_B02_RT_761,7978,143.0,0.0,0.0,1.16146225509737,SAHA_10_BE03,SAHA,10,BE03,alveolar basal epithelial cells,A549,True,lung adenocarcinoma,cell_line,human,drug,3988,3.2714965,2.406618,1,,10.0,False,SAHA,3988
E01_B02_RT_432,5598,93.0,0.0,0.0,98.5370650529501,SAHA_50_BE10,SAHA,50,BE10,alveolar basal epithelial cells,A549,True,lung adenocarcinoma,cell_line,human,drug,3047,2.1972132,1.2147195,1,,50.0,False,SAHA,3047
G08_B02_RT_676,1184,2.0,0.999991104550647,1.0,1.00195886385896,SAHA_50_AE10,SAHA,50,AE10,alveolar basal epithelial cells,A549,True,lung adenocarcinoma,cell_line,human,drug,757,2.4493244,0.5912162,1,,50.0,False,SAHA,757
D05_B02_RT_588,2532,14.0,0.0,0.0,12.0980544747082,SAHA_100_BE01,SAHA,100,BE01,alveolar basal epithelial cells,A549,True,lung adenocarcinoma,cell_line,human,drug,1676,2.093207,1.5007899,1,,100.0,False,SAHA,1676
A09_B02_RT_524,10215,204.0,0.0,0.0,196.059459459459,SAHA_50_BE10,SAHA,50,BE10,alveolar basal epithelial cells,A549,True,lung adenocarcinoma,cell_line,human,drug,4055,5.5800295,2.163485,1,,50.0,False,SAHA,4055
G08_B02_RT_630,7445,105.0,0.0,0.0,92.5973154362416,SAHA_50_BF06,SAHA,50,BF06,alveolar basal epithelial cells,A549,True,lung adenocarcinoma,cell_line,human,drug,3651,3.7474816,1.2491605,1,,50.0,False,SAHA,3651
E06_A01_RT_582,3169,146.0,0.0,0.0,4.35069780965303,SAHA_10_AE03,SAHA,10,AE03,alveolar basal epithelial cells,A549,True,lung adenocarcinoma,cell_line,human,drug,2001,5.680025,2.7453456,1,,10.0,False,SAHA,2001
B12_A01_RT_562,5500,105.0,0.0,0.0,5.10281893747741,SAHA_100_BE09,SAHA,100,BE09,alveolar basal epithelial cells,A549,True,lung adenocarcinoma,cell_line,human,drug,2867,5.909091,1.9454546,1,,100.0,False,SAHA,2867
E07_B02_RT_666,6707,68.0,0.0,0.0,71.1320754716981,SAHA_50_BE02,SAHA,50,BE02,alveolar basal epithelial cells,A549,True,lung adenocarcinoma,cell_line,human,drug,3209,8.319666,1.6400775,1,,50.0,False,SAHA,3209
E09_B02_RT_744,8044,117.0,0.0,0.0,112.527459954233,SAHA_50_AE02,SAHA,50,AE02,alveolar basal epithelial cells,A549,True,lung adenocarcinoma,cell_line,human,drug,3728,3.7543511,1.4172053,1,,50.0,False,SAHA,3728
H07_A01_RT_516,3197,21.0,1.0166885794201501e-74,1.52503286913023e-73,18.0,SAHA_50_AF06,SAHA,50,AF06,alveolar basal epithelial cells,A549,True,lung adenocarcinoma,cell_line,human,drug,1900,9.821708,1.6578043,1,,50.0,False,SAHA,1900
F04_A01_RT_630,1135,4.0,4.88903292898721e-10,8.80025927217699e-09,1.00968523002421,SAHA_10_AF07,SAHA,10,AF07,alveolar basal epithelial cells,A549,True,lung adenocarcinoma,cell_line,human,drug,806,5.3744493,0.3524229,1,,10.0,False,SAHA,806
G12_A01_RT_639,7671,628.0,0.0,0.0,8.00649435671825,SAHA_50_BF06,SAHA,50,BF06,alveolar basal epithelial cells,A549,True,lung adenocarcinoma,cell_line,human,drug,3538,7.0394993,1.3818277,1,,50.0,False,SAHA,3538
A11_A01_RT_686,4896,184.0,0.0,0.0,262.730245231608,SAHA_100_E09,SAHA,100,E09,alveolar basal epithelial cells,A549,True,lung adenocarcinoma,cell_line,human,drug,2819,1.7769607,1.7973856,1,,100.0,False,SAHA,2819
F03_B02_RT_388,11554,336.0,0.0,0.0,1.926569233271,SAHA_50_BF06,SAHA,50,BF06,alveolar basal epithelial cells,A549,True,lung adenocarcinoma,cell_line,human,drug,4785,2.181063,1.7569673,1,,50.0,False,SAHA,4785
C09_B02_RT_506,5670,91.0,0.0,0.0,50.162034609334,SAHA_10_AF07,SAHA,10,AF07,alveolar basal epithelial cells,A549,True,lung adenocarcinoma,cell_line,human,drug,2848,1.0934744,1.4991182,1,,10.0,False,SAHA,2848
G07_A01_RT_707,14829,249.0,0.0,0.0,150.459382759844,SAHA_100_AE01,SAHA,100,AE01,alveolar basal epithelial cells,A549,True,lung adenocarcinoma,cell_line,human,drug,5123,4.4979434,1.7533212,1,,100.0,False,SAHA,5123
B04_B02_RT_660,4841,147.0,0.0,0.0,4.64609800362976,SAHA_10_AE03,SAHA,10,AE03,alveolar basal epithelial cells,A549,True,lung adenocarcinoma,cell_line,human,drug,2559,6.321008,2.4375129,1,,10.0,False,SAHA,2559
B01_A01_RT_741,4062,120.0,0.0,0.0,167.705882352941,SAHA_10_AE11,SAHA,10,AE11,alveolar basal epithelial cells,A549,True,lung adenocarcinoma,cell_line,human,drug,2310,3.446578,1.8709995,1,,10.0,False,SAHA,2310
C09_A01_RT_432,1017,5.0,0.0129912159268551,0.129912159268551,1.02824858757062,SAHA_50_BF06,SAHA,50,BF06,alveolar basal epithelial cells,A549,True,lung adenocarcinoma,cell_line,human,drug,757,4.8180923,0.4916421,1,,50.0,False,SAHA,757
F02_A01_RT_393,13210,515.0,0.0,0.0,491.551459293395,SAHA_50_BE10,SAHA,50,BE10,alveolar basal epithelial cells,A549,True,lung adenocarcinoma,cell_line,human,drug,5137,3.1188493,2.0514762,1,,50.0,False,SAHA,5137
D09_A01_RT_712,12992,63.0,0.0,0.0,58.7777777777778,SAHA_10_BE03,SAHA,10,BE03,alveolar basal epithelial cells,A549,True,lung adenocarcinoma,cell_line,human,drug,4642,6.388547,1.916564,1,,10.0,False,SAHA,4642
F05_A01_RT_425,5311,12.0,1.19738731946201e-72,4.31059435006325e-71,10.1255230125523,SAHA_10_BE11,SAHA,10,BE11,alveolar basal epithelial cells,A549,True,lung adenocarcinoma,cell_line,human,drug,2851,8.906044,4.3118057,1,,10.0,False,SAHA,2851
G03_B02_RT_732,3538,183.0,0.0,0.0,4.22106969205835,SAHA_100_BE01,SAHA,100,BE01,alveolar basal epithelial cells,A549,True,lung adenocarcinoma,cell_line,human,drug,2030,8.338044,2.9112494,1,,100.0,False,SAHA,2030
G06_A01_RT_657,1069,15.0,2.64123724024792e-09,1.02717769805609e-07,2.86916703009158,SAHA_100_BF05,SAHA,100,BF05,alveolar basal epithelial cells,A549,True,lung adenocarcinoma,cell_line,human,drug,774,2.8999064,0.9354537,1,,100.0,False,SAHA,774
F11_A01_RT_407,5336,190.0,0.0,0.0,195.512876202296,SAHA_50_BF06,SAHA,50,BF06,alveolar basal epithelial cells,A549,True,lung adenocarcinoma,cell_line,human,drug,2841,3.1296852,1.9490255,1,,50.0,False,SAHA,2841
G11_B02_RT_486,4449,200.0,0.0,0.0,191.073836276083,SAHA_100_AE01,SAHA,100,AE01,alveolar basal epithelial cells,A549,True,lung adenocarcinoma,cell_line,human,drug,2358,1.7532029,2.7197123,1,,100.0,False,SAHA,2358
C02_B02_RT_710,1138,3.0,2.30946091928311e-28,3.23324528699635e-27,1.00402144772118,SAHA_50_AF06,SAHA,50,AF06,alveolar basal epithelial cells,A549,True,lung adenocarcinoma,cell_line,human,drug,798,6.151142,0.17574692,1,,50.0,False,SAHA,798
A01_B02_RT_672,4551,226.0,0.0,0.0,530.97131147541,SAHA_50_BE10,SAHA,50,BE10,alveolar basal epithelial cells,A549,True,lung adenocarcinoma,cell_line,human,drug,2183,13.00813,1.4282576,1,,50.0,False,SAHA,2183
H06_A01_RT_465,2649,23.0,0.0,0.0,28.6299840510367,SAHA_50_AF06,SAHA,50,AF06,alveolar basal epithelial cells,A549,True,lung adenocarcinoma,cell_line,human,drug,1769,3.92601,1.9252548,1,,50.0,False,SAHA,1769
H06_B02_RT_512,8690,371.0,0.0,0.0,428.15017579106,SAHA_50_AE10,SAHA,50,AE10,alveolar basal epithelial cells,A549,True,lung adenocarcinoma,cell_line,human,drug,3951,2.7963176,2.3475258,1,,50.0,False,SAHA,3951
E01_A01_RT_604,9585,99.0,0.0,0.0,2.31123676612127,SAHA_100_BF05,SAHA,100,BF05,alveolar basal epithelial cells,A549,True,lung adenocarcinoma,cell_line,human,drug,4165,8.01252,2.1283255,1,,100.0,False,SAHA,4165
G01_B02_RT_402,2290,6.0,3.68813481689774e-13,4.7945752619670595e-12,1.02173913043478,SAHA_10_AF07,SAHA,10,AF07,alveolar basal epithelial cells,A549,True,lung adenocarcinoma,cell_line,human,drug,1381,3.187773,0.34934497,1,,10.0,False,SAHA,1381
C04_B02_RT_566,21569,231.0,0.0,0.0,5.1536214953271,SAHA_50_BE02,SAHA,50,BE02,alveolar basal epithelial cells,A549,True,lung adenocarcinoma,cell_line,human,drug,6656,6.064259,1.8035144,1,,50.0,False,SAHA,6656
F11_A01_RT_455,1216,18.0,0.0026498609946881,0.0344481929309458,1.5026714158504,SAHA_50_BE02,SAHA,50,BE02,alveolar basal epithelial cells,A549,True,lung adenocarcinoma,cell_line,human,drug,837,4.2763157,0.32894737,1,,50.0,False,SAHA,837
A10_A01_RT_463,9818,41.0,0.0,0.0,36.9672,SAHA_10_BF07,SAHA,10,BF07,alveolar basal epithelial cells,A549,True,lung adenocarcinoma,cell_line,human,drug,4235,8.18904,1.3240986,1,,10.0,False,SAHA,4235
E10_A01_RT_690,3404,56.0,0.0,0.0,36.4774193548387,SAHA_50_BE02,SAHA,50,BE02,alveolar basal epithelial cells,A549,True,lung adenocarcinoma,cell_line,human,drug,2097,4.318449,1.8507638,1,,50.0,False,SAHA,2097
A11_A01_RT_449,10442,20.0,1.34154422019696e-06,6.70772110098482e-06,16.0,SAHA_10_BE11,SAHA,10,BE11,alveolar basal epithelial cells,A549,True,lung adenocarcinoma,cell_line,human,drug,4381,5.1043863,1.4652365,1,,10.0,False,SAHA,4381
E10_A01_RT_737,1029,11.0,0.0,0.0,2.33474088291747,SAHA_50_BE02,SAHA,50,BE02,alveolar basal epithelial cells,A549,True,lung adenocarcinoma,cell_line,human,drug,790,4.664723,1.068999,1,,50.0,False,SAHA,790
F01_B02_RT_647,5137,378.0,0.0,0.0,668.235294117647,SAHA_50_AE02,SAHA,50,AE02,alveolar basal epithelial cells,A549,True,lung adenocarcinoma,cell_line,human,drug,2855,0.8954643,2.3943937,1,,50.0,False,SAHA,2855
C12_B02_RT_572,1338,10.0,0.755704543982056,1.0,1.0390625,SAHA_100_AF05,SAHA,100,AF05,alveolar basal epithelial cells,A549,True,lung adenocarcinoma,cell_line,human,drug,961,4.633782,0.14947683,1,,100.0,False,SAHA,961
B03_A01_RT_740,11609,150.0,0.0,0.0,1.46201232032854,SAHA_100_AF05,SAHA,100,AF05,alveolar basal epithelial cells,A549,True,lung adenocarcinoma,cell_line,human,drug,4888,6.813679,1.5935912,1,,100.0,False,SAHA,4888
E03_A01_RT_515,11365,30.0,0.0,0.0,16.9315068493151,SAHA_50_BF06,SAHA,50,BF06,alveolar basal epithelial cells,A549,True,lung adenocarcinoma,cell_line,human,drug,4464,13.286406,1.9533656,1,,50.0,False,SAHA,4464
C02_A01_RT_582,2040,152.0,0.0,0.0,inf,SAHA_100_BE01,SAHA,100,BE01,alveolar basal epithelial cells,A549,True,lung adenocarcinoma,cell_line,human,drug,1354,3.0392158,2.9411764,1,,100.0,False,SAHA,1354
D07_A01_RT_754,9105,231.0,0.0,0.0,222.707196029777,SAHA_10_BE03,SAHA,10,BE03,alveolar basal epithelial cells,A549,True,lung adenocarcinoma,cell_line,human,drug,3867,3.3827567,1.856123,1,,10.0,False,SAHA,3867
B12_B02_RT_495,7298,236.0,0.0,0.0,225.51973951974,SAHA_50_AE10,SAHA,50,AE10,alveolar basal epithelial cells,A549,True,lung adenocarcinoma,cell_line,human,drug,3403,2.315703,1.6716908,1,,50.0,False,SAHA,3403
D01_A01_RT_540,11643,34.0,0.0,0.0,29.9055555555556,SAHA_50_BE02,SAHA,50,BE02,alveolar basal epithelial cells,A549,True,lung adenocarcinoma,cell_line,human,drug,4684,5.694409,1.7435368,1,,50.0,False,SAHA,4684
B04_A01_RT_404,1325,28.0,0.0,0.0,20.8795698924731,SAHA_50_AE02,SAHA,50,AE02,alveolar basal epithelial cells,A549,True,lung adenocarcinoma,cell_line,human,drug,1010,2.2641509,1.9622642,1,,50.0,False,SAHA,1010
B04_A01_RT_661,7818,113.0,0.0,0.0,6.41585329784087,SAHA_10_BE03,SAHA,10,BE03,alveolar basal epithelial cells,A549,True,lung adenocarcinoma,cell_line,human,drug,3870,2.9035559,2.0081863,1,,10.0,False,SAHA,3870
C11_B02_RT_669,16760,232.0,0.0,0.0,276.593787335723,SAHA_100_BE01,SAHA,100,BE01,alveolar basal epithelial cells,A549,True,lung adenocarcinoma,cell_line,human,drug,5965,8.991647,1.3245823,1,,100.0,False,SAHA,5965
D09_B02_RT_708,3466,113.0,0.0,0.0,145.579027355623,SAHA_100_BE01,SAHA,100,BE01,alveolar basal epithelial cells,A549,True,lung adenocarcinoma,cell_line,human,drug,2055,3.0582805,2.2792845,1,,100.0,False,SAHA,2055
C05_A01_RT_710,1363,5.0,5.0306352806675094e-18,5.53369880873426e-17,1.01581027667984,SAHA_100_AE01,SAHA,100,AE01,alveolar basal epithelial cells,A549,True,lung adenocarcinoma,cell_line,human,drug,922,6.7498164,0.513573,1,,100.0,False,SAHA,922
B11_A01_RT_696,7090,131.0,0.0,0.0,5.86554932073243,SAHA_10_AE11,SAHA,10,AE11,alveolar basal epithelial cells,A549,True,lung adenocarcinoma,cell_line,human,drug,3423,3.2299013,1.2552892,1,,10.0,False,SAHA,3423
G01_B02_RT_710,18359,292.0,4.51389634674179e-52,1.35416890402254e-50,350.220640569395,SAHA_100_AE01,SAHA,100,AE01,alveolar basal epithelial cells,A549,True,lung adenocarcinoma,cell_line,human,drug,6079,7.8326707,2.8487391,1,,100.0,False,SAHA,6079
B10_B02_RT_721,11812,452.0,0.0,0.0,411.690677966102,SAHA_100_AF05,SAHA,100,AF05,alveolar basal epithelial cells,A549,True,lung adenocarcinoma,cell_line,human,drug,4923,6.1462917,1.794785,1,,100.0,False,SAHA,4923
D08_A01_RT_665,6700,110.0,0.0,0.0,4.79700499168053,SAHA_10_AE11,SAHA,10,AE11,alveolar basal epithelial cells,A549,True,lung adenocarcinoma,cell_line,human,drug,3473,4.955224,1.7313433,1,,10.0,False,SAHA,3473
F03_B02_RT_511,8966,133.0,0.0,0.0,4.04611191205623,SAHA_50_AF06,SAHA,50,AF06,alveolar basal epithelial cells,A549,True,lung adenocarcinoma,cell_line,human,drug,4159,5.264332,2.498327,1,,50.0,False,SAHA,4159
A01_B02_RT_400,13812,222.0,0.0,0.0,210.857632933105,SAHA_100_AE01,SAHA,100,AE01,alveolar basal epithelial cells,A549,True,lung adenocarcinoma,cell_line,human,drug,5357,3.6345208,1.4769765,1,,100.0,False,SAHA,5357
F01_B02_RT_537,7466,16.0,0.0,0.0,10.9812646370023,SAHA_10_BE11,SAHA,10,BE11,alveolar basal epithelial cells,A549,True,lung adenocarcinoma,cell_line,human,drug,3473,5.58532,1.9689258,1,,10.0,False,SAHA,3473
F02_A01_RT_670,14308,229.0,0.0,0.0,4.58838550247117,SAHA_10_AE03,SAHA,10,AE03,alveolar basal epithelial cells,A549,True,lung adenocarcinoma,cell_line,human,drug,5452,6.2133074,2.0757618,1,,10.0,False,SAHA,5452
B11_B02_RT_404,2851,167.0,0.0,0.0,152.954943679599,SAHA_50_AE10,SAHA,50,AE10,alveolar basal epithelial cells,A549,True,lung adenocarcinoma,cell_line,human,drug,1777,4.6299543,3.8582954,1,,50.0,False,SAHA,1777
H08_A01_RT_478,3102,52.0,0.0,0.0,25.2495088408644,SAHA_50_AF06,SAHA,50,AF06,alveolar basal epithelial cells,A549,True,lung adenocarcinoma,cell_line,human,drug,1774,2.8046422,2.8691168,1,,50.0,False,SAHA,1774
A07_B02_RT_393,11130,87.0,0.0,0.0,37.4239917269907,SAHA_10_BF07,SAHA,10,BF07,alveolar basal epithelial cells,A549,True,lung adenocarcinoma,cell_line,human,drug,4445,3.44115,1.2309074,1,,10.0,False,SAHA,4445
C01_B02_RT_451,8608,54.0,0.0,0.0,22.883149872989,SAHA_10_BF07,SAHA,10,BF07,alveolar basal epithelial cells,A549,True,lung adenocarcinoma,cell_line,human,drug,3770,2.7416358,1.8238847,1,,10.0,False,SAHA,3770
B01_A01_RT_692,5957,95.0,0.0,0.0,88.2266666666667,SAHA_100_AF05,SAHA,100,AF05,alveolar basal epithelial cells,A549,True,lung adenocarcinoma,cell_line,human,drug,3167,2.9041464,1.880141,1,,100.0,False,SAHA,3167
A12_B02_RT_701,9408,136.0,0.0,0.0,202.488986784141,SAHA_100_BE01,SAHA,100,BE01,alveolar basal epithelial cells,A549,True,lung adenocarcinoma,cell_line,human,drug,4371,4.4005103,2.232143,1,,100.0,False,SAHA,4371
F11_B02_RT_711,8003,294.0,0.0,0.0,124.300970873786,SAHA_50_AE10,SAHA,50,AE10,alveolar basal epithelial cells,A549,True,lung adenocarcinoma,cell_line,human,drug,3809,3.1113331,1.7618393,1,,50.0,False,SAHA,3809
G05_A01_RT_734,19148,841.0,0.0,0.0,252.176395939086,SAHA_10_AE03,SAHA,10,AE03,alveolar basal epithelial cells,A549,True,lung adenocarcinoma,cell_line,human,drug,5700,4.4808855,1.6137456,1,,10.0,False,SAHA,5700
C10_A01_RT_483,4306,85.0,0.0,0.0,80.5244755244755,SAHA_100_BE09,SAHA,100,BE09,alveolar basal epithelial cells,A549,True,lung adenocarcinoma,cell_line,human,drug,2593,3.3906178,2.0668833,1,,100.0,False,SAHA,2593
D05_A01_RT_424,1205,4.0,1.09836615899643e-05,0.0001977059086193,1.00970873786408,SAHA_10_BE11,SAHA,10,BE11,alveolar basal epithelial cells,A549,True,lung adenocarcinoma,cell_line,human,drug,876,2.6556017,0.16597511,1,,10.0,False,SAHA,876
D04_A01_RT_520,5135,61.0,0.0,0.0,77.9255014326648,SAHA_50_AE02,SAHA,50,AE02,alveolar basal epithelial cells,A549,True,lung adenocarcinoma,cell_line,human,drug,2772,4.264849,1.7137293,1,,50.0,False,SAHA,2772
A07_A01_RT_764,6890,102.0,0.0,0.0,103.960809102402,SAHA_50_BE02,SAHA,50,BE02,alveolar basal epithelial cells,A549,True,lung adenocarcinoma,cell_line,human,drug,3233,3.9332366,1.9448476,1,,50.0,False,SAHA,3233
B03_B02_RT_639,6211,172.0,0.0,0.0,48.158945686901,SAHA_50_BF06,SAHA,50,BF06,alveolar basal epithelial cells,A549,True,lung adenocarcinoma,cell_line,human,drug,3128,4.9106426,1.9481565,1,,50.0,False,SAHA,3128
B02_B02_RT_660,1094,19.0,7.8886286556753e-311,2.52436116981609e-309,3.856689453125,SAHA_10_BF07,SAHA,10,BF07,alveolar basal epithelial cells,A549,True,lung adenocarcinoma,cell_line,human,drug,826,8.043876,1.8281536,1,,10.0,False,SAHA,826
F02_A01_RT_640,4516,62.0,0.0,0.0,33.7941176470588,SAHA_10_BF07,SAHA,10,BF07,alveolar basal epithelial cells,A549,True,lung adenocarcinoma,cell_line,human,drug,2450,3.7422497,1.9043401,1,,10.0,False,SAHA,2450
H03_B02_RT_743,7389,76.0,0.0,0.0,143.203389830508,SAHA_50_AF06,SAHA,50,AF06,alveolar basal epithelial cells,A549,True,lung adenocarcinoma,cell_line,human,drug,3452,1.9488429,1.6781702,1,,50.0,False,SAHA,3452
G02_B02_RT_710,2491,7.0,2.51076232720922e-05,0.0003263991025371,1.02145045965271,SAHA_10_BE03,SAHA,10,BE03,alveolar basal epithelial cells,A549,True,lung adenocarcinoma,cell_line,human,drug,1526,5.780811,0.4014452,1,,10.0,False,SAHA,1526
H10_B02_RT_508,1094,5.0,1.45318411745612e-24,4.6501891758595805e-23,1.00516262261229,SAHA_10_AF07,SAHA,10,AF07,alveolar basal epithelial cells,A549,True,lung adenocarcinoma,cell_line,human,drug,802,2.559415,0.54844606,1,,10.0,False,SAHA,802
A01_A01_RT_527,5034,12.0,0.0,0.0,8.96984924623116,SAHA_10_BE11,SAHA,10,BE11,alveolar basal epithelial cells,A549,True,lung adenocarcinoma,cell_line,human,drug,2602,4.3106875,2.1255462,1,,10.0,False,SAHA,2602
G11_B02_RT_605,9205,157.0,0.0,0.0,7.29546893370715,SAHA_100_BF05,SAHA,100,BF05,alveolar basal epithelial cells,A549,True,lung adenocarcinoma,cell_line,human,drug,4151,6.4964695,1.5752308,1,,100.0,False,SAHA,4151
G09_B02_RT_486,5607,142.0,0.0,0.0,130.838910947249,SAHA_100_AF05,SAHA,100,AF05,alveolar basal epithelial cells,A549,True,lung adenocarcinoma,cell_line,human,drug,3039,1.9975032,2.1936865,1,,100.0,False,SAHA,3039
F05_A01_RT_663,12010,228.0,0.0,0.0,7.17453347969264,SAHA_100_BE01,SAHA,100,BE01,alveolar basal epithelial cells,A549,True,lung adenocarcinoma,cell_line,human,drug,5097,2.4146545,1.8068277,1,,100.0,False,SAHA,5097
C09_B02_RT_399,5498,159.0,0.0,0.0,143.249788314987,SAHA_10_AF07,SAHA,10,AF07,alveolar basal epithelial cells,A549,True,lung adenocarcinoma,cell_line,human,drug,2862,3.2557294,2.3463078,1,,10.0,False,SAHA,2862
A08_B02_RT_466,5488,52.0,0.0,0.0,64.5159010600707,SAHA_50_BE10,SAHA,50,BE10,alveolar basal epithelial cells,A549,True,lung adenocarcinoma,cell_line,human,drug,2828,4.354956,1.9132653,1,,50.0,False,SAHA,2828
H04_A01_RT_435,4779,186.0,0.0,0.0,175.591117917305,SAHA_100_BE09,SAHA,100,BE09,alveolar basal epithelial cells,A549,True,lung adenocarcinoma,cell_line,human,drug,2815,4.4569993,1.5065913,1,,100.0,False,SAHA,2815
F04_A01_RT_572,1093,5.0,0.999999999999044,1.0,1.01261034047919,SAHA_50_BE02,SAHA,50,BE02,alveolar basal epithelial cells,A549,True,lung adenocarcinoma,cell_line,human,drug,791,6.1299176,0.18298262,1,,50.0,False,SAHA,791
G02_A01_RT_622,12800,255.0,0.0,0.0,245.435344827586,SAHA_50_BE02,SAHA,50,BE02,alveolar basal epithelial cells,A549,True,lung adenocarcinoma,cell_line,human,drug,4847,3.0,1.6484375,1,,50.0,False,SAHA,4847
D12_A01_RT_599,2270,17.0,3.37959581790414e-69,6.75919163580828e-68,16.4579124579125,SAHA_10_BF07,SAHA,10,BF07,alveolar basal epithelial cells,A549,True,lung adenocarcinoma,cell_line,human,drug,1528,5.110132,2.0264318,1,,10.0,False,SAHA,1528
A12_B02_RT_753,8453,194.0,0.0,0.0,244.43984962406,SAHA_100_BF05,SAHA,100,BF05,alveolar basal epithelial cells,A549,True,lung adenocarcinoma,cell_line,human,drug,3964,3.856619,1.6088963,1,,100.0,False,SAHA,3964
C05_B02_RT_397,10705,98.0,0.0,0.0,133.808429118774,SAHA_100_BF05,SAHA,100,BF05,alveolar basal epithelial cells,A549,True,lung adenocarcinoma,cell_line,human,drug,4658,2.1018217,2.176553,1,,100.0,False,SAHA,4658
C05_B02_RT_749,7728,11.0,7.67123590407157e-117,2.68493256642505e-115,3.97303921568627,SAHA_10_BE11,SAHA,10,BE11,alveolar basal epithelial cells,A549,True,lung adenocarcinoma,cell_line,human,drug,3446,2.4456522,1.6692547,1,,10.0,False,SAHA,3446
B06_A01_RT_458,9086,159.0,4.38170531864661e-171,9.20158116915788e-170,189.605882352941,SAHA_10_AE11,SAHA,10,AE11,alveolar basal epithelial cells,A549,True,lung adenocarcinoma,cell_line,human,drug,3933,7.495047,1.5628439,1,,10.0,False,SAHA,3933
E07_A01_RT_600,4729,173.0,0.0,0.0,2.0,SAHA_50_AE02,SAHA,50,AE02,alveolar basal epithelial cells,A549,True,lung adenocarcinoma,cell_line,human,drug,2519,6.2803974,0.99386764,1,,50.0,False,SAHA,2519
F11_B02_RT_728,3877,43.0,0.0,0.0,16.5706068449813,SAHA_10_BF07,SAHA,10,BF07,alveolar basal epithelial cells,A549,True,lung adenocarcinoma,cell_line,human,drug,2220,3.2241423,1.6507609,1,,10.0,False,SAHA,2220
F04_A01_RT_389,3791,221.0,0.0,0.0,1043.38285714286,SAHA_50_AE10,SAHA,50,AE10,alveolar basal epithelial cells,A549,True,lung adenocarcinoma,cell_line,human,drug,2148,2.7169611,3.481931,1,,50.0,False,SAHA,2148
C02_B02_RT_686,7140,175.0,0.0,0.0,3.01958870452021,SAHA_50_AE02,SAHA,50,AE02,alveolar basal epithelial cells,A549,True,lung adenocarcinoma,cell_line,human,drug,3624,4.397759,1.6946778,1,,50.0,False,SAHA,3624
D08_B02_RT_622,4947,264.0,0.0,0.0,257.337880377754,SAHA_100_BE01,SAHA,100,BE01,alveolar basal epithelial cells,A549,True,lung adenocarcinoma,cell_line,human,drug,2843,3.3757832,2.1022842,1,,100.0,False,SAHA,2843
H01_A01_RT_656,4124,66.0,0.0,0.0,74.5177304964539,SAHA_50_BE02,SAHA,50,BE02,alveolar basal epithelial cells,A549,True,lung adenocarcinoma,cell_line,human,drug,2380,6.0863237,1.6246363,1,,50.0,False,SAHA,2380
A09_B02_RT_722,8066,153.0,0.0,0.0,145.724324324324,SAHA_50_AF06,SAHA,50,AF06,alveolar basal epithelial cells,A549,True,lung adenocarcinoma,cell_line,human,drug,3776,2.417555,1.326556,1,,50.0,False,SAHA,3776
C10_A01_RT_592,4003,74.0,0.0,0.0,inf,SAHA_50_BE10,SAHA,50,BE10,alveolar basal epithelial cells,A549,True,lung adenocarcinoma,cell_line,human,drug,2204,4.071946,1.798651,1,,50.0,False,SAHA,2204
A07_B02_RT_385,8234,81.0,0.0,0.0,42.3565022421525,SAHA_100_AF05,SAHA,100,AF05,alveolar basal epithelial cells,A549,True,lung adenocarcinoma,cell_line,human,drug,4000,2.3560846,2.5625455,1,,100.0,False,SAHA,4000
H03_A01_RT_599,9623,206.0,0.0,0.0,14.3812305779988,SAHA_50_AE02,SAHA,50,AE02,alveolar basal epithelial cells,A549,True,lung adenocarcinoma,cell_line,human,drug,4273,6.037618,2.0887458,1,,50.0,False,SAHA,4273
F02_B02_RT_583,2284,178.0,0.0,0.0,171.942574257426,SAHA_10_AE03,SAHA,10,AE03,alveolar basal epithelial cells,A549,True,lung adenocarcinoma,cell_line,human,drug,1539,3.0647986,1.2697023,1,,10.0,False,SAHA,1539
G04_A01_RT_725,25468,722.0,0.0,0.0,3.29255190101549,SAHA_100_AE01,SAHA,100,AE01,alveolar basal epithelial cells,A549,True,lung adenocarcinoma,cell_line,human,drug,7178,7.079472,2.2145438,1,,100.0,False,SAHA,7178
G01_B02_RT_502,1341,2.0,0.999918779663894,1.0,1.01897810218978,SAHA_50_AE10,SAHA,50,AE10,alveolar basal epithelial cells,A549,True,lung adenocarcinoma,cell_line,human,drug,969,3.6539896,0.5219985,1,,50.0,False,SAHA,969
B05_B02_RT_399,9037,313.0,0.0,0.0,1.31155133181636,SAHA_50_BE02,SAHA,50,BE02,alveolar basal epithelial cells,A549,True,lung adenocarcinoma,cell_line,human,drug,3965,9.848401,2.1799269,1,,50.0,False,SAHA,3965
D03_B02_RT_628,13852,330.0,0.0,0.0,1.8465068257428,SAHA_50_AE10,SAHA,50,AE10,alveolar basal epithelial cells,A549,True,lung adenocarcinoma,cell_line,human,drug,5381,3.8478198,1.8625469,1,,50.0,False,SAHA,5381
G03_B02_RT_481,6089,86.0,0.0,0.0,77.1442786069652,SAHA_10_AF07,SAHA,10,AF07,alveolar basal epithelial cells,A549,True,lung adenocarcinoma,cell_line,human,drug,3002,5.4688783,2.4963048,1,,10.0,False,SAHA,3002
E10_A01_RT_453,3015,204.0,0.0,0.0,198.298165137615,SAHA_100_BE09,SAHA,100,BE09,alveolar basal epithelial cells,A549,True,lung adenocarcinoma,cell_line,human,drug,1913,4.7097845,1.2935324,1,,100.0,False,SAHA,1913
A06_A01_RT_443,8450,120.0,1.92065085e-316,5.954017637e-315,2.05768493675738,SAHA_100_BF05,SAHA,100,BF05,alveolar basal epithelial cells,A549,True,lung adenocarcinoma,cell_line,human,drug,3950,6.023669,1.8343195,1,,100.0,False,SAHA,3950
A12_B02_RT_764,6892,80.0,0.0,0.0,70.5592286501377,SAHA_10_BE03,SAHA,10,BE03,alveolar basal epithelial cells,A549,True,lung adenocarcinoma,cell_line,human,drug,3135,7.7916427,2.2489843,1,,10.0,False,SAHA,3135
G11_A01_RT_558,13512,2996.0,0.0,0.0,inf,SAHA_50_AE02,SAHA,50,AE02,alveolar basal epithelial cells,A549,True,lung adenocarcinoma,cell_line,human,drug,4721,10.220545,2.901125,1,,50.0,False,SAHA,4721
G01_B02_RT_659,2898,135.0,0.0,0.0,935.611940298508,SAHA_50_AF06,SAHA,50,AF06,alveolar basal epithelial cells,A549,True,lung adenocarcinoma,cell_line,human,drug,1818,2.0703933,1.6563147,1,,50.0,False,SAHA,1818
G07_A01_RT_391,21727,361.0,0.0,0.0,2.0120776852776,SAHA_100_BE09,SAHA,100,BE09,alveolar basal epithelial cells,A549,True,lung adenocarcinoma,cell_line,human,drug,6954,4.89253,1.8778478,1,,100.0,False,SAHA,6954
E05_A01_RT_670,4924,233.0,0.0,0.0,227.932826362484,SAHA_50_AE02,SAHA,50,AE02,alveolar basal epithelial cells,A549,True,lung adenocarcinoma,cell_line,human,drug,2659,5.28026,3.1275387,1,,50.0,False,SAHA,2659
A06_B02_RT_463,12991,234.0,0.0,0.0,2.59627989371125,SAHA_50_BE02,SAHA,50,BE02,alveolar basal epithelial cells,A549,True,lung adenocarcinoma,cell_line,human,drug,4992,7.528289,1.6472943,1,,50.0,False,SAHA,4992
F06_A01_RT_604,8853,140.0,0.0,0.0,166.477897252091,SAHA_100_BE09,SAHA,100,BE09,alveolar basal epithelial cells,A549,True,lung adenocarcinoma,cell_line,human,drug,4283,2.5189202,1.2199254,1,,100.0,False,SAHA,4283
G02_B02_RT_674,5006,86.0,0.0,0.0,3.26511578044597,SAHA_50_AF06,SAHA,50,AF06,alveolar basal epithelial cells,A549,True,lung adenocarcinoma,cell_line,human,drug,2630,5.43348,1.5381542,1,,50.0,False,SAHA,2630
A05_A01_RT_481,4821,93.0,0.0,0.0,89.6333771353482,SAHA_100_BE01,SAHA,100,BE01,alveolar basal epithelial cells,A549,True,lung adenocarcinoma,cell_line,human,drug,2616,4.1277742,2.551338,1,,100.0,False,SAHA,2616
A10_B02_RT_752,1154,6.0,0.50905064137576,1.0,1.02502606882169,SAHA_10_BF07,SAHA,10,BF07,alveolar basal epithelial cells,A549,True,lung adenocarcinoma,cell_line,human,drug,841,5.112652,0.34662044,1,,10.0,False,SAHA,841
D01_B02_RT_630,1438,3.0,1.1870429362574599e-26,1.78056440438618e-25,1.03346855983773,SAHA_50_AE10,SAHA,50,AE10,alveolar basal epithelial cells,A549,True,lung adenocarcinoma,cell_line,human,drug,1004,5.4937415,0.20862308,1,,50.0,False,SAHA,1004
C06_A01_RT_670,6301,125.0,0.0,0.0,151.524122807018,SAHA_50_BE10,SAHA,50,BE10,alveolar basal epithelial cells,A549,True,lung adenocarcinoma,cell_line,human,drug,3246,4.0469766,2.2059991,1,,50.0,False,SAHA,3246
A12_A01_RT_625,6796,118.0,0.0,0.0,146.348370927318,SAHA_50_BE10,SAHA,50,BE10,alveolar basal epithelial cells,A549,True,lung adenocarcinoma,cell_line,human,drug,3497,4.4290757,2.0158918,1,,50.0,False,SAHA,3497
E12_A01_RT_400,4913,56.0,0.0,0.0,51.0638820638821,SAHA_10_AE11,SAHA,10,AE11,alveolar basal epithelial cells,A549,True,lung adenocarcinoma,cell_line,human,drug,2701,3.7858741,1.2212497,1,,10.0,False,SAHA,2701
B11_B02_RT_492,7242,176.0,0.0,0.0,210.918138041734,SAHA_100_BF05,SAHA,100,BF05,alveolar basal epithelial cells,A549,True,lung adenocarcinoma,cell_line,human,drug,3580,3.1897266,1.4636841,1,,100.0,False,SAHA,3580
F01_A01_RT_588,3198,84.0,0.0,0.0,85.9523212045169,SAHA_100_BE09,SAHA,100,BE09,alveolar basal epithelial cells,A549,True,lung adenocarcinoma,cell_line,human,drug,2088,3.0644152,1.6260163,1,,100.0,False,SAHA,2088
B10_B02_RT_537,9725,88.0,0.0,0.0,14.5780969479354,SAHA_10_BF07,SAHA,10,BF07,alveolar basal epithelial cells,A549,True,lung adenocarcinoma,cell_line,human,drug,4095,2.0154243,1.9434447,1,,10.0,False,SAHA,4095
G02_A01_RT_628,10465,250.0,0.0,0.0,512.143302180685,SAHA_100_AF05,SAHA,100,AF05,alveolar basal epithelial cells,A549,True,lung adenocarcinoma,cell_line,human,drug,4441,2.5322504,1.5193502,1,,100.0,False,SAHA,4441
H10_A01_RT_552,1961,5.0,1.01678210042609e-40,7.11747470298265e-40,3.02862595419847,SAHA_10_BE11,SAHA,10,BE11,alveolar basal epithelial cells,A549,True,lung adenocarcinoma,cell_line,human,drug,1406,1.2238654,1.1218766,1,,10.0,False,SAHA,1406
H01_B02_RT_503,2105,5.0,0.992852791148671,1.0,1.01550387596899,SAHA_100_BE01,SAHA,100,BE01,alveolar basal epithelial cells,A549,True,lung adenocarcinoma,cell_line,human,drug,1375,2.7553444,0.42755345,1,,100.0,False,SAHA,1375
C08_A01_RT_578,3640,109.0,0.0,0.0,57.9046104928458,SAHA_50_AF06,SAHA,50,AF06,alveolar basal epithelial cells,A549,True,lung adenocarcinoma,cell_line,human,drug,2243,1.7582418,2.9395604,1,,50.0,False,SAHA,2243
C10_B02_RT_726,5436,154.0,0.0,0.0,165.611063829787,SAHA_50_AE02,SAHA,50,AE02,alveolar basal epithelial cells,A549,True,lung adenocarcinoma,cell_line,human,drug,2827,2.281089,3.6239882,1,,50.0,False,SAHA,2827
C11_B02_RT_727,1209,3.0,0.757993148574129,1.0,1.00858778625954,SAHA_50_AE10,SAHA,50,AE10,alveolar basal epithelial cells,A549,True,lung adenocarcinoma,cell_line,human,drug,889,4.3010755,0.33085194,1,,50.0,False,SAHA,889
E08_B02_RT_762,13780,549.0,0.0,0.0,1.94683221903852,SAHA_100_E09,SAHA,100,E09,alveolar basal epithelial cells,A549,True,lung adenocarcinoma,cell_line,human,drug,5389,7.1698112,2.6850507,1,,100.0,False,SAHA,5389
C03_A01_RT_676,23635,220.0,0.0,0.0,23.95085995086,SAHA_50_AF06,SAHA,50,AF06,alveolar basal epithelial cells,A549,True,lung adenocarcinoma,cell_line,human,drug,7230,6.058811,1.6966363,1,,50.0,False,SAHA,7230
C04_B02_RT_761,7536,153.0,0.0,0.0,170.879598662207,SAHA_50_BE02,SAHA,50,BE02,alveolar basal epithelial cells,A549,True,lung adenocarcinoma,cell_line,human,drug,3455,4.1799364,1.8312101,1,,50.0,False,SAHA,3455
E02_B02_RT_700,6975,125.0,0.0,0.0,1.55569643180583,SAHA_50_BE02,SAHA,50,BE02,alveolar basal epithelial cells,A549,True,lung adenocarcinoma,cell_line,human,drug,3587,3.2401433,1.562724,1,,50.0,False,SAHA,3587
A08_B02_RT_598,5874,191.0,0.0,0.0,9.79101918336727,SAHA_50_BE10,SAHA,50,BE10,alveolar basal epithelial cells,A549,True,lung adenocarcinoma,cell_line,human,drug,3170,3.6431732,1.6343207,1,,50.0,False,SAHA,3170
G09_B02_RT_742,8149,25.0,0.0,0.0,7.30361374407583,SAHA_10_BE11,SAHA,10,BE11,alveolar basal epithelial cells,A549,True,lung adenocarcinoma,cell_line,human,drug,3663,3.6814332,1.4725733,1,,10.0,False,SAHA,3663
G04_B02_RT_400,32586,454.0,0.0,0.0,2.95294567269274,SAHA_50_AE10,SAHA,50,AE10,alveolar basal epithelial cells,A549,True,lung adenocarcinoma,cell_line,human,drug,7888,4.5172772,1.6847726,1,,50.0,False,SAHA,7888
H04_A01_RT_488,18235,127.0,0.0,0.0,114.441717791411,SAHA_50_AE02,SAHA,50,AE02,alveolar basal epithelial cells,A549,True,lung adenocarcinoma,cell_line,human,drug,6104,3.5590897,1.5080888,1,,50.0,False,SAHA,6104
H12_B02_RT_424,1718,8.0,3.881375658063e-29,5.8220634870945e-28,1.00379867046534,SAHA_50_BF06,SAHA,50,BF06,alveolar basal epithelial cells,A549,True,lung adenocarcinoma,cell_line,human,drug,1183,3.0849826,0.2910361,1,,50.0,False,SAHA,1183
F02_B02_RT_470,1572,2.0,6.50929747460141e-141,1.69241734339637e-139,1.00198412698413,SAHA_50_AE02,SAHA,50,AE02,alveolar basal epithelial cells,A549,True,lung adenocarcinoma,cell_line,human,drug,1074,3.6895673,1.2086514,1,,50.0,False,SAHA,1074
B10_B02_RT_691,1013,9.0,0.995480013120865,1.0,1.97055616139586,SAHA_100_AF05,SAHA,100,AF05,alveolar basal epithelial cells,A549,True,lung adenocarcinoma,cell_line,human,drug,720,7.798618,0.39486673,1,,100.0,False,SAHA,720
G07_B02_RT_393,9676,183.0,0.0,0.0,96.4853635505194,SAHA_50_BF06,SAHA,50,BF06,alveolar basal epithelial cells,A549,True,lung adenocarcinoma,cell_line,human,drug,4469,4.6300125,1.8189335,1,,50.0,False,SAHA,4469
A11_B02_RT_576,7173,573.0,0.0,0.0,2.36693020445161,SAHA_100_AF05,SAHA,100,AF05,alveolar basal epithelial cells,A549,True,lung adenocarcinoma,cell_line,human,drug,3365,11.111111,2.6069984,1,,100.0,False,SAHA,3365
H08_A01_RT_640,3032,166.0,0.0,0.0,1.16271596754903,SAHA_10_BF07,SAHA,10,BF07,alveolar basal epithelial cells,A549,True,lung adenocarcinoma,cell_line,human,drug,1935,4.3205805,1.616095,1,,10.0,False,SAHA,1935
A09_A01_RT_636,8438,122.0,0.0,0.0,110.008130081301,SAHA_10_AE03,SAHA,10,AE03,alveolar basal epithelial cells,A549,True,lung adenocarcinoma,cell_line,human,drug,3782,3.7568145,1.433989,1,,10.0,False,SAHA,3782
G01_A01_RT_626,24179,453.0,0.0,0.0,1.30876103060532,SAHA_10_AE03,SAHA,10,AE03,alveolar basal epithelial cells,A549,True,lung adenocarcinoma,cell_line,human,drug,7049,5.7446547,1.956243,1,,10.0,False,SAHA,7049
B01_B02_RT_452,4709,160.0,0.0,0.0,150.051406401552,SAHA_10_AF07,SAHA,10,AF07,alveolar basal epithelial cells,A549,True,lung adenocarcinoma,cell_line,human,drug,2751,2.2510087,1.2953918,1,,10.0,False,SAHA,2751
E12_B02_RT_692,5864,180.0,0.0,0.0,3.39184071478785,SAHA_50_BF06,SAHA,50,BF06,alveolar basal epithelial cells,A549,True,lung adenocarcinoma,cell_line,human,drug,3033,3.802865,1.3472033,1,,50.0,False,SAHA,3033
F08_B02_RT_729,5886,18.0,0.0,0.0,11.9354260089686,SAHA_50_AE02,SAHA,50,AE02,alveolar basal epithelial cells,A549,True,lung adenocarcinoma,cell_line,human,drug,3060,2.4294937,1.8348624,1,,50.0,False,SAHA,3060
C09_A01_RT_678,12130,201.0,0.0,0.0,193.905626134301,SAHA_50_AE02,SAHA,50,AE02,alveolar basal epithelial cells,A549,True,lung adenocarcinoma,cell_line,human,drug,4897,2.3000824,1.772465,1,,50.0,False,SAHA,4897
F06_A01_RT_387,1319,192.0,0.0,0.0,1320.87898089172,SAHA_100_BF05,SAHA,100,BF05,alveolar basal epithelial cells,A549,True,lung adenocarcinoma,cell_line,human,drug,941,6.2168307,0.98559517,1,,100.0,False,SAHA,941
C01_B02_RT_692,7125,246.0,0.0,0.0,384.238961038961,SAHA_50_BE10,SAHA,50,BE10,alveolar basal epithelial cells,A549,True,lung adenocarcinoma,cell_line,human,drug,3446,2.554386,1.6701754,1,,50.0,False,SAHA,3446
A09_A01_RT_396,23266,154.0,0.0,0.0,4.08688582537999,SAHA_10_AF07,SAHA,10,AF07,alveolar basal epithelial cells,A549,True,lung adenocarcinoma,cell_line,human,drug,6902,8.015989,1.7063526,1,,10.0,False,SAHA,6902
D02_B02_RT_706,4232,21.0,0.0,0.0,7.66578947368421,SAHA_100_BE01,SAHA,100,BE01,alveolar basal epithelial cells,A549,True,lung adenocarcinoma,cell_line,human,drug,2426,7.9395084,1.5595464,1,,100.0,False,SAHA,2426
E07_A01_RT_669,15244,123.0,2.05590800386062e-233,4.9341792092654795e-232,1.08924930491196,SAHA_100_BE01,SAHA,100,BE01,alveolar basal epithelial cells,A549,True,lung adenocarcinoma,cell_line,human,drug,5213,9.282341,2.0991867,1,,100.0,False,SAHA,5213
E01_B02_RT_699,6643,164.0,0.0,0.0,76.8474801061008,SAHA_10_AF07,SAHA,10,AF07,alveolar basal epithelial cells,A549,True,lung adenocarcinoma,cell_line,human,drug,3240,3.7784133,1.8365196,1,,10.0,False,SAHA,3240
F02_A01_RT_475,8869,132.0,0.0,0.0,1.74000470366886,SAHA_10_BE03,SAHA,10,BE03,alveolar basal epithelial cells,A549,True,lung adenocarcinoma,cell_line,human,drug,4060,4.1718345,2.1422935,1,,10.0,False,SAHA,4060
G06_B02_RT_583,1535,6.0,0.582213117495476,1.0,2.90745501285347,SAHA_10_AE03,SAHA,10,AE03,alveolar basal epithelial cells,A549,True,lung adenocarcinoma,cell_line,human,drug,1070,3.387622,0.3257329,1,,10.0,False,SAHA,1070
B01_A01_RT_660,6344,149.0,0.0,0.0,1.34889290555807,SAHA_50_AF06,SAHA,50,AF06,alveolar basal epithelial cells,A549,True,lung adenocarcinoma,cell_line,human,drug,3352,2.6481714,2.1595209,1,,50.0,False,SAHA,3352
G09_B02_RT_553,9618,41.0,0.0,0.0,30.953488372093,SAHA_10_BF07,SAHA,10,BF07,alveolar basal epithelial cells,A549,True,lung adenocarcinoma,cell_line,human,drug,4122,4.605947,2.3081722,1,,10.0,False,SAHA,4122
C10_A01_RT_661,2217,18.0,5.865181912602889e-42,9.38429106016462e-41,6.15494978479197,SAHA_10_BF07,SAHA,10,BF07,alveolar basal epithelial cells,A549,True,lung adenocarcinoma,cell_line,human,drug,1352,1.984664,2.48083,1,,10.0,False,SAHA,1352
H07_A01_RT_708,1562,27.0,0.0,0.0,27.5870229007634,SAHA_10_AE11,SAHA,10,AE11,alveolar basal epithelial cells,A549,True,lung adenocarcinoma,cell_line,human,drug,1008,10.371319,2.62484,1,,10.0,False,SAHA,1008
D03_A01_RT_442,3761,59.0,0.0,0.0,62.009900990099,SAHA_50_AF06,SAHA,50,AF06,alveolar basal epithelial cells,A549,True,lung adenocarcinoma,cell_line,human,drug,2220,2.3398032,2.4993353,1,,50.0,False,SAHA,2220
H07_B02_RT_539,6079,14.0,2.09760877362567e-202,7.131869830327271e-201,13.0340136054422,SAHA_50_AE10,SAHA,50,AE10,alveolar basal epithelial cells,A549,True,lung adenocarcinoma,cell_line,human,drug,2955,2.5497615,1.2173054,1,,50.0,False,SAHA,2955
C08_A01_RT_547,12114,271.0,0.0,0.0,412.976445396146,SAHA_100_AF05,SAHA,100,AF05,alveolar basal epithelial cells,A549,True,lung adenocarcinoma,cell_line,human,drug,5104,2.4599636,2.9057288,1,,100.0,False,SAHA,5104
F01_B02_RT_387,4979,156.0,0.0,0.0,147.538641686183,SAHA_50_AE02,SAHA,50,AE02,alveolar basal epithelial cells,A549,True,lung adenocarcinoma,cell_line,human,drug,2741,3.012653,1.4059048,1,,50.0,False,SAHA,2741
F02_B02_RT_729,1733,5.0,0.0023311513883368,0.0139869083300214,3.0,SAHA_10_BF07,SAHA,10,BF07,alveolar basal epithelial cells,A549,True,lung adenocarcinoma,cell_line,human,drug,1067,7.5014424,1.0963647,1,,10.0,False,SAHA,1067
G10_B02_RT_690,1801,531.0,0.0,0.0,1886.97922077922,SAHA_100_AE01,SAHA,100,AE01,alveolar basal epithelial cells,A549,True,lung adenocarcinoma,cell_line,human,drug,1241,3.2759578,3.9422543,1,,100.0,False,SAHA,1241
E03_A01_RT_503,1412,4.0,9.48202309076029e-08,5.68921385445617e-07,1.97260273972603,SAHA_100_BE01,SAHA,100,BE01,alveolar basal epithelial cells,A549,True,lung adenocarcinoma,cell_line,human,drug,1018,3.2577903,0.6373938,1,,100.0,False,SAHA,1018
E10_A01_RT_627,2314,63.0,0.0,0.0,62.0494437577256,SAHA_100_BF05,SAHA,100,BF05,alveolar basal epithelial cells,A549,True,lung adenocarcinoma,cell_line,human,drug,1572,6.0933447,1.5557476,1,,100.0,False,SAHA,1572
H05_A01_RT_406,3957,64.0,0.0,0.0,38.0903983656793,SAHA_10_AE03,SAHA,10,AE03,alveolar basal epithelial cells,A549,True,lung adenocarcinoma,cell_line,human,drug,1929,6.520091,1.1624968,1,,10.0,False,SAHA,1929
G02_B02_RT_479,4941,113.0,0.0,0.0,140.680878552972,SAHA_50_AF06,SAHA,50,AF06,alveolar basal epithelial cells,A549,True,lung adenocarcinoma,cell_line,human,drug,2812,3.6025095,1.6798218,1,,50.0,False,SAHA,2812
H07_B02_RT_673,4047,98.0,0.0,0.0,102.190476190476,SAHA_50_AE10,SAHA,50,AE10,alveolar basal epithelial cells,A549,True,lung adenocarcinoma,cell_line,human,drug,2339,2.050902,2.4956758,1,,50.0,False,SAHA,2339
E03_A01_RT_388,1331,48.0,0.0,0.0,47.4927536231884,SAHA_10_AF07,SAHA,10,AF07,alveolar basal epithelial cells,A549,True,lung adenocarcinoma,cell_line,human,drug,921,7.362885,4.4327574,1,,10.0,False,SAHA,921
D04_A01_RT_617,1163,1.0,0.0672608141804378,0.538086513443502,inf,SAHA_50_BE10,SAHA,50,BE10,alveolar basal epithelial cells,A549,True,lung adenocarcinoma,cell_line,human,drug,810,10.318143,0.25795355,1,,50.0,False,SAHA,810
E01_B02_RT_393,7533,157.0,0.0,0.0,144.542440318302,SAHA_50_AE02,SAHA,50,AE02,alveolar basal epithelial cells,A549,True,lung adenocarcinoma,cell_line,human,drug,3569,7.0091596,2.1372628,1,,50.0,False,SAHA,3569
G10_A01_RT_665,17061,453.0,0.0,0.0,2.25601291364003,SAHA_50_AE02,SAHA,50,AE02,alveolar basal epithelial cells,A549,True,lung adenocarcinoma,cell_line,human,drug,5750,4.958678,1.4829142,1,,50.0,False,SAHA,5750
G03_B02_RT_746,1439,1.0,5.69731401951301e-12,2.44984502839059e-10,inf,SAHA_10_AE03,SAHA,10,AE03,alveolar basal epithelial cells,A549,True,lung adenocarcinoma,cell_line,human,drug,952,2.7797081,0.41695622,1,,10.0,False,SAHA,952
B07_A01_RT_684,4004,27.0,0.0,0.0,21.453781512605,SAHA_10_AF07,SAHA,10,AF07,alveolar basal epithelial cells,A549,True,lung adenocarcinoma,cell_line,human,drug,2269,8.466534,2.1228771,1,,10.0,False,SAHA,2269
C01_B02_RT_663,5887,34.0,1.10581754010411e-170,5.0867606844789204e-169,13.2386457473163,SAHA_100_BE09,SAHA,100,BE09,alveolar basal epithelial cells,A549,True,lung adenocarcinoma,cell_line,human,drug,3255,1.9364702,2.0553763,1,,100.0,False,SAHA,3255
C03_A01_RT_503,8042,178.0,0.0,0.0,170.254901960784,SAHA_50_AE02,SAHA,50,AE02,alveolar basal epithelial cells,A549,True,lung adenocarcinoma,cell_line,human,drug,3643,5.2971897,2.250684,1,,50.0,False,SAHA,3643
F06_A01_RT_510,20389,138.0,0.0,0.0,82.1152849740933,SAHA_10_BE03,SAHA,10,BE03,alveolar basal epithelial cells,A549,True,lung adenocarcinoma,cell_line,human,drug,6276,2.982,1.368385,1,,10.0,False,SAHA,6276
B03_B02_RT_672,10638,166.0,0.0,0.0,1.47660655636116,SAHA_50_BE10,SAHA,50,BE10,alveolar basal epithelial cells,A549,True,lung adenocarcinoma,cell_line,human,drug,4472,6.2417746,1.5228426,1,,50.0,False,SAHA,4472
G08_A01_RT_681,11387,483.0,0.0,0.0,635.893617021277,SAHA_100_AE01,SAHA,100,AE01,alveolar basal epithelial cells,A549,True,lung adenocarcinoma,cell_line,human,drug,4646,2.4852903,1.7739527,1,,100.0,False,SAHA,4646
B11_B02_RT_513,1088,1.0,2.4247317911428897e-22,1.11537662392573e-20,inf,SAHA_50_BF06,SAHA,50,BF06,alveolar basal epithelial cells,A549,True,lung adenocarcinoma,cell_line,human,drug,776,3.860294,0.9191176,1,,50.0,False,SAHA,776
E04_A01_RT_762,5422,109.0,0.0,0.0,103.75,SAHA_50_AE02,SAHA,50,AE02,alveolar basal epithelial cells,A549,True,lung adenocarcinoma,cell_line,human,drug,2861,2.8402803,2.0287716,1,,50.0,False,SAHA,2861
A10_A01_RT_570,6646,60.0,6.807578010631821e-120,1.15728826180741e-118,57.0,SAHA_50_BE10,SAHA,50,BE10,alveolar basal epithelial cells,A549,True,lung adenocarcinoma,cell_line,human,drug,3433,4.2130604,1.6250377,1,,50.0,False,SAHA,3433
H05_A01_RT_718,3653,105.0,0.0,0.0,114.211621856028,SAHA_50_AE02,SAHA,50,AE02,alveolar basal epithelial cells,A549,True,lung adenocarcinoma,cell_line,human,drug,2140,3.3397207,1.8067342,1,,50.0,False,SAHA,2140
G09_A01_RT_654,8070,43.0,0.0,0.0,28.7572846621838,SAHA_10_BE11,SAHA,10,BE11,alveolar basal epithelial cells,A549,True,lung adenocarcinoma,cell_line,human,drug,3402,6.8277574,2.6641884,1,,10.0,False,SAHA,3402
F06_A01_RT_451,13876,291.0,0.0,0.0,222.132255694342,SAHA_50_BE10,SAHA,50,BE10,alveolar basal epithelial cells,A549,True,lung adenocarcinoma,cell_line,human,drug,5419,2.5655808,1.2899971,1,,50.0,False,SAHA,5419
C04_A01_RT_748,6185,79.0,0.0,0.0,88.859649122807,SAHA_50_BF06,SAHA,50,BF06,alveolar basal epithelial cells,A549,True,lung adenocarcinoma,cell_line,human,drug,3158,2.9911075,1.8108326,1,,50.0,False,SAHA,3158
B05_B02_RT_390,11971,184.0,0.0,0.0,167.227397260274,SAHA_50_BE10,SAHA,50,BE10,alveolar basal epithelial cells,A549,True,lung adenocarcinoma,cell_line,human,drug,4787,6.4489183,1.4200985,1,,50.0,False,SAHA,4787
F05_A01_RT_550,12105,86.0,0.0,0.0,36.2551351351351,SAHA_10_BF07,SAHA,10,BF07,alveolar basal epithelial cells,A549,True,lung adenocarcinoma,cell_line,human,drug,4817,3.4531186,1.9826518,1,,10.0,False,SAHA,4817
D02_B02_RT_700,4315,64.0,0.0,0.0,58.8361075544174,SAHA_50_BF06,SAHA,50,BF06,alveolar basal epithelial cells,A549,True,lung adenocarcinoma,cell_line,human,drug,2466,4.3337197,1.2282735,1,,50.0,False,SAHA,2466
H02_B02_RT_575,1125,6.0,0.662766001021553,1.0,1.00769230769231,SAHA_10_AE11,SAHA,10,AE11,alveolar basal epithelial cells,A549,True,lung adenocarcinoma,cell_line,human,drug,814,4.177778,0.26666668,1,,10.0,False,SAHA,814
B06_A01_RT_560,13299,97.0,0.0,0.0,7.45248796147673,SAHA_10_BE03,SAHA,10,BE03,alveolar basal epithelial cells,A549,True,lung adenocarcinoma,cell_line,human,drug,5178,2.7671254,1.721934,1,,10.0,False,SAHA,5178
G03_B02_RT_463,1345,1.0,0.004670293904887,0.144779111051497,inf,SAHA_50_BE10,SAHA,50,BE10,alveolar basal epithelial cells,A549,True,lung adenocarcinoma,cell_line,human,drug,914,7.9553905,0.22304833,1,,50.0,False,SAHA,914
H03_B02_RT_396,1311,10.0,1.74213623813389e-27,6.097476833468629e-26,1.97844827586207,SAHA_10_AE03,SAHA,10,AE03,alveolar basal epithelial cells,A549,True,lung adenocarcinoma,cell_line,human,drug,917,4.195271,0.38138825,1,,10.0,False,SAHA,917
E07_B02_RT_492,7831,144.0,0.0,0.0,2.2246968511637,SAHA_50_BE10,SAHA,50,BE10,alveolar basal epithelial cells,A549,True,lung adenocarcinoma,cell_line,human,drug,3635,5.018516,1.2769761,1,,50.0,False,SAHA,3635
G01_A01_RT_721,16247,393.0,0.0,0.0,361.994904458599,SAHA_50_AE10,SAHA,50,AE10,alveolar basal epithelial cells,A549,True,lung adenocarcinoma,cell_line,human,drug,5639,2.3758233,1.8403398,1,,50.0,False,SAHA,5639
A08_A01_RT_508,3645,5.0,5.9132084941277096e-30,7.687171042366029e-29,2.0,SAHA_10_BE11,SAHA,10,BE11,alveolar basal epithelial cells,A549,True,lung adenocarcinoma,cell_line,human,drug,2072,3.6762688,1.7832648,1,,10.0,False,SAHA,2072
G03_A01_RT_613,14715,321.0,0.0,0.0,140.07586512866,SAHA_50_BE10,SAHA,50,BE10,alveolar basal epithelial cells,A549,True,lung adenocarcinoma,cell_line,human,drug,5365,2.1746516,1.8960245,1,,50.0,False,SAHA,5365
G06_A01_RT_440,1270,16.0,1.5357043012022401e-09,6.14281720480898e-08,1.96508075076386,SAHA_50_BF06,SAHA,50,BF06,alveolar basal epithelial cells,A549,True,lung adenocarcinoma,cell_line,human,drug,863,5.5905514,0.39370078,1,,50.0,False,SAHA,863
C05_A01_RT_403,13966,251.0,0.0,0.0,2.11886488794491,SAHA_50_AE02,SAHA,50,AE02,alveolar basal epithelial cells,A549,True,lung adenocarcinoma,cell_line,human,drug,5689,4.3963914,2.212516,1,,50.0,False,SAHA,5689
B06_A01_RT_696,18364,252.0,0.0,0.0,3.97765241917987,SAHA_10_AE03,SAHA,10,AE03,alveolar basal epithelial cells,A549,True,lung adenocarcinoma,cell_line,human,drug,5940,6.5508604,1.895012,1,,10.0,False,SAHA,5940
E06_B02_RT_707,1025,3.0,6.20968857595354e-12,1.42822837246931e-10,inf,SAHA_100_AE01,SAHA,100,AE01,alveolar basal epithelial cells,A549,True,lung adenocarcinoma,cell_line,human,drug,720,3.707317,0.29268292,1,,100.0,False,SAHA,720
A12_B02_RT_702,12971,161.0,0.0,0.0,131.683168316832,SAHA_50_AF06,SAHA,50,AF06,alveolar basal epithelial cells,A549,True,lung adenocarcinoma,cell_line,human,drug,4953,1.8117338,1.6575438,1,,50.0,False,SAHA,4953
A07_B02_RT_550,10574,481.0,0.0,0.0,182.373368146214,SAHA_50_AE02,SAHA,50,AE02,alveolar basal epithelial cells,A549,True,lung adenocarcinoma,cell_line,human,drug,4350,2.2886324,2.4115756,1,,50.0,False,SAHA,4350
F02_A01_RT_686,2717,52.0,0.0,0.0,49.7328881469115,SAHA_10_AF07,SAHA,10,AF07,alveolar basal epithelial cells,A549,True,lung adenocarcinoma,cell_line,human,drug,1811,7.7659183,4.379831,1,,10.0,False,SAHA,1811
C11_B02_RT_730,9671,173.0,0.0,0.0,169.676333021515,SAHA_50_BE10,SAHA,50,BE10,alveolar basal epithelial cells,A549,True,lung adenocarcinoma,cell_line,human,drug,4065,6.503981,2.0783787,1,,50.0,False,SAHA,4065
F01_B02_RT_521,13011,196.0,0.0,0.0,1.94538606403013,SAHA_50_BE10,SAHA,50,BE10,alveolar basal epithelial cells,A549,True,lung adenocarcinoma,cell_line,human,drug,5158,6.9863963,2.0367382,1,,50.0,False,SAHA,5158
F10_B02_RT_694,6482,156.0,0.0,0.0,198.033369214209,SAHA_100_AF05,SAHA,100,AF05,alveolar basal epithelial cells,A549,True,lung adenocarcinoma,cell_line,human,drug,3282,1.558161,2.0518358,1,,100.0,False,SAHA,3282
E12_B02_RT_396,15876,245.0,0.0,0.0,2.32003472633282,SAHA_50_BF06,SAHA,50,BF06,alveolar basal epithelial cells,A549,True,lung adenocarcinoma,cell_line,human,drug,5726,8.67347,1.5180147,1,,50.0,False,SAHA,5726
B11_A01_RT_462,6295,194.0,0.0,0.0,374.873684210526,SAHA_100_BE01,SAHA,100,BE01,alveolar basal epithelial cells,A549,True,lung adenocarcinoma,cell_line,human,drug,3303,3.7013502,2.0333598,1,,100.0,False,SAHA,3303
C08_B02_RT_685,7440,123.0,0.0,0.0,59.52079002079,SAHA_10_AE11,SAHA,10,AE11,alveolar basal epithelial cells,A549,True,lung adenocarcinoma,cell_line,human,drug,3468,4.811828,1.5591397,1,,10.0,False,SAHA,3468
B04_B02_RT_754,9244,176.0,0.0,0.0,79.7937399678973,SAHA_10_AE11,SAHA,10,AE11,alveolar basal epithelial cells,A549,True,lung adenocarcinoma,cell_line,human,drug,3964,5.452185,1.7524881,1,,10.0,False,SAHA,3964
A04_A01_RT_617,7002,73.0,0.0,0.0,110.903485254692,SAHA_10_AF07,SAHA,10,AF07,alveolar basal epithelial cells,A549,True,lung adenocarcinoma,cell_line,human,drug,3278,5.8411884,1.9851471,1,,10.0,False,SAHA,3278
H11_A01_RT_671,4926,486.0,0.0,0.0,15.440383089652,SAHA_50_BE02,SAHA,50,BE02,alveolar basal epithelial cells,A549,True,lung adenocarcinoma,cell_line,human,drug,2671,7.592367,1.908242,1,,50.0,False,SAHA,2671
F09_B02_RT_549,3088,205.0,0.0,0.0,2.18819501984213,SAHA_50_BF06,SAHA,50,BF06,alveolar basal epithelial cells,A549,True,lung adenocarcinoma,cell_line,human,drug,1892,6.314767,2.2992227,1,,50.0,False,SAHA,1892
B12_B02_RT_705,16611,279.0,0.0,0.0,1.93963933878778,SAHA_100_BF05,SAHA,100,BF05,alveolar basal epithelial cells,A549,True,lung adenocarcinoma,cell_line,human,drug,6144,3.3652399,2.022756,1,,100.0,False,SAHA,6144
D08_B02_RT_428,9665,455.0,0.0,0.0,849.008032128514,SAHA_100_E09,SAHA,100,E09,alveolar basal epithelial cells,A549,True,lung adenocarcinoma,cell_line,human,drug,4294,3.75582,1.624418,1,,100.0,False,SAHA,4294
D02_B02_RT_742,5285,166.0,0.0,0.0,160.724711907811,SAHA_50_AE02,SAHA,50,AE02,alveolar basal epithelial cells,A549,True,lung adenocarcinoma,cell_line,human,drug,2909,6.6225166,1.627247,1,,50.0,False,SAHA,2909
G04_A01_RT_462,13768,38.0,9.196283144079891e-14,5.42580705500713e-12,27.7349570200573,SAHA_10_BE11,SAHA,10,BE11,alveolar basal epithelial cells,A549,True,lung adenocarcinoma,cell_line,human,drug,4978,5.2876234,1.5979081,1,,10.0,False,SAHA,4978
B11_A01_RT_612,8069,315.0,0.0,0.0,1.4392074100129,SAHA_10_AE11,SAHA,10,AE11,alveolar basal epithelial cells,A549,True,lung adenocarcinoma,cell_line,human,drug,3634,9.034576,2.3546908,1,,10.0,False,SAHA,3634
D01_A01_RT_630,1114,2.0,0.999999989383251,1.0,1.04046242774566,SAHA_100_AF05,SAHA,100,AF05,alveolar basal epithelial cells,A549,True,lung adenocarcinoma,cell_line,human,drug,802,5.02693,0.35906643,1,,100.0,False,SAHA,802
F01_B02_RT_685,4958,199.0,0.0,0.0,12.5547842087655,SAHA_100_BE01,SAHA,100,BE01,alveolar basal epithelial cells,A549,True,lung adenocarcinoma,cell_line,human,drug,2681,3.2069383,2.0572813,1,,100.0,False,SAHA,2681
G08_A01_RT_763,9433,40.0,0.0,0.0,14.6399069226294,SAHA_10_BE11,SAHA,10,BE11,alveolar basal epithelial cells,A549,True,lung adenocarcinoma,cell_line,human,drug,3947,2.480653,1.4417471,1,,10.0,False,SAHA,3947
C06_B02_RT_630,1250,4.0,0.186833641327335,1.0,1.01006289308176,SAHA_10_BF07,SAHA,10,BF07,alveolar basal epithelial cells,A549,True,lung adenocarcinoma,cell_line,human,drug,893,5.12,0.72,1,,10.0,False,SAHA,893
A10_A01_RT_492,3536,72.0,0.0,0.0,78.7233273056058,SAHA_100_BE09,SAHA,100,BE09,alveolar basal epithelial cells,A549,True,lung adenocarcinoma,cell_line,human,drug,2267,2.6300905,2.4604073,1,,100.0,False,SAHA,2267
F05_A01_RT_586,12151,40.0,5.82909057174189e-249,2.44821804013159e-247,12.5527426160338,SAHA_10_AE11,SAHA,10,AE11,alveolar basal epithelial cells,A549,True,lung adenocarcinoma,cell_line,human,drug,4554,8.386141,1.9339972,1,,10.0,False,SAHA,4554
C09_B02_RT_577,2905,106.0,0.0,0.0,50.5035460992908,SAHA_10_AE03,SAHA,10,AE03,alveolar basal epithelial cells,A549,True,lung adenocarcinoma,cell_line,human,drug,1692,1.686747,1.9621342,1,,10.0,False,SAHA,1692
C03_B02_RT_629,1053,3.0,0.14323051092302,1.0,1.01704545454545,SAHA_50_BF06,SAHA,50,BF06,alveolar basal epithelial cells,A549,True,lung adenocarcinoma,cell_line,human,drug,737,3.0389364,0.28490028,1,,50.0,False,SAHA,737
G07_B02_RT_575,1182,5.0,0.76598262597864,1.0,1.00408163265306,SAHA_50_AF06,SAHA,50,AF06,alveolar basal epithelial cells,A549,True,lung adenocarcinoma,cell_line,human,drug,856,3.7225041,0.5922166,1,,50.0,False,SAHA,856
A12_A01_RT_402,10503,107.0,0.0,0.0,1.07026369848656,SAHA_50_BF06,SAHA,50,BF06,alveolar basal epithelial cells,A549,True,lung adenocarcinoma,cell_line,human,drug,4523,2.7420738,1.4662478,1,,50.0,False,SAHA,4523
A06_A01_RT_401,7896,177.0,0.0,0.0,4.81070141391738,SAHA_50_BE02,SAHA,50,BE02,alveolar basal epithelial cells,A549,True,lung adenocarcinoma,cell_line,human,drug,3879,3.4067883,1.621074,1,,50.0,False,SAHA,3879
G02_A01_RT_710,3228,8.0,0.13606367597917,1.0,1.00591715976331,SAHA_10_BE03,SAHA,10,BE03,alveolar basal epithelial cells,A549,True,lung adenocarcinoma,cell_line,human,drug,1813,6.040892,0.40272614,1,,10.0,False,SAHA,1813
B05_B02_RT_630,1492,5.0,0.999999999999997,1.0,1.02941176470588,SAHA_100_E09,SAHA,100,E09,alveolar basal epithelial cells,A549,True,lung adenocarcinoma,cell_line,human,drug,1004,6.769437,0.7372654,1,,100.0,False,SAHA,1004
A02_A01_RT_581,3862,62.0,0.0,0.0,65.8147138964578,SAHA_100_BE01,SAHA,100,BE01,alveolar basal epithelial cells,A549,True,lung adenocarcinoma,cell_line,human,drug,2097,3.5473847,2.4598653,1,,100.0,False,SAHA,2097
E07_B02_RT_629,1206,4.0,3.7934387738361704e-14,4.17278265121979e-13,1.98071359691418,SAHA_100_E09,SAHA,100,E09,alveolar basal epithelial cells,A549,True,lung adenocarcinoma,cell_line,human,drug,850,2.5704808,0.24875621,1,,100.0,False,SAHA,850
D02_B02_RT_683,2862,173.0,0.0,0.0,214.388157894737,SAHA_100_E09,SAHA,100,E09,alveolar basal epithelial cells,A549,True,lung adenocarcinoma,cell_line,human,drug,1892,1.397624,1.7819706,1,,100.0,False,SAHA,1892
G03_B02_RT_575,1263,12.0,0.774519703329199,1.0,1.88059701492537,SAHA_100_BE09,SAHA,100,BE09,alveolar basal epithelial cells,A549,True,lung adenocarcinoma,cell_line,human,drug,930,3.7212985,1.0292953,1,,100.0,False,SAHA,930
C03_B02_RT_752,1664,4.0,1.15364397971675e-27,3.8070251330652597e-26,1.00561797752809,SAHA_50_BF06,SAHA,50,BF06,alveolar basal epithelial cells,A549,True,lung adenocarcinoma,cell_line,human,drug,1120,6.1298075,0.72115386,1,,50.0,False,SAHA,1120
B10_A01_RT_724,9469,273.0,0.0,0.0,1.00034073001405,SAHA_100_BF05,SAHA,100,BF05,alveolar basal epithelial cells,A549,True,lung adenocarcinoma,cell_line,human,drug,4409,5.6288943,1.425705,1,,100.0,False,SAHA,4409
G06_B02_RT_444,1227,8.0,0.0031167400328605,0.0997356810515385,1.01049868766404,SAHA_100_BF05,SAHA,100,BF05,alveolar basal epithelial cells,A549,True,lung adenocarcinoma,cell_line,human,drug,869,3.7489812,0.24449877,1,,100.0,False,SAHA,869
A07_B02_RT_516,14186,24.0,0.0,0.0,5.03454894433781,SAHA_10_BE11,SAHA,10,BE11,alveolar basal epithelial cells,A549,True,lung adenocarcinoma,cell_line,human,drug,5049,8.1911745,2.1288595,1,,10.0,False,SAHA,5049
G07_B02_RT_565,8407,117.0,0.0,0.0,66.0896180215475,SAHA_50_AF06,SAHA,50,AF06,alveolar basal epithelial cells,A549,True,lung adenocarcinoma,cell_line,human,drug,3939,2.9023433,1.6176995,1,,50.0,False,SAHA,3939
A01_B02_RT_754,15323,956.0,0.0,0.0,1.1607801239155,SAHA_50_BE02,SAHA,50,BE02,alveolar basal epithelial cells,A549,True,lung adenocarcinoma,cell_line,human,drug,5264,7.4789534,1.7946877,1,,50.0,False,SAHA,5264
G12_B02_RT_674,13053,287.0,0.0,0.0,323.741352201258,SAHA_50_BE02,SAHA,50,BE02,alveolar basal epithelial cells,A549,True,lung adenocarcinoma,cell_line,human,drug,4856,4.772849,1.8309968,1,,50.0,False,SAHA,4856
H12_A01_RT_435,1025,185.0,0.0,0.0,50.211039634779,SAHA_10_BE03,SAHA,10,BE03,alveolar basal epithelial cells,A549,True,lung adenocarcinoma,cell_line,human,drug,809,1.7560976,0.58536583,1,,10.0,False,SAHA,809
A10_B02_RT_572,11455,337.0,0.0,0.0,313.95175879397,SAHA_50_BF06,SAHA,50,BF06,alveolar basal epithelial cells,A549,True,lung adenocarcinoma,cell_line,human,drug,4740,5.6219993,1.7546923,1,,50.0,False,SAHA,4740
C01_A01_RT_621,15094,195.0,0.0,0.0,2.04095671981777,SAHA_10_AF07,SAHA,10,AF07,alveolar basal epithelial cells,A549,True,lung adenocarcinoma,cell_line,human,drug,5769,5.0351133,2.0007951,1,,10.0,False,SAHA,5769
C11_B02_RT_661,13490,372.0,0.0,0.0,1.27651642493516,SAHA_50_BF06,SAHA,50,BF06,alveolar basal epithelial cells,A549,True,lung adenocarcinoma,cell_line,human,drug,5307,4.180875,2.2979984,1,,50.0,False,SAHA,5307
G11_A01_RT_435,8718,400.0,0.0,0.0,550.718732932824,SAHA_100_E09,SAHA,100,E09,alveolar basal epithelial cells,A549,True,lung adenocarcinoma,cell_line,human,drug,3939,3.3952742,1.5255792,1,,100.0,False,SAHA,3939
D08_B02_RT_639,4557,82.0,0.0,0.0,95.0050697084918,SAHA_100_BF05,SAHA,100,BF05,alveolar basal epithelial cells,A549,True,lung adenocarcinoma,cell_line,human,drug,2597,3.269695,1.4483212,1,,100.0,False,SAHA,2597
B01_B02_RT_514,6480,181.0,0.0,0.0,169.771096023278,SAHA_100_BF05,SAHA,100,BF05,alveolar basal epithelial cells,A549,True,lung adenocarcinoma,cell_line,human,drug,3163,3.6419754,2.1141975,1,,100.0,False,SAHA,3163
C07_B02_RT_716,1105,2.0,0.999999954892001,1.0,1.00941176470588,SAHA_50_BE02,SAHA,50,BE02,alveolar basal epithelial cells,A549,True,lung adenocarcinoma,cell_line,human,drug,791,8.144796,0.18099548,1,,50.0,False,SAHA,791
F08_A01_RT_604,2469,224.0,0.0,0.0,254.546448087432,SAHA_100_E09,SAHA,100,E09,alveolar basal epithelial cells,A549,True,lung adenocarcinoma,cell_line,human,drug,1631,3.3211827,1.2555691,1,,100.0,False,SAHA,1631
G06_A01_RT_467,1697,8.0,0.999536669176466,1.0,1.9786000891663,SAHA_100_BF05,SAHA,100,BF05,alveolar basal epithelial cells,A549,True,lung adenocarcinoma,cell_line,human,drug,1133,6.599882,0.47142014,1,,100.0,False,SAHA,1133
F08_B02_RT_728,3007,100.0,0.0,0.0,130.846625766871,SAHA_100_BE01,SAHA,100,BE01,alveolar basal epithelial cells,A549,True,lung adenocarcinoma,cell_line,human,drug,1885,4.689059,1.1972065,1,,100.0,False,SAHA,1885
F09_A01_RT_739,12603,501.0,0.0,0.0,475.772151898734,SAHA_50_AE02,SAHA,50,AE02,alveolar basal epithelial cells,A549,True,lung adenocarcinoma,cell_line,human,drug,4690,5.2844563,2.5073395,1,,50.0,False,SAHA,4690
C01_B02_RT_613,12822,292.0,0.0,0.0,183.692783505155,SAHA_50_AE02,SAHA,50,AE02,alveolar basal epithelial cells,A549,True,lung adenocarcinoma,cell_line,human,drug,5126,2.9714553,2.1213539,1,,50.0,False,SAHA,5126
A04_B02_RT_761,2214,49.0,0.0,0.0,44.9129662522203,SAHA_10_BF07,SAHA,10,BF07,alveolar basal epithelial cells,A549,True,lung adenocarcinoma,cell_line,human,drug,1326,7.226739,2.7100272,1,,10.0,False,SAHA,1326
C12_A01_RT_676,5267,79.0,4.25883798530427e-07,1.06470949632607e-05,75.0,SAHA_50_AE10,SAHA,50,AE10,alveolar basal epithelial cells,A549,True,lung adenocarcinoma,cell_line,human,drug,2971,2.2783368,2.297323,1,,50.0,False,SAHA,2971
F11_B02_RT_692,2557,380.0,0.0,0.0,450.940721649485,SAHA_100_BE09,SAHA,100,BE09,alveolar basal epithelial cells,A549,True,lung adenocarcinoma,cell_line,human,drug,1639,2.4638247,1.4861165,1,,100.0,False,SAHA,1639
E04_A01_RT_471,10029,116.0,0.0,0.0,109.201834862385,SAHA_50_AF06,SAHA,50,AF06,alveolar basal epithelial cells,A549,True,lung adenocarcinoma,cell_line,human,drug,4414,3.5995612,1.6252867,1,,50.0,False,SAHA,4414
D08_B02_RT_756,11496,22.0,2.9630253403620404e-23,6.22235321476029e-22,14.0,SAHA_10_BE11,SAHA,10,BE11,alveolar basal epithelial cells,A549,True,lung adenocarcinoma,cell_line,human,drug,4496,6.123869,1.9311064,1,,10.0,False,SAHA,4496
G07_A01_RT_594,16150,349.0,0.0,0.0,6.43667721723403,SAHA_100_AE01,SAHA,100,AE01,alveolar basal epithelial cells,A549,True,lung adenocarcinoma,cell_line,human,drug,5587,6.8297215,1.4427245,1,,100.0,False,SAHA,5587
G10_B02_RT_664,5878,84.0,0.0,0.0,41.0644351464435,SAHA_10_BF07,SAHA,10,BF07,alveolar basal epithelial cells,A549,True,lung adenocarcinoma,cell_line,human,drug,2803,2.8921402,1.3780197,1,,10.0,False,SAHA,2803
D05_A01_RT_557,10265,138.0,0.0,0.0,130.336538461538,SAHA_50_BE10,SAHA,50,BE10,alveolar basal epithelial cells,A549,True,lung adenocarcinoma,cell_line,human,drug,4282,3.8382854,2.084754,1,,50.0,False,SAHA,4282
C04_B02_RT_509,6440,175.0,0.0,0.0,1.61829652996845,SAHA_10_AF07,SAHA,10,AF07,alveolar basal epithelial cells,A549,True,lung adenocarcinoma,cell_line,human,drug,3022,9.223602,3.3540373,1,,10.0,False,SAHA,3022
G06_A01_RT_742,1001,11.0,0.0416121020462936,0.457733122509229,1.84847180370211,SAHA_100_BE09,SAHA,100,BE09,alveolar basal epithelial cells,A549,True,lung adenocarcinoma,cell_line,human,drug,719,5.994006,0.5994006,1,,100.0,False,SAHA,719
C09_A01_RT_455,12784,498.0,0.0,0.0,inf,SAHA_100_AF05,SAHA,100,AF05,alveolar basal epithelial cells,A549,True,lung adenocarcinoma,cell_line,human,drug,5169,2.9411764,2.2997496,1,,100.0,False,SAHA,5169
G09_B02_RT_540,7305,190.0,0.0,0.0,320.148554336989,SAHA_50_AE10,SAHA,50,AE10,alveolar basal epithelial cells,A549,True,lung adenocarcinoma,cell_line,human,drug,3507,2.1355236,2.38193,1,,50.0,False,SAHA,3507
C07_B02_RT_752,1413,2.0,5.82014378328355e-16,1.86244601065074e-14,1.00230414746544,SAHA_100_BE09,SAHA,100,BE09,alveolar basal epithelial cells,A549,True,lung adenocarcinoma,cell_line,human,drug,981,5.378627,0.9907997,1,,100.0,False,SAHA,981
B02_A01_RT_517,14553,105.0,0.0,0.0,98.4935691318328,SAHA_50_BF06,SAHA,50,BF06,alveolar basal epithelial cells,A549,True,lung adenocarcinoma,cell_line,human,drug,5461,4.1297326,1.6079159,1,,50.0,False,SAHA,5461
D11_A01_RT_650,2551,8.0,0.0,0.0,5.99366587490103,SAHA_10_BE11,SAHA,10,BE11,alveolar basal epithelial cells,A549,True,lung adenocarcinoma,cell_line,human,drug,1551,6.7032537,2.1560173,1,,10.0,False,SAHA,1551
C07_B02_RT_732,1394,14.0,6.74337131135685e-155,2.89964966388345e-153,8.91990846681922,SAHA_50_AE10,SAHA,50,AE10,alveolar basal epithelial cells,A549,True,lung adenocarcinoma,cell_line,human,drug,920,2.4390244,2.7259684,1,,50.0,False,SAHA,920
F03_B02_RT_660,2056,9.0,0.0,0.0,8.06636415201361,SAHA_10_AE11,SAHA,10,AE11,alveolar basal epithelial cells,A549,True,lung adenocarcinoma,cell_line,human,drug,1312,3.307393,2.3346303,1,,10.0,False,SAHA,1312
H11_A01_RT_617,1095,6.0,1.60516543443032e-30,1.60516543443032e-29,1.00494641384996,SAHA_10_BE03,SAHA,10,BE03,alveolar basal epithelial cells,A549,True,lung adenocarcinoma,cell_line,human,drug,793,10.958904,0.2739726,1,,10.0,False,SAHA,793
A03_A01_RT_524,16754,42.0,0.0,0.0,43.6532374100719,SAHA_10_BE03,SAHA,10,BE03,alveolar basal epithelial cells,A549,True,lung adenocarcinoma,cell_line,human,drug,5666,5.688194,2.465083,1,,10.0,False,SAHA,5666
A07_A01_RT_463,12232,153.0,0.0,0.0,2.9967179683268,SAHA_100_BE09,SAHA,100,BE09,alveolar basal epithelial cells,A549,True,lung adenocarcinoma,cell_line,human,drug,5250,3.7524526,1.7985611,1,,100.0,False,SAHA,5250
G11_B02_RT_742,20052,319.0,0.0,0.0,5.08301942536376,SAHA_100_AF05,SAHA,100,AF05,alveolar basal epithelial cells,A549,True,lung adenocarcinoma,cell_line,human,drug,6406,5.465789,1.6556952,1,,100.0,False,SAHA,6406
H05_B02_RT_624,4595,519.0,0.0,0.0,3.10263157894737,SAHA_100_AF05,SAHA,100,AF05,alveolar basal epithelial cells,A549,True,lung adenocarcinoma,cell_line,human,drug,2312,11.425463,1.4145811,1,,100.0,False,SAHA,2312
A06_A01_RT_405,9897,206.0,0.0,0.0,198.031847133758,SAHA_100_E09,SAHA,100,E09,alveolar basal epithelial cells,A549,True,lung adenocarcinoma,cell_line,human,drug,4379,3.0110135,2.687683,1,,100.0,False,SAHA,4379
B11_A01_RT_491,15800,537.0,0.0,0.0,34.991483113069,SAHA_10_AF07,SAHA,10,AF07,alveolar basal epithelial cells,A549,True,lung adenocarcinoma,cell_line,human,drug,5592,8.411392,1.4746835,1,,10.0,False,SAHA,5592
H09_A01_RT_665,8420,203.0,0.0,0.0,202.870862470862,SAHA_50_BE10,SAHA,50,BE10,alveolar basal epithelial cells,A549,True,lung adenocarcinoma,cell_line,human,drug,3958,4.465558,1.615202,1,,50.0,False,SAHA,3958
G12_B02_RT_388,7232,31.0,0.0,0.0,23.4652114597544,SAHA_10_BE11,SAHA,10,BE11,alveolar basal epithelial cells,A549,True,lung adenocarcinoma,cell_line,human,drug,3329,4.2450223,1.8943584,1,,10.0,False,SAHA,3329
C02_B02_RT_637,2573,28.0,0.0,0.0,40.552,SAHA_50_AF06,SAHA,50,AF06,alveolar basal epithelial cells,A549,True,lung adenocarcinoma,cell_line,human,drug,1641,3.4589972,1.4768752,1,,50.0,False,SAHA,1641
E12_A01_RT_677,3174,754.0,0.0,0.0,14.4379728864034,SAHA_100_BE01,SAHA,100,BE01,alveolar basal epithelial cells,A549,True,lung adenocarcinoma,cell_line,human,drug,2003,8.47511,2.614997,1,,100.0,False,SAHA,2003
F04_B02_RT_515,7723,18.0,0.0,0.0,14.3201094391245,SAHA_100_AE01,SAHA,100,AE01,alveolar basal epithelial cells,A549,True,lung adenocarcinoma,cell_line,human,drug,3690,2.2530105,2.8615823,1,,100.0,False,SAHA,3690
E05_B02_RT_587,10284,562.0,0.0,0.0,1.22526581221291,SAHA_100_E09,SAHA,100,E09,alveolar basal epithelial cells,A549,True,lung adenocarcinoma,cell_line,human,drug,4377,7.3706727,2.537923,1,,100.0,False,SAHA,4377
B11_A01_RT_707,1868,1.0,0.999999999997344,1.0,inf,SAHA_50_BE02,SAHA,50,BE02,alveolar basal epithelial cells,A549,True,lung adenocarcinoma,cell_line,human,drug,1259,4.9250536,0.32119915,1,,50.0,False,SAHA,1259
B06_A01_RT_673,11112,192.0,0.0,0.0,17.910447761194,SAHA_10_AE03,SAHA,10,AE03,alveolar basal epithelial cells,A549,True,lung adenocarcinoma,cell_line,human,drug,4716,2.6187904,1.8178545,1,,10.0,False,SAHA,4716
E12_A01_RT_470,5275,47.0,0.0,0.0,36.8159749412686,SAHA_50_BF06,SAHA,50,BF06,alveolar basal epithelial cells,A549,True,lung adenocarcinoma,cell_line,human,drug,2910,3.8293839,2.293839,1,,50.0,False,SAHA,2910
E06_B02_RT_492,6688,155.0,0.0,0.0,147.740802675585,SAHA_100_BE01,SAHA,100,BE01,alveolar basal epithelial cells,A549,True,lung adenocarcinoma,cell_line,human,drug,3230,4.9043064,2.4222488,1,,100.0,False,SAHA,3230
F09_A01_RT_450,1234,11.0,1.8454187144967201e-19,3.13721181464442e-18,1.99145299145299,SAHA_50_AE10,SAHA,50,AE10,alveolar basal epithelial cells,A549,True,lung adenocarcinoma,cell_line,human,drug,866,3.8897893,0.40518638,1,,50.0,False,SAHA,866
A11_A01_RT_615,6616,88.0,0.0,0.0,119.312,SAHA_50_BE10,SAHA,50,BE10,alveolar basal epithelial cells,A549,True,lung adenocarcinoma,cell_line,human,drug,3213,2.7660217,1.4207981,1,,50.0,False,SAHA,3213
C05_B02_RT_723,9701,54.0,0.0,0.0,17.7559523809524,SAHA_10_BF07,SAHA,10,BF07,alveolar basal epithelial cells,A549,True,lung adenocarcinoma,cell_line,human,drug,4174,5.1850324,2.77291,1,,10.0,False,SAHA,4174
B12_A01_RT_707,6839,102.0,0.0,0.0,1.42092109960728,SAHA_10_AE11,SAHA,10,AE11,alveolar basal epithelial cells,A549,True,lung adenocarcinoma,cell_line,human,drug,3368,6.536043,1.3598479,1,,10.0,False,SAHA,3368
F04_B02_RT_572,1398,4.0,0.585582021088344,1.0,1.05106382978723,SAHA_50_BE02,SAHA,50,BE02,alveolar basal epithelial cells,A549,True,lung adenocarcinoma,cell_line,human,drug,935,5.7224607,0.42918456,1,,50.0,False,SAHA,935
G03_B02_RT_475,17564,299.0,0.0,0.0,3.02122561595431,SAHA_50_AF06,SAHA,50,AF06,alveolar basal epithelial cells,A549,True,lung adenocarcinoma,cell_line,human,drug,5993,2.357094,1.9699385,1,,50.0,False,SAHA,5993
A10_A01_RT_456,6848,84.0,0.0,0.0,1.84509422800642,SAHA_50_AF06,SAHA,50,AF06,alveolar basal epithelial cells,A549,True,lung adenocarcinoma,cell_line,human,drug,3480,7.900117,1.5917056,1,,50.0,False,SAHA,3480
C10_B02_RT_766,8503,271.0,0.0,0.0,261.756960120391,SAHA_100_BE09,SAHA,100,BE09,alveolar basal epithelial cells,A549,True,lung adenocarcinoma,cell_line,human,drug,3995,1.9757732,2.457956,1,,100.0,False,SAHA,3995
G01_B02_RT_397,1988,8.0,0.945957815756642,1.0,1.02906976744186,SAHA_100_AE01,SAHA,100,AE01,alveolar basal epithelial cells,A549,True,lung adenocarcinoma,cell_line,human,drug,1276,4.0744467,0.6539235,1,,100.0,False,SAHA,1276
H06_A01_RT_550,5881,6.0,2.72159660349386e-11,2.99375626384325e-10,4.0,SAHA_10_BE11,SAHA,10,BE11,alveolar basal epithelial cells,A549,True,lung adenocarcinoma,cell_line,human,drug,2860,7.3116817,1.5813637,1,,10.0,False,SAHA,2860
C02_A01_RT_439,9199,88.0,0.0,0.0,98.7899343544858,SAHA_10_BE03,SAHA,10,BE03,alveolar basal epithelial cells,A549,True,lung adenocarcinoma,cell_line,human,drug,4027,4.326557,1.5545168,1,,10.0,False,SAHA,4027
F05_A01_RT_541,8047,114.0,0.0,0.0,100.528925619835,SAHA_10_AE03,SAHA,10,AE03,alveolar basal epithelial cells,A549,True,lung adenocarcinoma,cell_line,human,drug,3529,0.6710575,1.491239,1,,10.0,False,SAHA,3529
G12_A01_RT_445,4977,103.0,0.0,0.0,61.0292675452038,SAHA_10_AE11,SAHA,10,AE11,alveolar basal epithelial cells,A549,True,lung adenocarcinoma,cell_line,human,drug,2554,5.163753,1.9489652,1,,10.0,False,SAHA,2554
G03_A01_RT_726,1038,11.0,1.11857531918143e-11,8.61302995769705e-10,2.04021937842779,SAHA_10_AF07,SAHA,10,AF07,alveolar basal epithelial cells,A549,True,lung adenocarcinoma,cell_line,human,drug,686,10.2119465,0.38535646,1,,10.0,False,SAHA,686
F09_A01_RT_604,1213,11.0,9.758179533407189e-57,3.0250356553562297e-55,1.00425531914894,SAHA_100_BF05,SAHA,100,BF05,alveolar basal epithelial cells,A549,True,lung adenocarcinoma,cell_line,human,drug,876,2.3907666,0.3297609,1,,100.0,False,SAHA,876
H03_A01_RT_731,6840,198.0,0.0,0.0,192.270986745214,SAHA_100_AE01,SAHA,100,AE01,alveolar basal epithelial cells,A549,True,lung adenocarcinoma,cell_line,human,drug,3232,2.7192984,1.9444444,1,,100.0,False,SAHA,3232
B06_B02_RT_402,1200,4.0,7.01925812548177e-13,1.2634664625867198e-11,1.00782778864971,SAHA_100_AF05,SAHA,100,AF05,alveolar basal epithelial cells,A549,True,lung adenocarcinoma,cell_line,human,drug,813,3.8333333,0.75,1,,100.0,False,SAHA,813
F01_A01_RT_534,2414,36.0,0.0,0.0,35.7015834348356,SAHA_10_AE11,SAHA,10,AE11,alveolar basal epithelial cells,A549,True,lung adenocarcinoma,cell_line,human,drug,1333,11.309031,1.9884009,1,,10.0,False,SAHA,1333
D08_A01_RT_470,6369,27.0,0.0,0.0,18.9795609386828,SAHA_50_AF06,SAHA,50,AF06,alveolar basal epithelial cells,A549,True,lung adenocarcinoma,cell_line,human,drug,3354,1.4130946,1.7428168,1,,50.0,False,SAHA,3354
E04_A01_RT_502,1268,3.0,0.99999997461403,1.0,1.0144578313253,SAHA_100_AE01,SAHA,100,AE01,alveolar basal epithelial cells,A549,True,lung adenocarcinoma,cell_line,human,drug,929,3.3123028,0.39432177,1,,100.0,False,SAHA,929
C12_B02_RT_423,12940,191.0,0.0,0.0,1.9129500649274,SAHA_50_AF06,SAHA,50,AF06,alveolar basal epithelial cells,A549,True,lung adenocarcinoma,cell_line,human,drug,5350,2.7202473,2.0788252,1,,50.0,False,SAHA,5350
H06_A01_RT_690,1329,40.0,0.0,0.0,40.6550836550837,SAHA_100_E09,SAHA,100,E09,alveolar basal epithelial cells,A549,True,lung adenocarcinoma,cell_line,human,drug,964,2.784048,1.4296464,1,,100.0,False,SAHA,964
F05_A01_RT_669,10704,247.0,0.0,0.0,234.213842975207,SAHA_100_BF05,SAHA,100,BF05,alveolar basal epithelial cells,A549,True,lung adenocarcinoma,cell_line,human,drug,4490,5.1756353,1.7096412,1,,100.0,False,SAHA,4490
F09_B02_RT_463,8911,549.0,0.0,0.0,176.420866489832,SAHA_100_BE01,SAHA,100,BE01,alveolar basal epithelial cells,A549,True,lung adenocarcinoma,cell_line,human,drug,4182,2.8840759,2.4015262,1,,100.0,False,SAHA,4182
G03_A01_RT_685,1519,7.0,0.999992258658396,1.0,1.00653594771242,SAHA_10_AE11,SAHA,10,AE11,alveolar basal epithelial cells,A549,True,lung adenocarcinoma,cell_line,human,drug,991,4.2132983,0.6583278,1,,10.0,False,SAHA,991
E03_A01_RT_538,9183,223.0,0.0,0.0,219.472602739726,SAHA_100_BE01,SAHA,100,BE01,alveolar basal epithelial cells,A549,True,lung adenocarcinoma,cell_line,human,drug,4346,2.1561582,1.8076881,1,,100.0,False,SAHA,4346
E03_B02_RT_487,9228,131.0,0.0,0.0,512.8359375,SAHA_50_BE10,SAHA,50,BE10,alveolar basal epithelial cells,A549,True,lung adenocarcinoma,cell_line,human,drug,4165,2.1998267,1.8313828,1,,50.0,False,SAHA,4165
B04_A01_RT_569,6369,76.0,0.0,0.0,34.8583138173302,SAHA_50_BF06,SAHA,50,BF06,alveolar basal epithelial cells,A549,True,lung adenocarcinoma,cell_line,human,drug,3193,3.030303,1.6800126,1,,50.0,False,SAHA,3193
G04_A01_RT_570,11845,34.0,3.10018003335821e-24,2.29413322468508e-22,7.25813449023861,SAHA_10_BE11,SAHA,10,BE11,alveolar basal epithelial cells,A549,True,lung adenocarcinoma,cell_line,human,drug,4513,5.8674545,2.591811,1,,10.0,False,SAHA,4513
G06_A01_RT_727,1203,16.0,0.0011385026248011,0.0193545446216199,1.47656602073006,SAHA_100_BF05,SAHA,100,BF05,alveolar basal epithelial cells,A549,True,lung adenocarcinoma,cell_line,human,drug,855,5.4862843,0.4156276,1,,100.0,False,SAHA,855
G12_A01_RT_723,5123,860.0,0.0,0.0,223.731513476158,SAHA_50_AF06,SAHA,50,AF06,alveolar basal epithelial cells,A549,True,lung adenocarcinoma,cell_line,human,drug,2818,3.0450907,2.4204566,1,,50.0,False,SAHA,2818
E09_A01_RT_402,1486,8.0,0.667078975644564,1.0,1.01082543978349,SAHA_100_E09,SAHA,100,E09,alveolar basal epithelial cells,A549,True,lung adenocarcinoma,cell_line,human,drug,979,5.0471063,0.6729475,1,,100.0,False,SAHA,979
A07_A01_RT_671,3417,90.0,0.0,0.0,105.827489481066,SAHA_10_AF07,SAHA,10,AF07,alveolar basal epithelial cells,A549,True,lung adenocarcinoma,cell_line,human,drug,2062,5.736026,2.2534387,1,,10.0,False,SAHA,2062
C09_A01_RT_688,5629,151.0,0.0,0.0,327.682730923695,SAHA_100_BF05,SAHA,100,BF05,alveolar basal epithelial cells,A549,True,lung adenocarcinoma,cell_line,human,drug,2819,0.92378753,2.096287,1,,100.0,False,SAHA,2819
B05_A01_RT_493,2402,159.0,0.0,0.0,201.986767485822,SAHA_100_BE09,SAHA,100,BE09,alveolar basal epithelial cells,A549,True,lung adenocarcinoma,cell_line,human,drug,1583,4.6627812,1.9567027,1,,100.0,False,SAHA,1583
H06_A01_RT_695,1566,108.0,0.0,0.0,1.08590692630487,SAHA_100_BE01,SAHA,100,BE01,alveolar basal epithelial cells,A549,True,lung adenocarcinoma,cell_line,human,drug,1120,8.492976,2.8735633,1,,100.0,False,SAHA,1120
H02_B02_RT_614,4810,112.0,0.0,0.0,inf,SAHA_100_AE01,SAHA,100,AE01,alveolar basal epithelial cells,A549,True,lung adenocarcinoma,cell_line,human,drug,2743,1.5176715,1.1850312,1,,100.0,False,SAHA,2743
F12_B02_RT_707,9742,171.0,0.0,0.0,156.558482613277,SAHA_10_AF07,SAHA,10,AF07,alveolar basal epithelial cells,A549,True,lung adenocarcinoma,cell_line,human,drug,4635,3.315541,1.6834326,1,,10.0,False,SAHA,4635
A12_B02_RT_572,1456,1.0,0.999998554872238,1.0,inf,SAHA_50_BF06,SAHA,50,BF06,alveolar basal epithelial cells,A549,True,lung adenocarcinoma,cell_line,human,drug,988,5.425824,0.3434066,1,,50.0,False,SAHA,988
G03_A01_RT_741,11389,298.0,0.0,0.0,inf,SAHA_50_AE10,SAHA,50,AE10,alveolar basal epithelial cells,A549,True,lung adenocarcinoma,cell_line,human,drug,4551,1.5980332,1.6243744,1,,50.0,False,SAHA,4551
G09_A01_RT_455,1596,21.0,1.44910931643218e-30,7.24554658216092e-29,1.14306202940122,SAHA_100_E09,SAHA,100,E09,alveolar basal epithelial cells,A549,True,lung adenocarcinoma,cell_line,human,drug,1073,3.822055,0.18796992,1,,100.0,False,SAHA,1073
H10_B02_RT_565,13196,206.0,0.0,0.0,188.368421052632,SAHA_10_AE03,SAHA,10,AE03,alveolar basal epithelial cells,A549,True,lung adenocarcinoma,cell_line,human,drug,4793,4.6908154,1.4928766,1,,10.0,False,SAHA,4793
C06_B02_RT_602,5285,120.0,0.0,0.0,138.556368960469,SAHA_50_AF06,SAHA,50,AF06,alveolar basal epithelial cells,A549,True,lung adenocarcinoma,cell_line,human,drug,2948,2.7246926,1.627247,1,,50.0,False,SAHA,2948
C09_B02_RT_527,10469,443.0,0.0,0.0,1.78172065194966,SAHA_50_BF06,SAHA,50,BF06,alveolar basal epithelial cells,A549,True,lung adenocarcinoma,cell_line,human,drug,4280,11.672557,1.6238418,1,,50.0,False,SAHA,4280
F10_A01_RT_505,9397,178.0,0.0,0.0,2.21323693488642,SAHA_50_BF06,SAHA,50,BF06,alveolar basal epithelial cells,A549,True,lung adenocarcinoma,cell_line,human,drug,4260,6.7681174,1.7239544,1,,50.0,False,SAHA,4260
F10_B02_RT_519,18467,316.0,0.0,0.0,2.9536247565462,SAHA_50_AE02,SAHA,50,AE02,alveolar basal epithelial cells,A549,True,lung adenocarcinoma,cell_line,human,drug,6331,2.5396655,1.7490659,1,,50.0,False,SAHA,6331
E06_B02_RT_474,5472,199.0,0.0,0.0,281.268170426065,SAHA_100_BF05,SAHA,100,BF05,alveolar basal epithelial cells,A549,True,lung adenocarcinoma,cell_line,human,drug,2970,3.0336258,1.7726609,1,,100.0,False,SAHA,2970
B02_B02_RT_697,1058,65.0,0.0,0.0,66.7813440320963,SAHA_100_AF05,SAHA,100,AF05,alveolar basal epithelial cells,A549,True,lung adenocarcinoma,cell_line,human,drug,869,3.4026465,1.4177694,1,,100.0,False,SAHA,869
A02_A01_RT_653,8101,76.0,0.0,0.0,40.111801242236,SAHA_50_BF06,SAHA,50,BF06,alveolar basal epithelial cells,A549,True,lung adenocarcinoma,cell_line,human,drug,3848,1.9256881,2.0367856,1,,50.0,False,SAHA,3848
B04_A01_RT_514,12662,140.0,0.0,0.0,18.5842696629213,SAHA_100_BE09,SAHA,100,BE09,alveolar basal epithelial cells,A549,True,lung adenocarcinoma,cell_line,human,drug,4986,7.3448114,2.053388,1,,100.0,False,SAHA,4986
B07_B02_RT_709,7676,153.0,0.0,0.0,147.365671641791,SAHA_50_BE10,SAHA,50,BE10,alveolar basal epithelial cells,A549,True,lung adenocarcinoma,cell_line,human,drug,3485,2.1886399,1.7066181,1,,50.0,False,SAHA,3485
H01_B02_RT_607,11764,105.0,0.0,0.0,103.058823529412,SAHA_10_BF07,SAHA,10,BF07,alveolar basal epithelial cells,A549,True,lung adenocarcinoma,cell_line,human,drug,4533,4.377763,1.6661,1,,10.0,False,SAHA,4533
E09_A01_RT_685,15141,8.0,1.89254401536721e-249,5.2991232430282e-248,4.0317880794702,SAHA_10_BE11,SAHA,10,BE11,alveolar basal epithelial cells,A549,True,lung adenocarcinoma,cell_line,human,drug,5211,9.642692,1.9615613,1,,10.0,False,SAHA,5211
B03_B02_RT_478,5411,182.0,0.0,0.0,173.312582781457,SAHA_50_AE10,SAHA,50,AE10,alveolar basal epithelial cells,A549,True,lung adenocarcinoma,cell_line,human,drug,3013,3.8625023,2.014415,1,,50.0,False,SAHA,3013
A06_B02_RT_691,5469,168.0,0.0,0.0,153.251336898396,SAHA_100_AE01,SAHA,100,AE01,alveolar basal epithelial cells,A549,True,lung adenocarcinoma,cell_line,human,drug,2897,2.413604,1.8467727,1,,100.0,False,SAHA,2897
D10_A01_RT_649,2243,36.0,0.0,0.0,inf,SAHA_50_BE02,SAHA,50,BE02,alveolar basal epithelial cells,A549,True,lung adenocarcinoma,cell_line,human,drug,1415,7.579135,1.6495764,1,,50.0,False,SAHA,1415
A10_B02_RT_504,7597,29.0,0.0,0.0,10.9647924330005,SAHA_10_BE11,SAHA,10,BE11,alveolar basal epithelial cells,A549,True,lung adenocarcinoma,cell_line,human,drug,3685,1.7638541,1.3952876,1,,10.0,False,SAHA,3685
C02_A01_RT_574,5967,203.0,0.0,0.0,194.62752293578,SAHA_100_BE09,SAHA,100,BE09,alveolar basal epithelial cells,A549,True,lung adenocarcinoma,cell_line,human,drug,3102,1.3071896,2.4467907,1,,100.0,False,SAHA,3102
H12_B02_RT_697,3814,126.0,0.0,0.0,130.230538922156,SAHA_50_AE10,SAHA,50,AE10,alveolar basal epithelial cells,A549,True,lung adenocarcinoma,cell_line,human,drug,2191,2.2548506,1.8615626,1,,50.0,False,SAHA,2191
H12_A01_RT_632,1151,7.0,2.38215112371554e-70,1.66750578660088e-69,4.02071516646116,SAHA_10_BE11,SAHA,10,BE11,alveolar basal epithelial cells,A549,True,lung adenocarcinoma,cell_line,human,drug,803,4.8653345,1.6507385,1,,10.0,False,SAHA,803
B12_B02_RT_555,11356,267.0,0.0,0.0,322.478939157566,SAHA_50_BE02,SAHA,50,BE02,alveolar basal epithelial cells,A549,True,lung adenocarcinoma,cell_line,human,drug,4653,3.9098275,1.699542,1,,50.0,False,SAHA,4653
B04_B02_RT_686,6800,195.0,0.0,0.0,4.42455858747994,SAHA_10_AE11,SAHA,10,AE11,alveolar basal epithelial cells,A549,True,lung adenocarcinoma,cell_line,human,drug,3389,4.867647,1.7352941,1,,10.0,False,SAHA,3389
B09_B02_RT_702,1052,4.0,0.0022534636488907,0.0247881001377978,1.0185873605948,SAHA_50_AF06,SAHA,50,AF06,alveolar basal epithelial cells,A549,True,lung adenocarcinoma,cell_line,human,drug,767,3.7072244,0.66539925,1,,50.0,False,SAHA,767
H01_B02_RT_436,9369,239.0,0.0,0.0,9.56173997637412,SAHA_100_AE01,SAHA,100,AE01,alveolar basal epithelial cells,A549,True,lung adenocarcinoma,cell_line,human,drug,4168,3.1273348,1.6757392,1,,100.0,False,SAHA,4168
F11_B02_RT_497,1293,10.0,1.33083895652675e-05,2.66167791305349e-05,1.00528541226216,SAHA_10_AE11,SAHA,10,AE11,alveolar basal epithelial cells,A549,True,lung adenocarcinoma,cell_line,human,drug,914,1.933488,0.3866976,1,,10.0,False,SAHA,914
F03_B02_RT_710,2257,3.0,1.45538151063942e-82,3.20183932340672e-81,1.00338600451467,SAHA_10_BF07,SAHA,10,BF07,alveolar basal epithelial cells,A549,True,lung adenocarcinoma,cell_line,human,drug,1411,6.1586175,0.2658396,1,,10.0,False,SAHA,1411
C05_B02_RT_529,9643,887.0,0.0,0.0,inf,SAHA_100_BF05,SAHA,100,BF05,alveolar basal epithelial cells,A549,True,lung adenocarcinoma,cell_line,human,drug,4411,6.1495385,2.105154,1,,100.0,False,SAHA,4411
B11_A01_RT_732,2550,224.0,0.0,0.0,1704.33333333333,SAHA_50_AE10,SAHA,50,AE10,alveolar basal epithelial cells,A549,True,lung adenocarcinoma,cell_line,human,drug,1569,6.352941,2.3921568,1,,50.0,False,SAHA,1569
C01_B02_RT_716,1155,3.0,2.97146822989567e-08,4.75434916783308e-07,2.01450443190975,SAHA_50_BE10,SAHA,50,BE10,alveolar basal epithelial cells,A549,True,lung adenocarcinoma,cell_line,human,drug,829,6.4069266,0.77922076,1,,50.0,False,SAHA,829
A06_B02_RT_493,3565,58.0,0.0,0.0,55.7255639097744,SAHA_50_AF06,SAHA,50,AF06,alveolar basal epithelial cells,A549,True,lung adenocarcinoma,cell_line,human,drug,2089,5.3576436,1.8793828,1,,50.0,False,SAHA,2089
C08_A01_RT_749,6941,95.0,0.0,0.0,103.001555209953,SAHA_50_AF06,SAHA,50,AF06,alveolar basal epithelial cells,A549,True,lung adenocarcinoma,cell_line,human,drug,3236,2.6797292,1.9161505,1,,50.0,False,SAHA,3236
A11_B02_RT_665,5764,25.0,0.0,0.0,4.3044537230341,SAHA_10_BE11,SAHA,10,BE11,alveolar basal epithelial cells,A549,True,lung adenocarcinoma,cell_line,human,drug,2925,2.463567,2.1165857,1,,10.0,False,SAHA,2925
F04_A01_RT_527,12451,193.0,0.0,0.0,1.68293238650388,SAHA_10_BE03,SAHA,10,BE03,alveolar basal epithelial cells,A549,True,lung adenocarcinoma,cell_line,human,drug,5033,3.0118062,2.1203117,1,,10.0,False,SAHA,5033
C09_A01_RT_738,5979,135.0,0.0,0.0,127.50998185118,SAHA_100_AE01,SAHA,100,AE01,alveolar basal epithelial cells,A549,True,lung adenocarcinoma,cell_line,human,drug,3073,2.692758,2.6760328,1,,100.0,False,SAHA,3073
B11_A01_RT_428,11570,145.0,0.0,0.0,133.16796875,SAHA_10_AE11,SAHA,10,AE11,alveolar basal epithelial cells,A549,True,lung adenocarcinoma,cell_line,human,drug,4486,3.3189282,1.633535,1,,10.0,False,SAHA,4486
G07_A01_RT_701,14408,177.0,0.0,0.0,157.106561974201,SAHA_10_AE11,SAHA,10,AE11,alveolar basal epithelial cells,A549,True,lung adenocarcinoma,cell_line,human,drug,5166,5.6218767,1.4019989,1,,10.0,False,SAHA,5166
B06_B02_RT_616,4585,129.0,0.0,0.0,4.38506188647034,SAHA_100_AE01,SAHA,100,AE01,alveolar basal epithelial cells,A549,True,lung adenocarcinoma,cell_line,human,drug,2626,6.1504908,1.8102508,1,,100.0,False,SAHA,2626
G11_A01_RT_525,12613,33.0,1.7800590935489002e-24,7.47624819290536e-23,7.87724550898204,SAHA_10_BE11,SAHA,10,BE11,alveolar basal epithelial cells,A549,True,lung adenocarcinoma,cell_line,human,drug,4779,6.699437,1.6490922,1,,10.0,False,SAHA,4779
G08_A01_RT_571,1094,5.0,1.7318256832935e-27,8.48594584813816e-26,1.02866972477064,SAHA_10_AE11,SAHA,10,AE11,alveolar basal epithelial cells,A549,True,lung adenocarcinoma,cell_line,human,drug,796,3.4734917,0.4570384,1,,10.0,False,SAHA,796
H09_B02_RT_606,5363,169.0,0.0,0.0,94.4508881922675,SAHA_100_BF05,SAHA,100,BF05,alveolar basal epithelial cells,A549,True,lung adenocarcinoma,cell_line,human,drug,2950,2.1629684,2.0883834,1,,100.0,False,SAHA,2950
F06_B02_RT_396,1034,5.0,8.51394490264966e-22,1.8730678785829302e-20,1.00595238095238,SAHA_10_BE03,SAHA,10,BE03,alveolar basal epithelial cells,A549,True,lung adenocarcinoma,cell_line,human,drug,754,4.0618954,0.58027077,1,,10.0,False,SAHA,754
F04_B02_RT_701,10414,173.0,0.0,0.0,163.383177570093,SAHA_50_AF06,SAHA,50,AF06,alveolar basal epithelial cells,A549,True,lung adenocarcinoma,cell_line,human,drug,4418,3.4088726,1.4211638,1,,50.0,False,SAHA,4418
H11_A01_RT_711,3544,170.0,0.0,0.0,58.7256493506493,SAHA_50_BE10,SAHA,50,BE10,alveolar basal epithelial cells,A549,True,lung adenocarcinoma,cell_line,human,drug,2095,6.659142,2.1726863,1,,50.0,False,SAHA,2095
G01_A01_RT_627,5785,99.0,0.0,0.0,82.6216560509554,SAHA_10_BE03,SAHA,10,BE03,alveolar basal epithelial cells,A549,True,lung adenocarcinoma,cell_line,human,drug,3086,1.4520311,2.1780467,1,,10.0,False,SAHA,3086
D10_A01_RT_526,1844,51.0,0.0,0.0,inf,SAHA_100_BF05,SAHA,100,BF05,alveolar basal epithelial cells,A549,True,lung adenocarcinoma,cell_line,human,drug,1348,4.880694,1.626898,1,,100.0,False,SAHA,1348
A12_B02_RT_490,24614,375.0,0.0,0.0,2.02750519650022,SAHA_10_AE11,SAHA,10,AE11,alveolar basal epithelial cells,A549,True,lung adenocarcinoma,cell_line,human,drug,6961,8.872999,1.6332169,1,,10.0,False,SAHA,6961
D05_A01_RT_437,15083,211.0,0.0,0.0,1.56837858805275,SAHA_100_BE09,SAHA,100,BE09,alveolar basal epithelial cells,A549,True,lung adenocarcinoma,cell_line,human,drug,5840,4.176888,2.0022542,1,,100.0,False,SAHA,5840
H10_A01_RT_501,1814,34.0,0.0,0.0,1.34051314539119,SAHA_10_BE11,SAHA,10,BE11,alveolar basal epithelial cells,A549,True,lung adenocarcinoma,cell_line,human,drug,1259,9.316428,1.5435501,1,,10.0,False,SAHA,1259
F11_A01_RT_622,1014,10.0,0.948344771066352,1.0,1.51250735726898,SAHA_100_BF05,SAHA,100,BF05,alveolar basal epithelial cells,A549,True,lung adenocarcinoma,cell_line,human,drug,726,6.311637,0.69033533,1,,100.0,False,SAHA,726
D08_A01_RT_650,3246,65.0,0.0,0.0,63.8523845571537,SAHA_50_AE10,SAHA,50,AE10,alveolar basal epithelial cells,A549,True,lung adenocarcinoma,cell_line,human,drug,2002,2.0332718,2.125693,1,,50.0,False,SAHA,2002
D01_B02_RT_434,4297,124.0,0.0,0.0,68.9964114832536,SAHA_50_AE10,SAHA,50,AE10,alveolar basal epithelial cells,A549,True,lung adenocarcinoma,cell_line,human,drug,2397,2.1410286,1.9083081,1,,50.0,False,SAHA,2397
H06_B02_RT_604,1425,2.0,1.96240029274977e-23,1.56992023419981e-22,1.00512382578992,SAHA_50_BE02,SAHA,50,BE02,alveolar basal epithelial cells,A549,True,lung adenocarcinoma,cell_line,human,drug,996,2.245614,0.6315789,1,,50.0,False,SAHA,996
C09_A01_RT_599,8620,199.0,8.86099071698428e-28,1.68358823622701e-26,196.0,SAHA_50_AE10,SAHA,50,AE10,alveolar basal epithelial cells,A549,True,lung adenocarcinoma,cell_line,human,drug,3957,4.7331786,2.5290024,1,,50.0,False,SAHA,3957
F07_A01_RT_504,24157,888.0,0.0,0.0,1.5650003656842,SAHA_50_AE10,SAHA,50,AE10,alveolar basal epithelial cells,A549,True,lung adenocarcinoma,cell_line,human,drug,7168,6.8675747,1.5896014,1,,50.0,False,SAHA,7168
D03_A01_RT_700,13204,87.0,0.0,0.0,3.4068370467453,SAHA_10_BE03,SAHA,10,BE03,alveolar basal epithelial cells,A549,True,lung adenocarcinoma,cell_line,human,drug,5020,8.065738,1.5374129,1,,10.0,False,SAHA,5020
B09_B02_RT_489,11331,320.0,0.0,0.0,311.971014492754,SAHA_50_BE10,SAHA,50,BE10,alveolar basal epithelial cells,A549,True,lung adenocarcinoma,cell_line,human,drug,4469,11.914218,1.4738328,1,,50.0,False,SAHA,4469
C07_B02_RT_421,13408,350.0,0.0,0.0,7.84391534391535,SAHA_100_AE01,SAHA,100,AE01,alveolar basal epithelial cells,A549,True,lung adenocarcinoma,cell_line,human,drug,5123,6.3917065,2.0211813,1,,100.0,False,SAHA,5123
H01_B02_RT_475,9931,230.0,0.0,0.0,221.308270676692,SAHA_10_AE03,SAHA,10,AE03,alveolar basal epithelial cells,A549,True,lung adenocarcinoma,cell_line,human,drug,4150,8.428154,1.9434096,1,,10.0,False,SAHA,4150
H05_B02_RT_702,6616,154.0,0.0,0.0,118.19748427673,SAHA_100_AE01,SAHA,100,AE01,alveolar basal epithelial cells,A549,True,lung adenocarcinoma,cell_line,human,drug,3355,3.4613059,1.2847642,1,,100.0,False,SAHA,3355
B10_A01_RT_445,6706,26.0,2.15012789899785e-09,2.58015347879742e-08,2.0,SAHA_10_BE11,SAHA,10,BE11,alveolar basal epithelial cells,A549,True,lung adenocarcinoma,cell_line,human,drug,3422,5.7709513,2.3859231,1,,10.0,False,SAHA,3422
B04_A01_RT_584,2653,54.0,0.0,0.0,49.8838709677419,SAHA_10_BF07,SAHA,10,BF07,alveolar basal epithelial cells,A549,True,lung adenocarcinoma,cell_line,human,drug,1629,7.199397,1.8092725,1,,10.0,False,SAHA,1629
H03_A01_RT_437,13996,235.0,0.0,0.0,262.363312555655,SAHA_10_AF07,SAHA,10,AF07,alveolar basal epithelial cells,A549,True,lung adenocarcinoma,cell_line,human,drug,4907,5.3372393,1.8576736,1,,10.0,False,SAHA,4907
D05_B02_RT_629,5205,142.0,0.0,0.0,136.562740569669,SAHA_50_AE02,SAHA,50,AE02,alveolar basal epithelial cells,A549,True,lung adenocarcinoma,cell_line,human,drug,2614,2.5744476,1.6330452,1,,50.0,False,SAHA,2614
H06_B02_RT_458,4614,137.0,0.0,0.0,146.7969348659,SAHA_100_AE01,SAHA,100,AE01,alveolar basal epithelial cells,A549,True,lung adenocarcinoma,cell_line,human,drug,2547,1.9072388,1.7771999,1,,100.0,False,SAHA,2547
C11_B02_RT_438,10466,306.0,0.0,0.0,2.89130904698328,SAHA_100_BE09,SAHA,100,BE09,alveolar basal epithelial cells,A549,True,lung adenocarcinoma,cell_line,human,drug,4574,4.032104,1.4236575,1,,100.0,False,SAHA,4574
A06_B02_RT_709,10568,230.0,0.0,0.0,111.169675090253,SAHA_10_AE03,SAHA,10,AE03,alveolar basal epithelial cells,A549,True,lung adenocarcinoma,cell_line,human,drug,4224,2.6211205,1.3342165,1,,10.0,False,SAHA,4224
D11_B02_RT_752,10584,315.0,0.0,0.0,1.04009831997507,SAHA_50_AE02,SAHA,50,AE02,alveolar basal epithelial cells,A549,True,lung adenocarcinoma,cell_line,human,drug,4311,2.4943311,1.4833711,1,,50.0,False,SAHA,4311
E01_B02_RT_750,6427,175.0,0.0,0.0,314.24504950495,SAHA_50_AE02,SAHA,50,AE02,alveolar basal epithelial cells,A549,True,lung adenocarcinoma,cell_line,human,drug,3131,5.772522,2.5672941,1,,50.0,False,SAHA,3131
F08_B02_RT_503,1532,3.0,1.78778369609529e-41,2.14534043531435e-40,1.00542495479204,SAHA_10_AF07,SAHA,10,AF07,alveolar basal epithelial cells,A549,True,lung adenocarcinoma,cell_line,human,drug,1092,3.524804,0.5874674,1,,10.0,False,SAHA,1092
A03_A01_RT_623,7872,252.0,1.4657332259829201e-113,3.07803977456412e-112,284.210626185958,SAHA_50_AE02,SAHA,50,AE02,alveolar basal epithelial cells,A549,True,lung adenocarcinoma,cell_line,human,drug,3828,5.284553,2.2992885,1,,50.0,False,SAHA,3828
G11_A01_RT_704,1156,11.0,0.999969377898352,1.0,1.380315432222,SAHA_50_AE02,SAHA,50,AE02,alveolar basal epithelial cells,A549,True,lung adenocarcinoma,cell_line,human,drug,783,10.899654,0.60553634,1,,50.0,False,SAHA,783
H04_B02_RT_632,4622,229.0,0.0,0.0,528.677740863787,SAHA_100_E09,SAHA,100,E09,alveolar basal epithelial cells,A549,True,lung adenocarcinoma,cell_line,human,drug,2518,6.4474254,1.7957594,1,,100.0,False,SAHA,2518
A08_A01_RT_533,5165,336.0,0.0,0.0,327.068965517241,SAHA_50_AF06,SAHA,50,AF06,alveolar basal epithelial cells,A549,True,lung adenocarcinoma,cell_line,human,drug,2923,3.9496613,2.1490803,1,,50.0,False,SAHA,2923
D06_A01_RT_707,9045,84.0,0.0,0.0,81.1157894736842,SAHA_100_BF05,SAHA,100,BF05,alveolar basal epithelial cells,A549,True,lung adenocarcinoma,cell_line,human,drug,4177,3.537866,1.9237148,1,,100.0,False,SAHA,4177
G04_A01_RT_446,1304,4.0,1.38931426555516e-06,6.39084562155375e-05,1.00565770862801,SAHA_100_E09,SAHA,100,E09,alveolar basal epithelial cells,A549,True,lung adenocarcinoma,cell_line,human,drug,873,4.52454,0.38343558,1,,100.0,False,SAHA,873
C12_A01_RT_536,1983,36.0,0.0,0.0,47.0,SAHA_10_AE11,SAHA,10,AE11,alveolar basal epithelial cells,A549,True,lung adenocarcinoma,cell_line,human,drug,1337,5.6984367,2.0171456,1,,10.0,False,SAHA,1337
H04_B02_RT_484,1327,5.0,0.300905085055318,1.0,1.00711237553343,SAHA_100_BE09,SAHA,100,BE09,alveolar basal epithelial cells,A549,True,lung adenocarcinoma,cell_line,human,drug,918,5.7272043,0.3014318,1,,100.0,False,SAHA,918
E06_B02_RT_396,1143,5.0,1.2408365288604398e-22,3.47434228080922e-21,1.00843170320405,SAHA_10_AF07,SAHA,10,AF07,alveolar basal epithelial cells,A549,True,lung adenocarcinoma,cell_line,human,drug,805,5.424322,0.6124234,1,,10.0,False,SAHA,805
C08_A01_RT_471,12572,130.0,0.0,0.0,71.6875,SAHA_50_BE02,SAHA,50,BE02,alveolar basal epithelial cells,A549,True,lung adenocarcinoma,cell_line,human,drug,4866,8.781419,1.2647152,1,,50.0,False,SAHA,4866
A03_B02_RT_400,10375,97.0,0.0,0.0,89.5751824817518,SAHA_10_BE03,SAHA,10,BE03,alveolar basal epithelial cells,A549,True,lung adenocarcinoma,cell_line,human,drug,4360,3.9710844,1.3301204,1,,10.0,False,SAHA,4360
G01_B02_RT_435,20305,145.0,0.0,0.0,2.2213203830741,SAHA_10_BE03,SAHA,10,BE03,alveolar basal epithelial cells,A549,True,lung adenocarcinoma,cell_line,human,drug,6779,3.9448411,1.6843143,1,,10.0,False,SAHA,6779
F09_A01_RT_735,3074,448.0,0.0,0.0,262.5757295044,SAHA_50_BE10,SAHA,50,BE10,alveolar basal epithelial cells,A549,True,lung adenocarcinoma,cell_line,human,drug,1693,14.769031,0.8783344,1,,50.0,False,SAHA,1693
E10_A01_RT_658,1582,2.0,1.12364314947962e-111,2.8091078736990503e-110,1.00229885057471,SAHA_10_AF07,SAHA,10,AF07,alveolar basal epithelial cells,A549,True,lung adenocarcinoma,cell_line,human,drug,1080,4.6144123,1.0745891,1,,10.0,False,SAHA,1080
C06_B02_RT_592,5900,178.0,0.0,0.0,166.453300124533,SAHA_50_BE02,SAHA,50,BE02,alveolar basal epithelial cells,A549,True,lung adenocarcinoma,cell_line,human,drug,2992,3.7627118,2.2372882,1,,50.0,False,SAHA,2992
G06_B02_RT_595,10151,384.0,0.0,0.0,364.077120822622,SAHA_10_AE03,SAHA,10,AE03,alveolar basal epithelial cells,A549,True,lung adenocarcinoma,cell_line,human,drug,4042,5.6250615,1.6254556,1,,10.0,False,SAHA,4042
D09_A01_RT_447,4066,102.0,0.0,0.0,96.3809523809524,SAHA_50_AE02,SAHA,50,AE02,alveolar basal epithelial cells,A549,True,lung adenocarcinoma,cell_line,human,drug,2413,2.631579,2.1151009,1,,50.0,False,SAHA,2413
A11_B02_RT_750,1608,1521.0,0.0,0.0,33.047166440363,SAHA_50_AE10,SAHA,50,AE10,alveolar basal epithelial cells,A549,True,lung adenocarcinoma,cell_line,human,drug,1113,4.850746,1.2437811,1,,50.0,False,SAHA,1113
G07_A01_RT_739,22921,610.0,0.0,0.0,1.5751200009796,SAHA_50_BE02,SAHA,50,BE02,alveolar basal epithelial cells,A549,True,lung adenocarcinoma,cell_line,human,drug,6968,8.119192,1.8411064,1,,50.0,False,SAHA,6968
H10_A01_RT_568,1501,80.0,0.0,0.0,66.6219281663516,SAHA_50_BF06,SAHA,50,BF06,alveolar basal epithelial cells,A549,True,lung adenocarcinoma,cell_line,human,drug,1118,4.063957,2.398401,1,,50.0,False,SAHA,1118
H06_B02_RT_529,5794,148.0,0.0,0.0,144.749364944962,SAHA_10_BF07,SAHA,10,BF07,alveolar basal epithelial cells,A549,True,lung adenocarcinoma,cell_line,human,drug,2914,4.3320675,1.915775,1,,10.0,False,SAHA,2914
F09_B02_RT_407,6891,435.0,0.0,0.0,2.63772048846676,SAHA_100_BE09,SAHA,100,BE09,alveolar basal epithelial cells,A549,True,lung adenocarcinoma,cell_line,human,drug,3414,8.387753,1.9735887,1,,100.0,False,SAHA,3414
H10_A01_RT_734,1399,51.0,0.0,0.0,49.279046673287,SAHA_100_BE01,SAHA,100,BE01,alveolar basal epithelial cells,A549,True,lung adenocarcinoma,cell_line,human,drug,1028,2.7877054,1.8584703,1,,100.0,False,SAHA,1028
G05_A01_RT_502,2419,14.0,0.0094855785843826,0.607077029400491,1.0328418230563,SAHA_10_BF07,SAHA,10,BF07,alveolar basal epithelial cells,A549,True,lung adenocarcinoma,cell_line,human,drug,1508,4.8367095,0.57875156,1,,10.0,False,SAHA,1508
G05_A01_RT_708,7648,510.0,0.0,0.0,491.498730964467,SAHA_100_BE09,SAHA,100,BE09,alveolar basal epithelial cells,A549,True,lung adenocarcinoma,cell_line,human,drug,3521,2.6935146,1.9220711,1,,100.0,False,SAHA,3521
F03_A01_RT_512,19170,143.0,0.0,0.0,13.2511139859135,SAHA_50_BE02,SAHA,50,BE02,alveolar basal epithelial cells,A549,True,lung adenocarcinoma,cell_line,human,drug,6332,6.160668,1.7736046,1,,50.0,False,SAHA,6332
F04_B02_RT_497,1901,4.0,0.0046219142541052,0.0508410567951582,1.01079622132254,SAHA_10_BE03,SAHA,10,BE03,alveolar basal epithelial cells,A549,True,lung adenocarcinoma,cell_line,human,drug,1251,1.6307206,0.42083114,1,,10.0,False,SAHA,1251
H03_B02_RT_527,5695,63.0,0.0,0.0,58.8601156069364,SAHA_10_BF07,SAHA,10,BF07,alveolar basal epithelial cells,A549,True,lung adenocarcinoma,cell_line,human,drug,2868,3.9683933,1.3169447,1,,10.0,False,SAHA,2868
G01_B02_RT_619,1434,3.0,6.78119340841441e-08,6.78119340841441e-07,1.0239651416122,SAHA_10_AE03,SAHA,10,AE03,alveolar basal epithelial cells,A549,True,lung adenocarcinoma,cell_line,human,drug,985,5.9274755,0.62761503,1,,10.0,False,SAHA,985
F09_A01_RT_712,16545,213.0,0.0,0.0,236.990371389271,SAHA_10_AE11,SAHA,10,AE11,alveolar basal epithelial cells,A549,True,lung adenocarcinoma,cell_line,human,drug,5677,10.220611,1.9341191,1,,10.0,False,SAHA,5677
F10_A01_RT_527,9767,156.0,0.0,0.0,182.763724808895,SAHA_50_BE10,SAHA,50,BE10,alveolar basal epithelial cells,A549,True,lung adenocarcinoma,cell_line,human,drug,4364,7.750589,1.3310126,1,,50.0,False,SAHA,4364
F05_B02_RT_710,1964,4.0,3.34748203398408e-25,4.68647484757771e-24,1.01985111662531,SAHA_100_BF05,SAHA,100,BF05,alveolar basal epithelial cells,A549,True,lung adenocarcinoma,cell_line,human,drug,1277,5.4480653,0.45824847,1,,100.0,False,SAHA,1277
H01_A01_RT_745,1639,14.0,2.8556929713256e-13,5.99695523978376e-12,12.5873684210526,SAHA_10_AE11,SAHA,10,AE11,alveolar basal epithelial cells,A549,True,lung adenocarcinoma,cell_line,human,drug,1168,5.1250763,0.7321538,1,,10.0,False,SAHA,1168
F07_B02_RT_516,6763,190.0,0.0,0.0,111.461979913917,SAHA_10_BF07,SAHA,10,BF07,alveolar basal epithelial cells,A549,True,lung adenocarcinoma,cell_line,human,drug,3125,9.818128,1.4934201,1,,10.0,False,SAHA,3125
F03_A01_RT_662,6293,65.0,0.0,0.0,83.3546712802768,SAHA_10_AF07,SAHA,10,AF07,alveolar basal epithelial cells,A549,True,lung adenocarcinoma,cell_line,human,drug,3086,4.449388,1.7638646,1,,10.0,False,SAHA,3086
G05_B02_RT_730,5264,16.0,0.0,0.0,12.3073341094296,SAHA_100_BF05,SAHA,100,BF05,alveolar basal epithelial cells,A549,True,lung adenocarcinoma,cell_line,human,drug,2770,2.9825227,1.5197568,1,,100.0,False,SAHA,2770
F01_B02_RT_433,1035,4.0,3.77405337869797e-20,7.54810675739594e-19,1.01431980906921,SAHA_50_BF06,SAHA,50,BF06,alveolar basal epithelial cells,A549,True,lung adenocarcinoma,cell_line,human,drug,764,1.6425121,0.28985506,1,,50.0,False,SAHA,764
F04_A01_RT_433,1187,6.0,4.06111812537077e-08,5.68556537551908e-07,1.95673076923077,SAHA_50_AE10,SAHA,50,AE10,alveolar basal epithelial cells,A549,True,lung adenocarcinoma,cell_line,human,drug,860,2.780118,0.33698398,1,,50.0,False,SAHA,860
B09_B02_RT_619,1179,2.0,0.995969090161326,1.0,1.14675052410901,SAHA_50_AE02,SAHA,50,AE02,alveolar basal epithelial cells,A549,True,lung adenocarcinoma,cell_line,human,drug,839,6.2765055,0.2544529,1,,50.0,False,SAHA,839
F11_B02_RT_424,3900,389.0,0.0,0.0,225.244653272845,SAHA_100_BE01,SAHA,100,BE01,alveolar basal epithelial cells,A549,True,lung adenocarcinoma,cell_line,human,drug,2302,2.4358974,3.2307692,1,,100.0,False,SAHA,2302
F05_B02_RT_755,6621,894.0,0.0,0.0,7.41843196320409,SAHA_50_AE02,SAHA,50,AE02,alveolar basal epithelial cells,A549,True,lung adenocarcinoma,cell_line,human,drug,3298,5.9356594,2.205105,1,,50.0,False,SAHA,3298
D09_B02_RT_402,1887,3.0,0.899478180550926,1.0,1.02078521939954,SAHA_10_BE11,SAHA,10,BE11,alveolar basal epithelial cells,A549,True,lung adenocarcinoma,cell_line,human,drug,1157,2.7556968,0.47694755,1,,10.0,False,SAHA,1157
C09_A01_RT_590,13823,342.0,0.0,0.0,1.74967741935484,SAHA_100_E09,SAHA,100,E09,alveolar basal epithelial cells,A549,True,lung adenocarcinoma,cell_line,human,drug,5513,5.4474425,1.5409101,1,,100.0,False,SAHA,5513
F11_A01_RT_695,5735,396.0,0.0,0.0,7.2117767462261,SAHA_100_AF05,SAHA,100,AF05,alveolar basal epithelial cells,A549,True,lung adenocarcinoma,cell_line,human,drug,2966,6.7480383,2.6503923,1,,100.0,False,SAHA,2966
C07_B02_RT_508,6882,229.0,0.0,0.0,312.24543946932,SAHA_100_AF05,SAHA,100,AF05,alveolar basal epithelial cells,A549,True,lung adenocarcinoma,cell_line,human,drug,3576,2.7462947,1.496658,1,,100.0,False,SAHA,3576
F08_A01_RT_460,7485,134.0,0.0,0.0,140.021881838074,SAHA_100_BE01,SAHA,100,BE01,alveolar basal epithelial cells,A549,True,lung adenocarcinoma,cell_line,human,drug,3438,3.6873748,1.9104877,1,,100.0,False,SAHA,3438
C03_B02_RT_390,8093,379.0,0.0,0.0,inf,SAHA_50_AE10,SAHA,50,AE10,alveolar basal epithelial cells,A549,True,lung adenocarcinoma,cell_line,human,drug,3650,4.7819104,2.00173,1,,50.0,False,SAHA,3650
A06_B02_RT_552,12631,131.0,0.0,0.0,131.805247225025,SAHA_100_AE01,SAHA,100,AE01,alveolar basal epithelial cells,A549,True,lung adenocarcinoma,cell_line,human,drug,5171,4.766052,1.4488164,1,,100.0,False,SAHA,5171
F01_B02_RT_456,4762,125.0,0.0,0.0,2.10709560352323,SAHA_50_AE10,SAHA,50,AE10,alveolar basal epithelial cells,A549,True,lung adenocarcinoma,cell_line,human,drug,2587,7.8328433,1.2599748,1,,50.0,False,SAHA,2587
E09_A01_RT_448,6878,737.0,0.0,0.0,700.102228047182,SAHA_50_AE10,SAHA,50,AE10,alveolar basal epithelial cells,A549,True,lung adenocarcinoma,cell_line,human,drug,3365,2.7333527,1.5556848,1,,50.0,False,SAHA,3365
G09_A01_RT_575,1402,25.0,0.531671747584028,1.0,1.61569953720185,SAHA_50_BF06,SAHA,50,BF06,alveolar basal epithelial cells,A549,True,lung adenocarcinoma,cell_line,human,drug,986,4.7075605,0.42796007,1,,50.0,False,SAHA,986
E06_B02_RT_536,6891,25.0,0.0,0.0,13.9163879598662,SAHA_10_BE11,SAHA,10,BE11,alveolar basal epithelial cells,A549,True,lung adenocarcinoma,cell_line,human,drug,3278,5.906255,1.7559135,1,,10.0,False,SAHA,3278
B04_B02_RT_395,12122,479.0,0.0,0.0,4.45678016193952,SAHA_100_E09,SAHA,100,E09,alveolar basal epithelial cells,A549,True,lung adenocarcinoma,cell_line,human,drug,4941,4.6691966,3.167794,1,,100.0,False,SAHA,4941
C09_A01_RT_751,5928,312.0,0.0,0.0,291.036297640653,SAHA_10_BF07,SAHA,10,BF07,alveolar basal epithelial cells,A549,True,lung adenocarcinoma,cell_line,human,drug,2882,5.752362,2.462888,1,,10.0,False,SAHA,2882
B12_A01_RT_404,1380,92.0,0.0,0.0,392.493975903615,SAHA_50_AE02,SAHA,50,AE02,alveolar basal epithelial cells,A549,True,lung adenocarcinoma,cell_line,human,drug,1014,4.7826085,2.6811595,1,,50.0,False,SAHA,1014
F11_A01_RT_497,1556,15.0,0.0217227237573206,0.173781790058565,1.80948348856901,SAHA_100_BF05,SAHA,100,BF05,alveolar basal epithelial cells,A549,True,lung adenocarcinoma,cell_line,human,drug,1054,3.1491003,0.3856041,1,,100.0,False,SAHA,1054
E04_A01_RT_550,4060,374.0,0.0,0.0,1.07954291550959,SAHA_100_AF05,SAHA,100,AF05,alveolar basal epithelial cells,A549,True,lung adenocarcinoma,cell_line,human,drug,2178,4.3349752,1.3546798,1,,100.0,False,SAHA,2178
H04_B02_RT_682,6816,251.0,0.0,0.0,794.837104072398,SAHA_100_BE09,SAHA,100,BE09,alveolar basal epithelial cells,A549,True,lung adenocarcinoma,cell_line,human,drug,3475,2.3180752,1.2617371,1,,100.0,False,SAHA,3475
B05_A01_RT_597,4057,197.0,0.0,0.0,189.709302325581,SAHA_50_BE10,SAHA,50,BE10,alveolar basal epithelial cells,A549,True,lung adenocarcinoma,cell_line,human,drug,2441,5.5706186,2.218388,1,,50.0,False,SAHA,2441
F08_B02_RT_489,6529,115.0,1.80278416733468e-52,2.70417625100202e-51,124.88,SAHA_100_BF05,SAHA,100,BF05,alveolar basal epithelial cells,A549,True,lung adenocarcinoma,cell_line,human,drug,3299,5.575126,1.5469444,1,,100.0,False,SAHA,3299
C11_B02_RT_424,2146,11.0,6.50328804022063e-09,1.43072336884854e-07,2.66729678638941,SAHA_50_BE02,SAHA,50,BE02,alveolar basal epithelial cells,A549,True,lung adenocarcinoma,cell_line,human,drug,1416,2.469711,0.13979496,1,,50.0,False,SAHA,1416
A04_B02_RT_688,3618,154.0,0.0,0.0,147.358792184725,SAHA_100_BE09,SAHA,100,BE09,alveolar basal epithelial cells,A549,True,lung adenocarcinoma,cell_line,human,drug,2166,3.676064,1.4648978,1,,100.0,False,SAHA,2166
H08_B02_RT_757,1272,20.0,0.0,0.0,17.9675324675325,SAHA_10_BF07,SAHA,10,BF07,alveolar basal epithelial cells,A549,True,lung adenocarcinoma,cell_line,human,drug,905,3.6949685,1.1792452,1,,10.0,False,SAHA,905
D06_B02_RT_475,3010,144.0,0.0,0.0,175.727447216891,SAHA_100_BE01,SAHA,100,BE01,alveolar basal epithelial cells,A549,True,lung adenocarcinoma,cell_line,human,drug,1808,2.425249,1.8604652,1,,100.0,False,SAHA,1808
G03_B02_RT_716,1678,2.0,0.999426677922813,1.0,1.02409638554217,SAHA_10_AE11,SAHA,10,AE11,alveolar basal epithelial cells,A549,True,lung adenocarcinoma,cell_line,human,drug,1123,7.7473183,0.29797378,1,,10.0,False,SAHA,1123
B12_B02_RT_425,3485,282.0,0.0,0.0,264.245421245421,SAHA_50_BE02,SAHA,50,BE02,alveolar basal epithelial cells,A549,True,lung adenocarcinoma,cell_line,human,drug,2145,1.6642754,1.4634147,1,,50.0,False,SAHA,2145
H03_B02_RT_596,14484,524.0,0.0,0.0,1166.10891089109,SAHA_50_AE02,SAHA,50,AE02,alveolar basal epithelial cells,A549,True,lung adenocarcinoma,cell_line,human,drug,5473,4.922673,1.6155758,1,,50.0,False,SAHA,5473
A09_B02_RT_433,1000,2.0,0.999999999999791,1.0,1.01890359168242,SAHA_50_BE10,SAHA,50,BE10,alveolar basal epithelial cells,A549,True,lung adenocarcinoma,cell_line,human,drug,756,1.6,0.3,1,,50.0,False,SAHA,756
B01_B02_RT_651,3454,139.0,0.0,0.0,293.728421052632,SAHA_100_AF05,SAHA,100,AF05,alveolar basal epithelial cells,A549,True,lung adenocarcinoma,cell_line,human,drug,1969,2.6635785,2.026636,1,,100.0,False,SAHA,1969
B04_B02_RT_692,4536,315.0,0.0,0.0,302.196629213483,SAHA_50_AE10,SAHA,50,AE10,alveolar basal epithelial cells,A549,True,lung adenocarcinoma,cell_line,human,drug,2498,2.5132275,1.8738977,1,,50.0,False,SAHA,2498
D11_B02_RT_548,6427,181.0,0.0,0.0,193.734838709677,SAHA_100_BE01,SAHA,100,BE01,alveolar basal epithelial cells,A549,True,lung adenocarcinoma,cell_line,human,drug,3143,3.1118717,1.6026139,1,,100.0,False,SAHA,3143
A03_B02_RT_604,1023,5.0,0.0233890684110137,0.233890684110137,1.01481481481481,SAHA_50_AF06,SAHA,50,AF06,alveolar basal epithelial cells,A549,True,lung adenocarcinoma,cell_line,human,drug,753,1.5640274,0.48875856,1,,50.0,False,SAHA,753
H08_A01_RT_598,3558,128.0,0.0,0.0,129.263565891473,SAHA_100_AF05,SAHA,100,AF05,alveolar basal epithelial cells,A549,True,lung adenocarcinoma,cell_line,human,drug,2056,7.6447444,2.4732995,1,,100.0,False,SAHA,2056
H11_B02_RT_711,1845,5.0,2.5102191316142298e-11,3.76532869742135e-10,1.00654022236756,SAHA_100_E09,SAHA,100,E09,alveolar basal epithelial cells,A549,True,lung adenocarcinoma,cell_line,human,drug,1227,6.3956637,0.59620595,1,,100.0,False,SAHA,1227
G09_B02_RT_746,11572,279.0,0.0,0.0,37.2249212402587,SAHA_100_BF05,SAHA,100,BF05,alveolar basal epithelial cells,A549,True,lung adenocarcinoma,cell_line,human,drug,4715,3.5084686,1.4085724,1,,100.0,False,SAHA,4715
C12_A01_RT_604,7544,70.0,0.0,0.0,2.22980042627398,SAHA_50_AE02,SAHA,50,AE02,alveolar basal epithelial cells,A549,True,lung adenocarcinoma,cell_line,human,drug,3942,2.8764582,1.2990456,1,,50.0,False,SAHA,3942
G10_B02_RT_476,7199,25.0,0.0,0.0,5.77332361516035,SAHA_10_BE11,SAHA,10,BE11,alveolar basal epithelial cells,A549,True,lung adenocarcinoma,cell_line,human,drug,3432,3.1532156,1.7641339,1,,10.0,False,SAHA,3432
C11_B02_RT_676,12961,229.0,0.0,0.0,216.143124415341,SAHA_50_AE10,SAHA,50,AE10,alveolar basal epithelial cells,A549,True,lung adenocarcinoma,cell_line,human,drug,4975,2.245197,1.9597254,1,,50.0,False,SAHA,4975
H03_B02_RT_428,1056,9.0,0.13837975457562,1.0,1.02113916617733,SAHA_50_AE02,SAHA,50,AE02,alveolar basal epithelial cells,A549,True,lung adenocarcinoma,cell_line,human,drug,755,3.7878788,0.47348484,1,,50.0,False,SAHA,755
H04_A01_RT_401,6576,93.0,0.0,0.0,89.1436829066887,SAHA_10_BE03,SAHA,10,BE03,alveolar basal epithelial cells,A549,True,lung adenocarcinoma,cell_line,human,drug,3135,3.254258,1.1253041,1,,10.0,False,SAHA,3135
E02_A01_RT_723,4420,76.0,0.0,0.0,166.604519774011,SAHA_50_AE10,SAHA,50,AE10,alveolar basal epithelial cells,A549,True,lung adenocarcinoma,cell_line,human,drug,2556,2.1493213,1.9683257,1,,50.0,False,SAHA,2556
C03_A01_RT_732,3767,50.0,0.0,0.0,43.8039215686275,SAHA_10_BE03,SAHA,10,BE03,alveolar basal epithelial cells,A549,True,lung adenocarcinoma,cell_line,human,drug,2135,2.628086,2.5219007,1,,10.0,False,SAHA,2135
E10_A01_RT_640,1973,35.0,1.0,1.0,inf,SAHA_50_BF06,SAHA,50,BF06,alveolar basal epithelial cells,A549,True,lung adenocarcinoma,cell_line,human,drug,1396,2.1794221,1.3177902,1,,50.0,False,SAHA,1396
F11_A01_RT_424,2008,13.0,0.226062611196741,0.904250444786966,1.01878612716763,SAHA_100_E09,SAHA,100,E09,alveolar basal epithelial cells,A549,True,lung adenocarcinoma,cell_line,human,drug,1349,3.884462,0.74701196,1,,100.0,False,SAHA,1349
A08_B02_RT_460,6599,142.0,0.0,0.0,134.231740306583,SAHA_100_BE09,SAHA,100,BE09,alveolar basal epithelial cells,A549,True,lung adenocarcinoma,cell_line,human,drug,3406,3.7884529,1.530535,1,,100.0,False,SAHA,3406
B03_B02_RT_429,7253,74.0,0.0,0.0,78.7371512481645,SAHA_50_BF06,SAHA,50,BF06,alveolar basal epithelial cells,A549,True,lung adenocarcinoma,cell_line,human,drug,3380,7.3211083,2.8539915,1,,50.0,False,SAHA,3380
G10_B02_RT_635,14745,952.0,0.0,0.0,13.6755032685642,SAHA_50_AE02,SAHA,50,AE02,alveolar basal epithelial cells,A549,True,lung adenocarcinoma,cell_line,human,drug,5534,3.370634,1.7361817,1,,50.0,False,SAHA,5534
E07_B02_RT_577,4094,35.0,0.0,0.0,40.8213457076566,SAHA_50_BF06,SAHA,50,BF06,alveolar basal epithelial cells,A549,True,lung adenocarcinoma,cell_line,human,drug,2398,1.6853932,2.320469,1,,50.0,False,SAHA,2398
H02_B02_RT_690,4338,153.0,0.0,0.0,116.933734939759,SAHA_100_BE09,SAHA,100,BE09,alveolar basal epithelial cells,A549,True,lung adenocarcinoma,cell_line,human,drug,2474,3.8727524,1.7058553,1,,100.0,False,SAHA,2474
A03_B02_RT_494,11529,186.0,0.0,0.0,3.74251758813943,SAHA_10_AE11,SAHA,10,AE11,alveolar basal epithelial cells,A549,True,lung adenocarcinoma,cell_line,human,drug,4561,6.3925753,1.925579,1,,10.0,False,SAHA,4561
F10_A01_RT_485,8994,102.0,0.0,0.0,102.010989010989,SAHA_10_AE03,SAHA,10,AE03,alveolar basal epithelial cells,A549,True,lung adenocarcinoma,cell_line,human,drug,3977,6.7267065,1.8234378,1,,10.0,False,SAHA,3977
F02_B02_RT_731,2695,74.0,0.0,0.0,74.3760683760684,SAHA_10_AF07,SAHA,10,AF07,alveolar basal epithelial cells,A549,True,lung adenocarcinoma,cell_line,human,drug,1602,6.3079777,1.48423,1,,10.0,False,SAHA,1602
E12_A01_RT_706,8610,56.0,0.0,0.0,24.4931945556445,SAHA_50_AF06,SAHA,50,AF06,alveolar basal epithelial cells,A549,True,lung adenocarcinoma,cell_line,human,drug,3840,11.289199,1.9396051,1,,50.0,False,SAHA,3840
B11_B02_RT_701,1025,1.0,0.511945825251766,1.0,inf,SAHA_50_AE10,SAHA,50,AE10,alveolar basal epithelial cells,A549,True,lung adenocarcinoma,cell_line,human,drug,741,3.512195,0.68292683,1,,50.0,False,SAHA,741
C01_A01_RT_401,6240,50.0,0.0,0.0,45.6354799513973,SAHA_50_BE10,SAHA,50,BE10,alveolar basal epithelial cells,A549,True,lung adenocarcinoma,cell_line,human,drug,3274,4.407051,1.8429487,1,,50.0,False,SAHA,3274
B06_A01_RT_542,10301,194.0,0.0,0.0,174.501712328767,SAHA_50_AF06,SAHA,50,AF06,alveolar basal epithelial cells,A549,True,lung adenocarcinoma,cell_line,human,drug,4384,2.9511697,1.7474031,1,,50.0,False,SAHA,4384
A04_A01_RT_729,6612,61.0,0.0,0.0,71.2765957446809,SAHA_50_BF06,SAHA,50,BF06,alveolar basal epithelial cells,A549,True,lung adenocarcinoma,cell_line,human,drug,3242,6.231095,1.3762856,1,,50.0,False,SAHA,3242
F11_A01_RT_470,6920,275.0,0.0,0.0,179.901518178186,SAHA_100_BF05,SAHA,100,BF05,alveolar basal epithelial cells,A549,True,lung adenocarcinoma,cell_line,human,drug,3234,2.9190753,1.8930635,1,,100.0,False,SAHA,3234
D11_B02_RT_387,7201,222.0,0.0,0.0,2.03517725552679,SAHA_100_BF05,SAHA,100,BF05,alveolar basal epithelial cells,A549,True,lung adenocarcinoma,cell_line,human,drug,3624,5.110401,1.5136787,1,,100.0,False,SAHA,3624
B11_B02_RT_427,2453,105.0,0.0,0.0,114.978386167147,SAHA_50_AF06,SAHA,50,AF06,alveolar basal epithelial cells,A549,True,lung adenocarcinoma,cell_line,human,drug,1584,1.5491235,2.2421525,1,,50.0,False,SAHA,1584
C01_B02_RT_432,1598,1.0,0.999999999999954,1.0,inf,SAHA_100_BE09,SAHA,100,BE09,alveolar basal epithelial cells,A549,True,lung adenocarcinoma,cell_line,human,drug,1078,4.94368,0.37546933,1,,100.0,False,SAHA,1078
B09_A01_RT_421,1146,7.0,1.7216978630645498e-64,2.23820722198391e-63,1.00435052827843,SAHA_100_BE09,SAHA,100,BE09,alveolar basal epithelial cells,A549,True,lung adenocarcinoma,cell_line,human,drug,856,1.4834206,0.08726004,1,,100.0,False,SAHA,856
C05_B02_RT_667,1141,2.0,0.999999934905023,1.0,1.00251256281407,SAHA_10_AF07,SAHA,10,AF07,alveolar basal epithelial cells,A549,True,lung adenocarcinoma,cell_line,human,drug,816,3.8562665,0.08764242,1,,10.0,False,SAHA,816
D04_A01_RT_517,18336,56.0,3.26855742039009e-23,6.86397058281919e-22,1.13354564755839,SAHA_10_BF07,SAHA,10,BF07,alveolar basal epithelial cells,A549,True,lung adenocarcinoma,cell_line,human,drug,5869,8.442409,1.8815445,1,,10.0,False,SAHA,5869
B07_B02_RT_484,1119,4.0,6.86163638807595e-13,1.50956000537671e-11,1.98998330550918,SAHA_50_BE02,SAHA,50,BE02,alveolar basal epithelial cells,A549,True,lung adenocarcinoma,cell_line,human,drug,792,5.1831994,0.35746202,1,,50.0,False,SAHA,792
G11_B02_RT_711,2499,4.0,0.991660010036674,1.0,1.00663349917081,SAHA_10_AE11,SAHA,10,AE11,alveolar basal epithelial cells,A549,True,lung adenocarcinoma,cell_line,human,drug,1528,6.0824327,0.40016007,1,,10.0,False,SAHA,1528
D07_B02_RT_481,3613,17.0,0.0,0.0,11.4802259887006,SAHA_10_BF07,SAHA,10,BF07,alveolar basal epithelial cells,A549,True,lung adenocarcinoma,cell_line,human,drug,2007,2.4910047,1.8267368,1,,10.0,False,SAHA,2007
G07_A01_RT_433,11538,146.0,0.0,0.0,70.6914961636829,SAHA_10_AE03,SAHA,10,AE03,alveolar basal epithelial cells,A549,True,lung adenocarcinoma,cell_line,human,drug,4579,2.4440978,1.3693881,1,,10.0,False,SAHA,4579
A03_B02_RT_615,3328,115.0,0.0,0.0,108.992700729927,SAHA_50_AE02,SAHA,50,AE02,alveolar basal epithelial cells,A549,True,lung adenocarcinoma,cell_line,human,drug,1799,14.573318,0.84134614,1,,50.0,False,SAHA,1799
C02_A01_RT_613,7131,232.0,0.0,0.0,209.445871559633,SAHA_100_E09,SAHA,100,E09,alveolar basal epithelial cells,A549,True,lung adenocarcinoma,cell_line,human,drug,3493,4.7538915,2.0894685,1,,100.0,False,SAHA,3493
C08_B02_RT_576,1602,190.0,0.0,0.0,3.53559079527841,SAHA_50_AF06,SAHA,50,AF06,alveolar basal epithelial cells,A549,True,lung adenocarcinoma,cell_line,human,drug,1067,7.6154804,3.1835206,1,,50.0,False,SAHA,1067
D12_A01_RT_651,1496,33.0,0.0,0.0,32.7128027681661,SAHA_50_AE10,SAHA,50,AE10,alveolar basal epithelial cells,A549,True,lung adenocarcinoma,cell_line,human,drug,1087,2.3395722,1.4037433,1,,50.0,False,SAHA,1087
F11_A01_RT_707,1182,14.0,0.0103450973708585,0.103450973708585,1.82960656665723,SAHA_100_BF05,SAHA,100,BF05,alveolar basal epithelial cells,A549,True,lung adenocarcinoma,cell_line,human,drug,899,3.5532994,0.42301184,1,,100.0,False,SAHA,899
G02_B02_RT_664,4112,5.0,1.20914381661384e-65,3.99017459482568e-64,1.99,SAHA_50_AE10,SAHA,50,AE10,alveolar basal epithelial cells,A549,True,lung adenocarcinoma,cell_line,human,drug,2055,15.199416,1.7996109,1,,50.0,False,SAHA,2055
C11_B02_RT_571,1158,2.0,0.249368493334061,1.0,1.00569800569801,SAHA_50_AE02,SAHA,50,AE02,alveolar basal epithelial cells,A549,True,lung adenocarcinoma,cell_line,human,drug,849,3.4542315,0.43177894,1,,50.0,False,SAHA,849
H10_B02_RT_602,8177,166.0,0.0,0.0,152.83035258048,SAHA_100_AF05,SAHA,100,AF05,alveolar basal epithelial cells,A549,True,lung adenocarcinoma,cell_line,human,drug,3816,3.6199095,1.9811667,1,,100.0,False,SAHA,3816
B12_B02_RT_766,12913,867.0,0.0,0.0,5.15499631088157,SAHA_50_AE02,SAHA,50,AE02,alveolar basal epithelial cells,A549,True,lung adenocarcinoma,cell_line,human,drug,5073,5.7538915,2.1451252,1,,50.0,False,SAHA,5073
D09_A01_RT_497,10918,28.0,0.0,0.0,23.8518518518519,SAHA_10_BF07,SAHA,10,BF07,alveolar basal epithelial cells,A549,True,lung adenocarcinoma,cell_line,human,drug,4549,1.1448983,1.2639678,1,,10.0,False,SAHA,4549
E04_A01_RT_479,17731,345.0,0.0,0.0,3.95838814650696,SAHA_100_E09,SAHA,100,E09,alveolar basal epithelial cells,A549,True,lung adenocarcinoma,cell_line,human,drug,5882,10.518301,1.9852237,1,,100.0,False,SAHA,5882
C08_B02_RT_531,5016,243.0,0.0,0.0,423.422370617696,SAHA_100_AF05,SAHA,100,AF05,alveolar basal epithelial cells,A549,True,lung adenocarcinoma,cell_line,human,drug,2674,2.0334928,1.8341308,1,,100.0,False,SAHA,2674
E08_A01_RT_402,2269,57.0,0.0,0.0,25.1159793814433,SAHA_50_AF06,SAHA,50,AF06,alveolar basal epithelial cells,A549,True,lung adenocarcinoma,cell_line,human,drug,1502,2.379903,1.2780961,1,,50.0,False,SAHA,1502
H08_B02_RT_578,1659,120.0,0.0,0.0,1.79125752296484,SAHA_100_BF05,SAHA,100,BF05,alveolar basal epithelial cells,A549,True,lung adenocarcinoma,cell_line,human,drug,1132,8.921037,4.2194095,1,,100.0,False,SAHA,1132
A01_B02_RT_463,13696,285.0,0.0,0.0,361.079455164586,SAHA_100_BE01,SAHA,100,BE01,alveolar basal epithelial cells,A549,True,lung adenocarcinoma,cell_line,human,drug,5241,6.2646027,1.9786799,1,,100.0,False,SAHA,5241
A03_B02_RT_737,5954,9.0,8.33415838134004e-33,2.7502722658422102e-31,4.98668639053254,SAHA_50_BF06,SAHA,50,BF06,alveolar basal epithelial cells,A549,True,lung adenocarcinoma,cell_line,human,drug,3048,2.3177695,2.065838,1,,50.0,False,SAHA,3048
C10_B02_RT_735,8373,71.0,0.0,0.0,61.1605723370429,SAHA_10_BE11,SAHA,10,BE11,alveolar basal epithelial cells,A549,True,lung adenocarcinoma,cell_line,human,drug,3636,2.137824,1.5645528,1,,10.0,False,SAHA,3636
A02_B02_RT_746,6390,24.0,0.0,0.0,17.9,SAHA_10_BF07,SAHA,10,BF07,alveolar basal epithelial cells,A549,True,lung adenocarcinoma,cell_line,human,drug,3151,2.2065728,1.14241,1,,10.0,False,SAHA,3151
A10_B02_RT_762,7537,28.0,0.0,0.0,10.0398335315101,SAHA_10_BE11,SAHA,10,BE11,alveolar basal epithelial cells,A549,True,lung adenocarcinoma,cell_line,human,drug,3604,3.1046836,1.5523418,1,,10.0,False,SAHA,3604
H09_A01_RT_480,4256,776.0,0.0,0.0,740.15332197615,SAHA_50_BE10,SAHA,50,BE10,alveolar basal epithelial cells,A549,True,lung adenocarcinoma,cell_line,human,drug,2527,7.518797,2.044173,1,,50.0,False,SAHA,2527
F03_A01_RT_565,7980,56.0,0.0,0.0,52.7826649417852,SAHA_50_AF06,SAHA,50,AF06,alveolar basal epithelial cells,A549,True,lung adenocarcinoma,cell_line,human,drug,3828,4.4235587,1.4035088,1,,50.0,False,SAHA,3828
F07_A01_RT_495,7104,125.0,0.0,0.0,27.4475221405691,SAHA_100_BE01,SAHA,100,BE01,alveolar basal epithelial cells,A549,True,lung adenocarcinoma,cell_line,human,drug,3118,9.656531,1.8440316,1,,100.0,False,SAHA,3118
A07_B02_RT_557,8058,151.0,0.0,0.0,166.578073089701,SAHA_50_BE10,SAHA,50,BE10,alveolar basal epithelial cells,A549,True,lung adenocarcinoma,cell_line,human,drug,3748,1.315463,1.1417226,1,,50.0,False,SAHA,3748
C08_B02_RT_455,1227,3.0,0.0003717796981845,0.0044613563782149,1.00280373831776,SAHA_10_AE11,SAHA,10,AE11,alveolar basal epithelial cells,A549,True,lung adenocarcinoma,cell_line,human,drug,860,3.9119804,0.57049716,1,,10.0,False,SAHA,860
G03_B02_RT_456,4162,126.0,0.0,0.0,152.433962264151,SAHA_50_BF06,SAHA,50,BF06,alveolar basal epithelial cells,A549,True,lung adenocarcinoma,cell_line,human,drug,2314,6.4872656,1.2974532,1,,50.0,False,SAHA,2314
A11_B02_RT_527,7507,234.0,0.0,0.0,223.055179090029,SAHA_50_AE02,SAHA,50,AE02,alveolar basal epithelial cells,A549,True,lung adenocarcinoma,cell_line,human,drug,3574,2.5842547,2.0780604,1,,50.0,False,SAHA,3574
F06_A01_RT_610,7554,17.0,0.199318456292541,1.0,6.3172236503856,SAHA_10_BE11,SAHA,10,BE11,alveolar basal epithelial cells,A549,True,lung adenocarcinoma,cell_line,human,drug,3436,5.1231136,1.5223722,1,,10.0,False,SAHA,3436
C03_A01_RT_396,8242,39.0,0.0,0.0,19.7469879518072,SAHA_100_BF05,SAHA,100,BF05,alveolar basal epithelial cells,A549,True,lung adenocarcinoma,cell_line,human,drug,3875,3.0453773,1.6622179,1,,100.0,False,SAHA,3875
E04_A01_RT_467,1207,2.0,0.274950968333028,1.0,inf,SAHA_100_E09,SAHA,100,E09,alveolar basal epithelial cells,A549,True,lung adenocarcinoma,cell_line,human,drug,801,12.096106,0.4142502,1,,100.0,False,SAHA,801
D06_A01_RT_658,7727,102.0,0.0,0.0,93.9263157894737,SAHA_10_AF07,SAHA,10,AF07,alveolar basal epithelial cells,A549,True,lung adenocarcinoma,cell_line,human,drug,3526,4.231914,1.9930115,1,,10.0,False,SAHA,3526
C05_A01_RT_698,16409,124.0,0.0,0.0,2.52595789198378,SAHA_100_AF05,SAHA,100,AF05,alveolar basal epithelial cells,A549,True,lung adenocarcinoma,cell_line,human,drug,5740,3.796697,1.9623377,1,,100.0,False,SAHA,5740
D04_A01_RT_738,9441,108.0,0.0,0.0,2.62943585077343,SAHA_100_AE01,SAHA,100,AE01,alveolar basal epithelial cells,A549,True,lung adenocarcinoma,cell_line,human,drug,4439,5.9421673,2.9234192,1,,100.0,False,SAHA,4439
G01_B02_RT_752,1308,4.0,9.2462365419005e-19,1.38693548128507e-17,1.00571428571429,SAHA_100_BE01,SAHA,100,BE01,alveolar basal epithelial cells,A549,True,lung adenocarcinoma,cell_line,human,drug,937,3.7461774,0.9938838,1,,100.0,False,SAHA,937
D06_A01_RT_562,5248,291.0,0.0,0.0,2.87191513926974,SAHA_50_AE02,SAHA,50,AE02,alveolar basal epithelial cells,A549,True,lung adenocarcinoma,cell_line,human,drug,2824,6.3643293,1.3719512,1,,50.0,False,SAHA,2824
B02_B02_RT_757,1468,51.0,0.0,0.0,2.26838514025777,SAHA_50_BE10,SAHA,50,BE10,alveolar basal epithelial cells,A549,True,lung adenocarcinoma,cell_line,human,drug,1067,4.836512,2.452316,1,,50.0,False,SAHA,1067
F01_A01_RT_762,8557,199.0,0.0,0.0,1.16049183229073,SAHA_50_AE02,SAHA,50,AE02,alveolar basal epithelial cells,A549,True,lung adenocarcinoma,cell_line,human,drug,4148,1.5425967,2.1853454,1,,50.0,False,SAHA,4148
F11_A01_RT_752,1251,10.0,7.635152067323289e-56,2.29054562019699e-54,1.00841987089531,SAHA_10_BE11,SAHA,10,BE11,alveolar basal epithelial cells,A549,True,lung adenocarcinoma,cell_line,human,drug,872,5.67546,0.4796163,1,,10.0,False,SAHA,872
G01_A01_RT_400,2820,11.0,3.41587553506611e-10,1.50298523542909e-08,1.94315245478036,SAHA_100_BE01,SAHA,100,BE01,alveolar basal epithelial cells,A549,True,lung adenocarcinoma,cell_line,human,drug,1653,3.4042554,0.4609929,1,,100.0,False,SAHA,1653
D07_B02_RT_402,7338,168.0,0.0,0.0,206.365853658537,SAHA_50_BE10,SAHA,50,BE10,alveolar basal epithelial cells,A549,True,lung adenocarcinoma,cell_line,human,drug,3561,2.9435813,1.6216953,1,,50.0,False,SAHA,3561
D09_B02_RT_752,15072,206.0,0.0,0.0,1.03774235668005,SAHA_50_AF06,SAHA,50,AF06,alveolar basal epithelial cells,A549,True,lung adenocarcinoma,cell_line,human,drug,5706,4.9761147,1.7980361,1,,50.0,False,SAHA,5706
D02_B02_RT_398,4666,83.0,0.0,0.0,118.443609022556,SAHA_100_BE09,SAHA,100,BE09,alveolar basal epithelial cells,A549,True,lung adenocarcinoma,cell_line,human,drug,2715,1.6073725,3.6005144,1,,100.0,False,SAHA,2715
C09_B02_RT_763,10474,463.0,0.0,0.0,729.639275766017,SAHA_50_BE02,SAHA,50,BE02,alveolar basal epithelial cells,A549,True,lung adenocarcinoma,cell_line,human,drug,4399,6.3204126,2.3200305,1,,50.0,False,SAHA,4399
H04_B02_RT_586,6222,35.0,0.0,0.0,26.7095435684647,SAHA_100_E09,SAHA,100,E09,alveolar basal epithelial cells,A549,True,lung adenocarcinoma,cell_line,human,drug,3009,4.2751527,1.8000643,1,,100.0,False,SAHA,3009
B10_A01_RT_491,3548,210.0,0.0,0.0,202.333333333333,SAHA_100_E09,SAHA,100,E09,alveolar basal epithelial cells,A549,True,lung adenocarcinoma,cell_line,human,drug,2264,3.0439684,1.7756482,1,,100.0,False,SAHA,2264
A07_B02_RT_722,8801,171.0,0.0,0.0,128.904229848364,SAHA_10_AE11,SAHA,10,AE11,alveolar basal epithelial cells,A549,True,lung adenocarcinoma,cell_line,human,drug,3759,3.624588,1.6248153,1,,10.0,False,SAHA,3759
G04_B02_RT_492,12314,40.0,4.5192243050913293e-11,1.03942159017101e-09,24.9886714727085,SAHA_10_BE11,SAHA,10,BE11,alveolar basal epithelial cells,A549,True,lung adenocarcinoma,cell_line,human,drug,4567,1.7703427,1.7216177,1,,10.0,False,SAHA,4567
F09_A01_RT_487,10953,256.0,0.0,0.0,271.133560187154,SAHA_100_BE09,SAHA,100,BE09,alveolar basal epithelial cells,A549,True,lung adenocarcinoma,cell_line,human,drug,4488,3.3050306,1.5064366,1,,100.0,False,SAHA,4488
C06_A01_RT_441,4320,178.0,0.0,0.0,2103.48936170213,SAHA_100_AF05,SAHA,100,AF05,alveolar basal epithelial cells,A549,True,lung adenocarcinoma,cell_line,human,drug,2491,2.9166667,2.0370371,1,,100.0,False,SAHA,2491
B04_B02_RT_450,4732,34.0,0.0,0.0,24.8908507223114,SAHA_50_BE02,SAHA,50,BE02,alveolar basal epithelial cells,A549,True,lung adenocarcinoma,cell_line,human,drug,2671,2.155537,0.99323756,1,,50.0,False,SAHA,2671
G06_A01_RT_490,1004,13.0,0.0091497189440696,0.137245784161045,1.86261558784676,SAHA_100_BE09,SAHA,100,BE09,alveolar basal epithelial cells,A549,True,lung adenocarcinoma,cell_line,human,drug,718,6.772908,0.2988048,1,,100.0,False,SAHA,718
A01_A01_RT_736,7772,121.0,0.0,0.0,2.32444478598325,SAHA_50_AE02,SAHA,50,AE02,alveolar basal epithelial cells,A549,True,lung adenocarcinoma,cell_line,human,drug,3750,8.106022,1.8528049,1,,50.0,False,SAHA,3750
D03_B02_RT_397,13970,202.0,0.0,0.0,2.53755610456468,SAHA_100_BE01,SAHA,100,BE01,alveolar basal epithelial cells,A549,True,lung adenocarcinoma,cell_line,human,drug,5354,5.8554044,1.7322835,1,,100.0,False,SAHA,5354
F10_A01_RT_590,6739,95.0,0.0,0.0,15.8855658198614,SAHA_100_BF05,SAHA,100,BF05,alveolar basal epithelial cells,A549,True,lung adenocarcinoma,cell_line,human,drug,3376,5.520107,1.4838997,1,,100.0,False,SAHA,3376
C10_B02_RT_447,7590,124.0,0.0,0.0,113.720090293454,SAHA_100_E09,SAHA,100,E09,alveolar basal epithelial cells,A549,True,lung adenocarcinoma,cell_line,human,drug,3596,3.1357048,2.0948617,1,,100.0,False,SAHA,3596
F09_B02_RT_509,7150,11.0,2.31882591915754e-140,5.56518220597809e-139,4.02939211756847,SAHA_100_BF05,SAHA,100,BF05,alveolar basal epithelial cells,A549,True,lung adenocarcinoma,cell_line,human,drug,3497,1.902098,4.1678324,1,,100.0,False,SAHA,3497
H07_A01_RT_489,1942,15.0,0.0,0.0,12.1199127906977,SAHA_10_AE11,SAHA,10,AE11,alveolar basal epithelial cells,A549,True,lung adenocarcinoma,cell_line,human,drug,1332,8.908342,2.1627188,1,,10.0,False,SAHA,1332
H03_A01_RT_682,8438,134.0,0.0,0.0,123.901325478645,SAHA_10_BF07,SAHA,10,BF07,alveolar basal epithelial cells,A549,True,lung adenocarcinoma,cell_line,human,drug,3871,3.1287036,1.0666034,1,,10.0,False,SAHA,3871
G02_B02_RT_578,1950,193.0,0.0,0.0,448.180522565321,SAHA_100_E09,SAHA,100,E09,alveolar basal epithelial cells,A549,True,lung adenocarcinoma,cell_line,human,drug,1314,4.1025643,2.3076923,1,,100.0,False,SAHA,1314
H03_A01_RT_424,1719,5.0,0.152097665473444,1.0,1.00753012048193,SAHA_100_AF05,SAHA,100,AF05,alveolar basal epithelial cells,A549,True,lung adenocarcinoma,cell_line,human,drug,1186,2.9086678,0.17452008,1,,100.0,False,SAHA,1186
G02_B02_RT_515,11706,271.0,0.0,0.0,2.53162348988953,SAHA_100_E09,SAHA,100,E09,alveolar basal epithelial cells,A549,True,lung adenocarcinoma,cell_line,human,drug,4596,6.7657614,1.6999829,1,,100.0,False,SAHA,4596
D09_A01_RT_671,2389,150.0,0.0,0.0,2.15145746579417,SAHA_100_BE01,SAHA,100,BE01,alveolar basal epithelial cells,A549,True,lung adenocarcinoma,cell_line,human,drug,1605,3.223106,2.2185016,1,,100.0,False,SAHA,1605
H05_B02_RT_521,8386,144.0,0.0,0.0,81.0907780979827,SAHA_100_BE09,SAHA,100,BE09,alveolar basal epithelial cells,A549,True,lung adenocarcinoma,cell_line,human,drug,3830,3.4700692,1.9198664,1,,100.0,False,SAHA,3830
H03_B02_RT_457,6540,197.0,0.0,0.0,320.653558052434,SAHA_100_BE09,SAHA,100,BE09,alveolar basal epithelial cells,A549,True,lung adenocarcinoma,cell_line,human,drug,3507,3.0428135,1.4678899,1,,100.0,False,SAHA,3507
C11_B02_RT_502,1405,7.0,0.0791801769334385,0.586254310381241,1.79431279620853,SAHA_50_BE02,SAHA,50,BE02,alveolar basal epithelial cells,A549,True,lung adenocarcinoma,cell_line,human,drug,998,4.1992884,0.42704627,1,,50.0,False,SAHA,998
G12_B02_RT_757,2214,311.0,0.0,0.0,15.9798711114647,SAHA_50_BF06,SAHA,50,BF06,alveolar basal epithelial cells,A549,True,lung adenocarcinoma,cell_line,human,drug,1331,4.923216,3.3423667,1,,50.0,False,SAHA,1331
E07_A01_RT_633,12037,175.0,0.0,0.0,12.3156356551388,SAHA_100_BF05,SAHA,100,BF05,alveolar basal epithelial cells,A549,True,lung adenocarcinoma,cell_line,human,drug,4992,7.6680236,1.6033895,1,,100.0,False,SAHA,4992
B10_B02_RT_630,1779,5.0,0.740000845231738,1.0,1.02164502164502,SAHA_100_AE01,SAHA,100,AE01,alveolar basal epithelial cells,A549,True,lung adenocarcinoma,cell_line,human,drug,1212,3.5413153,0.11242271,1,,100.0,False,SAHA,1212
D07_A01_RT_689,1875,881.0,0.0,0.0,28.0557494329087,SAHA_50_AE10,SAHA,50,AE10,alveolar basal epithelial cells,A549,True,lung adenocarcinoma,cell_line,human,drug,1263,7.2,3.1466668,1,,50.0,False,SAHA,1263
B03_A01_RT_597,2727,47.0,7.61356874627373e-23,1.2943066868665301e-21,45.6897196261682,SAHA_10_BF07,SAHA,10,BF07,alveolar basal epithelial cells,A549,True,lung adenocarcinoma,cell_line,human,drug,1699,2.3835716,1.7968464,1,,10.0,False,SAHA,1699
C12_B02_RT_660,5474,168.0,0.0,0.0,155.160563380282,SAHA_10_AE11,SAHA,10,AE11,alveolar basal epithelial cells,A549,True,lung adenocarcinoma,cell_line,human,drug,2658,3.927658,2.2469857,1,,10.0,False,SAHA,2658
A09_B02_RT_401,7472,127.0,0.0,0.0,156.827102803738,SAHA_50_BF06,SAHA,50,BF06,alveolar basal epithelial cells,A549,True,lung adenocarcinoma,cell_line,human,drug,3671,4.322805,1.9138116,1,,50.0,False,SAHA,3671
D03_B02_RT_670,3622,168.0,0.0,0.0,inf,SAHA_100_BE01,SAHA,100,BE01,alveolar basal epithelial cells,A549,True,lung adenocarcinoma,cell_line,human,drug,2125,1.6841524,1.8221977,1,,100.0,False,SAHA,2125
C06_A01_RT_436,6015,30.0,0.0,0.0,inf,SAHA_50_AE02,SAHA,50,AE02,alveolar basal epithelial cells,A549,True,lung adenocarcinoma,cell_line,human,drug,3277,1.9285121,2.2111387,1,,50.0,False,SAHA,3277
E01_A01_RT_658,7756,96.0,0.0,0.0,29.0493033226152,SAHA_50_BE10,SAHA,50,BE10,alveolar basal epithelial cells,A549,True,lung adenocarcinoma,cell_line,human,drug,4043,1.740588,1.4182569,1,,50.0,False,SAHA,4043
H04_A01_RT_676,11902,319.0,0.0,0.0,309.085889570552,SAHA_50_BE10,SAHA,50,BE10,alveolar basal epithelial cells,A549,True,lung adenocarcinoma,cell_line,human,drug,4790,6.990422,1.159469,1,,50.0,False,SAHA,4790
F04_A01_RT_475,11445,26.0,0.0706104175088662,0.423662505053197,17.5443349753695,SAHA_10_BE11,SAHA,10,BE11,alveolar basal epithelial cells,A549,True,lung adenocarcinoma,cell_line,human,drug,4651,4.351245,1.6513761,1,,10.0,False,SAHA,4651
F02_A01_RT_618,7528,104.0,0.0,0.0,95.5622119815668,SAHA_50_BF06,SAHA,50,BF06,alveolar basal epithelial cells,A549,True,lung adenocarcinoma,cell_line,human,drug,3587,2.8825717,1.5276302,1,,50.0,False,SAHA,3587
C04_A01_RT_651,1943,3.0,1.57387286183341e-10,2.36080929275011e-09,1.01279317697228,SAHA_10_AE03,SAHA,10,AE03,alveolar basal epithelial cells,A549,True,lung adenocarcinoma,cell_line,human,drug,1235,12.197633,1.2866701,1,,10.0,False,SAHA,1235
A03_B02_RT_631,3229,181.0,0.0,0.0,2.83940645444245,SAHA_50_AE02,SAHA,50,AE02,alveolar basal epithelial cells,A549,True,lung adenocarcinoma,cell_line,human,drug,1885,6.9371324,1.3316816,1,,50.0,False,SAHA,1885
C06_B02_RT_397,1838,8.0,0.917926580254414,1.0,1.01037613488975,SAHA_50_AE02,SAHA,50,AE02,alveolar basal epithelial cells,A549,True,lung adenocarcinoma,cell_line,human,drug,1212,4.4069643,0.27203482,1,,50.0,False,SAHA,1212
D09_B02_RT_497,1454,6.0,1.23301403842616e-07,6.16507019213078e-07,1.01376146788991,SAHA_10_AE11,SAHA,10,AE11,alveolar basal epithelial cells,A549,True,lung adenocarcinoma,cell_line,human,drug,1022,2.5447042,0.27510315,1,,10.0,False,SAHA,1022
B11_A01_RT_624,1019,3.0,0.0164886651411307,0.164886651411307,1.00793650793651,SAHA_100_E09,SAHA,100,E09,alveolar basal epithelial cells,A549,True,lung adenocarcinoma,cell_line,human,drug,729,4.51423,0.09813543,1,,100.0,False,SAHA,729
B05_A01_RT_719,8614,115.0,3.82271526278457e-29,6.88088747301223e-28,134.478184991274,SAHA_10_AF07,SAHA,10,AF07,alveolar basal epithelial cells,A549,True,lung adenocarcinoma,cell_line,human,drug,4001,5.293708,1.369863,1,,10.0,False,SAHA,4001
C09_A01_RT_520,13687,159.0,0.0,0.0,23.5753012048193,SAHA_10_AE11,SAHA,10,AE11,alveolar basal epithelial cells,A549,True,lung adenocarcinoma,cell_line,human,drug,5057,3.7992256,1.8557756,1,,10.0,False,SAHA,5057
G12_B02_RT_708,6804,216.0,0.0,0.0,263.887468030691,SAHA_100_BE09,SAHA,100,BE09,alveolar basal epithelial cells,A549,True,lung adenocarcinoma,cell_line,human,drug,3343,4.850088,2.3956497,1,,100.0,False,SAHA,3343
D05_B02_RT_711,1273,2.0,1.0,1.0,1.22133599202393,SAHA_100_AE01,SAHA,100,AE01,alveolar basal epithelial cells,A549,True,lung adenocarcinoma,cell_line,human,drug,890,7.619796,0.39277297,1,,100.0,False,SAHA,890
A06_B02_RT_745,4363,191.0,0.0,0.0,179.638146167558,SAHA_50_AE10,SAHA,50,AE10,alveolar basal epithelial cells,A549,True,lung adenocarcinoma,cell_line,human,drug,2379,4.675682,1.5356406,1,,50.0,False,SAHA,2379
E07_A01_RT_617,1480,1.0,0.0035816672057341,0.0358166720573414,inf,SAHA_10_BF07,SAHA,10,BF07,alveolar basal epithelial cells,A549,True,lung adenocarcinoma,cell_line,human,drug,945,13.581081,0.33783785,1,,10.0,False,SAHA,945
F11_A01_RT_468,14254,238.0,0.0,0.0,141.110028116214,SAHA_10_AE11,SAHA,10,AE11,alveolar basal epithelial cells,A549,True,lung adenocarcinoma,cell_line,human,drug,5261,5.0021048,1.7047846,1,,10.0,False,SAHA,5261
H04_A01_RT_669,5250,138.0,0.0,0.0,134.412576687117,SAHA_100_BE09,SAHA,100,BE09,alveolar basal epithelial cells,A549,True,lung adenocarcinoma,cell_line,human,drug,2826,2.7238095,1.1809524,1,,100.0,False,SAHA,2826
F01_B02_RT_691,6959,142.0,0.0,0.0,130.334894613583,SAHA_50_AF06,SAHA,50,AF06,alveolar basal epithelial cells,A549,True,lung adenocarcinoma,cell_line,human,drug,3440,3.3625522,1.9686737,1,,50.0,False,SAHA,3440
D04_B02_RT_752,10816,243.0,0.0,0.0,236.57,SAHA_50_AE02,SAHA,50,AE02,alveolar basal epithelial cells,A549,True,lung adenocarcinoma,cell_line,human,drug,4651,6.41642,1.3775887,1,,50.0,False,SAHA,4651
A05_B02_RT_522,5327,115.0,2.94585297120204e-08,5.00795005104347e-07,105.0,SAHA_100_BF05,SAHA,100,BF05,alveolar basal epithelial cells,A549,True,lung adenocarcinoma,cell_line,human,drug,2915,3.735686,1.3891497,1,,100.0,False,SAHA,2915
A11_A01_RT_424,11082,228.0,0.0,0.0,108.879310344828,SAHA_50_AE10,SAHA,50,AE10,alveolar basal epithelial cells,A549,True,lung adenocarcinoma,cell_line,human,drug,4877,3.4741023,2.3010287,1,,50.0,False,SAHA,4877
E06_A01_RT_394,5245,120.0,0.0,0.0,116.958534233365,SAHA_100_AF05,SAHA,100,AF05,alveolar basal epithelial cells,A549,True,lung adenocarcinoma,cell_line,human,drug,3094,4.2135367,1.105815,1,,100.0,False,SAHA,3094
F07_B02_RT_707,22078,455.0,0.0,0.0,1.57607978294346,SAHA_50_AE10,SAHA,50,AE10,alveolar basal epithelial cells,A549,True,lung adenocarcinoma,cell_line,human,drug,6851,5.9335084,1.6758764,1,,50.0,False,SAHA,6851
E08_A01_RT_484,8130,91.0,0.0,0.0,110.623655913978,SAHA_50_BE10,SAHA,50,BE10,alveolar basal epithelial cells,A549,True,lung adenocarcinoma,cell_line,human,drug,3810,11.057811,1.8450185,1,,50.0,False,SAHA,3810
E02_B02_RT_722,5114,52.0,0.0,0.0,45.9118644067797,SAHA_10_AE11,SAHA,10,AE11,alveolar basal epithelial cells,A549,True,lung adenocarcinoma,cell_line,human,drug,2670,5.240516,1.8576456,1,,10.0,False,SAHA,2670
F11_B02_RT_730,8121,311.0,0.0,0.0,4.93087538534748,SAHA_50_AE02,SAHA,50,AE02,alveolar basal epithelial cells,A549,True,lung adenocarcinoma,cell_line,human,drug,3855,5.762837,1.8347495,1,,50.0,False,SAHA,3855
G07_B02_RT_572,1255,1.0,3.20815634337218e-11,6.41631268674435e-10,inf,SAHA_50_AE02,SAHA,50,AE02,alveolar basal epithelial cells,A549,True,lung adenocarcinoma,cell_line,human,drug,884,5.1792827,0.23904383,1,,50.0,False,SAHA,884
H08_B02_RT_766,3771,11.0,1.81359781276763e-12,2.53903693787468e-11,5.09090909090909,SAHA_10_BE11,SAHA,10,BE11,alveolar basal epithelial cells,A549,True,lung adenocarcinoma,cell_line,human,drug,2099,4.163352,2.4927075,1,,10.0,False,SAHA,2099
C11_B02_RT_635,1938,9.0,0.0248279491422867,0.22345154228058,1.00863723608445,SAHA_10_BE03,SAHA,10,BE03,alveolar basal epithelial cells,A549,True,lung adenocarcinoma,cell_line,human,drug,1293,3.1991744,0.3611971,1,,10.0,False,SAHA,1293
E10_B02_RT_388,13757,197.0,0.0,0.0,2.13759597564204,SAHA_50_AF06,SAHA,50,AF06,alveolar basal epithelial cells,A549,True,lung adenocarcinoma,cell_line,human,drug,5400,3.794432,2.1007488,1,,50.0,False,SAHA,5400
E10_A01_RT_391,1630,48.0,1.0,1.0,inf,SAHA_10_AE11,SAHA,10,AE11,alveolar basal epithelial cells,A549,True,lung adenocarcinoma,cell_line,human,drug,1067,4.5398774,2.6380367,1,,10.0,False,SAHA,1067
G03_A01_RT_617,3549,9.0,0.815134565166097,1.0,1.99181818181818,SAHA_50_BF06,SAHA,50,BF06,alveolar basal epithelial cells,A549,True,lung adenocarcinoma,cell_line,human,drug,1876,10.17188,0.25359255,1,,50.0,False,SAHA,1876
G11_B02_RT_766,8103,435.0,0.0,0.0,2.81647158502526,SAHA_50_BE02,SAHA,50,BE02,alveolar basal epithelial cells,A549,True,lung adenocarcinoma,cell_line,human,drug,3846,5.01049,2.2707639,1,,50.0,False,SAHA,3846
E03_B02_RT_600,7679,154.0,0.0,0.0,1.57019468055936,SAHA_50_BF06,SAHA,50,BF06,alveolar basal epithelial cells,A549,True,lung adenocarcinoma,cell_line,human,drug,3656,6.524287,2.21383,1,,50.0,False,SAHA,3656
G01_A01_RT_754,3191,115.0,0.0,0.0,1.04767552182163,SAHA_100_BE09,SAHA,100,BE09,alveolar basal epithelial cells,A549,True,lung adenocarcinoma,cell_line,human,drug,1576,14.227515,5.139455,1,,100.0,False,SAHA,1576
C01_A01_RT_476,6459,39.0,0.0,0.0,36.4426020408163,SAHA_10_BE03,SAHA,10,BE03,alveolar basal epithelial cells,A549,True,lung adenocarcinoma,cell_line,human,drug,3250,3.003561,1.6566032,1,,10.0,False,SAHA,3250
A04_B02_RT_424,1735,3.0,7.8030162065833e-15,2.34090486197499e-13,1.00538599640934,SAHA_10_AE11,SAHA,10,AE11,alveolar basal epithelial cells,A549,True,lung adenocarcinoma,cell_line,human,drug,1161,3.3429394,0.17291066,1,,10.0,False,SAHA,1161
B08_B02_RT_625,4105,49.0,0.0,0.0,38.3732193732194,SAHA_10_BF07,SAHA,10,BF07,alveolar basal epithelial cells,A549,True,lung adenocarcinoma,cell_line,human,drug,2348,2.5578563,0.8769793,1,,10.0,False,SAHA,2348
C01_A01_RT_627,13828,98.0,0.0,0.0,3.73190586947599,SAHA_50_BE10,SAHA,50,BE10,alveolar basal epithelial cells,A549,True,lung adenocarcinoma,cell_line,human,drug,5472,9.610934,1.6922187,1,,50.0,False,SAHA,5472
A07_B02_RT_759,4983,129.0,0.0,0.0,7.70030349013657,SAHA_100_BE01,SAHA,100,BE01,alveolar basal epithelial cells,A549,True,lung adenocarcinoma,cell_line,human,drug,2616,2.9901667,2.8095524,1,,100.0,False,SAHA,2616
C03_B02_RT_597,4435,39.0,0.0,0.0,39.0162481536189,SAHA_100_BF05,SAHA,100,BF05,alveolar basal epithelial cells,A549,True,lung adenocarcinoma,cell_line,human,drug,2544,4.8703494,1.8714769,1,,100.0,False,SAHA,2544
A01_A01_RT_384,1939,,,,,,control,,,alveolar basal epithelial cells,A549,True,lung adenocarcinoma,cell_line,human,drug,1258,11.913358,1.8566271,1,,,True,control,1258
A01_A01_RT_767,2659,25.0,0.0,0.0,1.0,,control,,,alveolar basal epithelial cells,A549,True,lung adenocarcinoma,cell_line,human,drug,1623,12.3354645,1.6171494,1,,,True,control,1623
A01_B02_RT_742,1007,,,,,,control,,,alveolar basal epithelial cells,A549,True,lung adenocarcinoma,cell_line,human,drug,757,4.9652433,0.39721945,1,,,True,control,757
A02_A01_RT_743,2985,3.0,3.59222334284144e-70,5.38833501426215e-69,1.0,,control,,,alveolar basal epithelial cells,A549,True,lung adenocarcinoma,cell_line,human,drug,1649,13.96985,1.5410385,1,,,True,control,1649
A02_B02_RT_390,2494,5.0,3.17837833127983e-23,6.356756662559669e-22,1.0,,control,,,alveolar basal epithelial cells,A549,True,lung adenocarcinoma,cell_line,human,drug,1563,7.3376102,0.6415397,1,,,True,control,1563
A02_B02_RT_420,1643,2.0,1.0,1.0,1.0,,control,,,alveolar basal epithelial cells,A549,True,lung adenocarcinoma,cell_line,human,drug,1065,13.207547,0.9129641,1,,,True,control,1065
A02_B02_RT_434,3374,3.0,2.75774797641616e-06,3.86084716698262e-05,1.0,,control,,,alveolar basal epithelial cells,A549,True,lung adenocarcinoma,cell_line,human,drug,1911,7.113219,1.0966213,1,,,True,control,1911
A02_B02_RT_496,3194,4.0,0.201260008243054,1.0,1.0,,control,,,alveolar basal epithelial cells,A549,True,lung adenocarcinoma,cell_line,human,drug,1950,5.07201,0.9705698,1,,,True,control,1950
A02_B02_RT_617,1082,,,,,,control,,,alveolar basal epithelial cells,A549,True,lung adenocarcinoma,cell_line,human,drug,759,9.889094,0.4621072,1,,,True,control,759
A03_A01_RT_435,14688,121.0,0.0,0.0,1.0,,control,,,alveolar basal epithelial cells,A549,True,lung adenocarcinoma,cell_line,human,drug,5295,9.776689,1.4978213,1,,,True,control,5295
A03_A01_RT_503,1018,3.0,2.6094602087055997e-57,4.69702837567008e-56,1.0,,control,,,alveolar basal epithelial cells,A549,True,lung adenocarcinoma,cell_line,human,drug,753,3.9292731,0.39292732,1,,,True,control,753
A03_B02_RT_617,1553,,,,,,control,,,alveolar basal epithelial cells,A549,True,lung adenocarcinoma,cell_line,human,drug,1011,10.753381,0.45074052,1,,,True,control,1011
A03_B02_RT_676,1292,,,,,,control,,,alveolar basal epithelial cells,A549,True,lung adenocarcinoma,cell_line,human,drug,819,2.7089784,0.5417957,1,,,True,control,819
A03_B02_RT_691,8487,6.0,2.62546471535853e-10,4.4632900161095e-09,1.0,,control,,,alveolar basal epithelial cells,A549,True,lung adenocarcinoma,cell_line,human,drug,3286,19.523977,3.3462944,1,,,True,control,3286
A03_B02_RT_711,1634,3.0,0.0287491807974365,0.258742627176929,1.0,,control,,,alveolar basal epithelial cells,A549,True,lung adenocarcinoma,cell_line,human,drug,1105,7.099143,0.36719707,1,,,True,control,1105
A04_A01_RT_488,7343,6.0,0.841069650992145,1.0,1.0,,control,,,alveolar basal epithelial cells,A549,True,lung adenocarcinoma,cell_line,human,drug,3283,12.705978,1.6478279,1,,,True,control,3283
A04_B02_RT_710,2005,3.0,7.28475913254115e-34,2.40397051373858e-32,1.0,,control,,,alveolar basal epithelial cells,A549,True,lung adenocarcinoma,cell_line,human,drug,1247,5.685786,0.4488778,1,,,True,control,1247
A05_A01_RT_661,3052,8.0,1.11209295064489e-26,1.11209295064489e-25,1.0,,control,,,alveolar basal epithelial cells,A549,True,lung adenocarcinoma,cell_line,human,drug,1832,5.7667103,1.474443,1,,,True,control,1832
A05_B02_RT_455,1463,,,,,,control,,,alveolar basal epithelial cells,A549,True,lung adenocarcinoma,cell_line,human,drug,982,3.622693,0.3417635,1,,,True,control,982
A05_B02_RT_484,1255,4.0,0.961273774731012,1.0,1.0,,control,,,alveolar basal epithelial cells,A549,True,lung adenocarcinoma,cell_line,human,drug,847,5.9760957,0.47808766,1,,,True,control,847
A05_B02_RT_572,1416,5.0,3.76058324400958e-07,6.01693319041533e-06,1.0,,control,,,alveolar basal epithelial cells,A549,True,lung adenocarcinoma,cell_line,human,drug,957,4.519774,0.21186441,1,,,True,control,957
A05_B02_RT_617,1696,,,,,,control,,,alveolar basal epithelial cells,A549,True,lung adenocarcinoma,cell_line,human,drug,1106,8.549528,0.4716981,1,,,True,control,1106
A05_B02_RT_623,1168,7.0,0.922895515258444,1.0,1.0,,control,,,alveolar basal epithelial cells,A549,True,lung adenocarcinoma,cell_line,human,drug,826,3.2534246,0.08561644,1,,,True,control,826
A05_B02_RT_725,4493,4.0,5.2717086517052e-59,1.47607842247746e-57,1.0,,control,,,alveolar basal epithelial cells,A549,True,lung adenocarcinoma,cell_line,human,drug,2257,9.214334,2.1144001,1,,,True,control,2257
A06_A01_RT_400,1418,7.0,2.3864502140324004e-10,3.34103029964535e-09,1.0,,control,,,alveolar basal epithelial cells,A549,True,lung adenocarcinoma,cell_line,human,drug,947,5.7827926,0.21156558,1,,,True,control,947
A06_A01_RT_455,3672,11.0,2.14271867712185e-21,4.49970922195589e-20,1.0,,control,,,alveolar basal epithelial cells,A549,True,lung adenocarcinoma,cell_line,human,drug,2076,5.7734203,1.1982571,1,,,True,control,2076
A06_B02_RT_402,1825,6.0,5.42207468433051e-37,9.75973443179492e-36,1.0,,control,,,alveolar basal epithelial cells,A549,True,lung adenocarcinoma,cell_line,human,drug,1181,4.0547943,0.7123288,1,,,True,control,1181
A06_B02_RT_444,1022,3.0,7.71778324334767e-93,2.0066236432704e-91,1.0,,control,,,alveolar basal epithelial cells,A549,True,lung adenocarcinoma,cell_line,human,drug,758,2.8375733,0.4892368,1,,,True,control,758
A06_B02_RT_502,1235,2.0,0.0001133201135798,0.001133201135798,1.0,,control,,,alveolar basal epithelial cells,A549,True,lung adenocarcinoma,cell_line,human,drug,867,5.3441296,0.24291497,1,,,True,control,867
A07_A01_RT_638,2955,10.0,5.27313824487935e-10,2.6365691224396802e-09,1.0,,control,,,alveolar basal epithelial cells,A549,True,lung adenocarcinoma,cell_line,human,drug,1751,5.4145517,2.4365482,1,,,True,control,1751
A07_A01_RT_711,1150,4.0,1.0188569685002898e-40,1.12074266535032e-39,1.0,,control,,,alveolar basal epithelial cells,A549,True,lung adenocarcinoma,cell_line,human,drug,804,7.3913045,0.17391305,1,,,True,control,804
A07_B02_RT_400,2241,9.0,3.22039580981075e-09,5.1526332956972e-08,1.0,,control,,,alveolar basal epithelial cells,A549,True,lung adenocarcinoma,cell_line,human,drug,1369,3.8821955,0.4908523,1,,,True,control,1369
A07_B02_RT_455,1222,2.0,0.0025800726317323,0.0258007263173233,1.0,,control,,,alveolar basal epithelial cells,A549,True,lung adenocarcinoma,cell_line,human,drug,911,2.700491,0.08183306,1,,,True,control,911
A07_B02_RT_604,1537,5.0,8.07328158595421e-06,9.68793790314505e-05,1.0,,control,,,alveolar basal epithelial cells,A549,True,lung adenocarcinoma,cell_line,human,drug,1013,3.2530904,0.58555627,1,,,True,control,1013
A07_B02_RT_629,1312,6.0,1.1973233800385e-70,4.19063183013475e-69,1.0,,control,,,alveolar basal epithelial cells,A549,True,lung adenocarcinoma,cell_line,human,drug,919,2.362805,0.7621951,1,,,True,control,919
A08_A01_RT_401,2534,5.0,5.9132084941277096e-30,7.687171042366029e-29,1.0,,control,,,alveolar basal epithelial cells,A549,True,lung adenocarcinoma,cell_line,human,drug,1589,6.866614,1.4996054,1,,,True,control,1589
A08_B02_RT_400,1184,6.0,2.8088284350471e-30,3.37059412205653e-29,1.0,,control,,,alveolar basal epithelial cells,A549,True,lung adenocarcinoma,cell_line,human,drug,797,4.0540543,0.16891892,1,,,True,control,797
A08_B02_RT_402,2186,6.0,6.15528899996303e-42,9.84846239994085e-41,1.0,,control,,,alveolar basal epithelial cells,A549,True,lung adenocarcinoma,cell_line,human,drug,1355,2.790485,0.36596525,1,,,True,control,1355
A08_B02_RT_536,3155,3.0,3.36794539869993e-150,8.756658036619831e-149,1.0,,control,,,alveolar basal epithelial cells,A549,True,lung adenocarcinoma,cell_line,human,drug,1933,7.1949286,1.6164818,1,,,True,control,1933
A08_B02_RT_550,2842,,,,,,control,,,alveolar basal epithelial cells,A549,True,lung adenocarcinoma,cell_line,human,drug,1694,4.0464463,1.442646,1,,,True,control,1694
A08_B02_RT_682,3592,4.0,7.812819084017089e-78,1.71882019848376e-76,1.0,,control,,,alveolar basal epithelial cells,A549,True,lung adenocarcinoma,cell_line,human,drug,2040,7.4331846,1.5033407,1,,,True,control,2040
A08_B02_RT_744,2486,4.0,3.65449220429161e-108,8.405332069870709e-107,1.0,,control,,,alveolar basal epithelial cells,A549,True,lung adenocarcinoma,cell_line,human,drug,1526,4.625905,0.76427996,1,,,True,control,1526
A09_A01_RT_502,1014,4.0,0.0029678542940956,0.0356142515291478,1.0,,control,,,alveolar basal epithelial cells,A549,True,lung adenocarcinoma,cell_line,human,drug,739,6.213018,0.49309665,1,,,True,control,739
A09_A01_RT_635,1059,2.0,1.0,1.0,1.0,,control,,,alveolar basal epithelial cells,A549,True,lung adenocarcinoma,cell_line,human,drug,765,2.92729,0.56657225,1,,,True,control,765
A09_B02_RT_424,1511,2.0,1.1558302280046199e-48,4.04540579801616e-47,1.0,,control,,,alveolar basal epithelial cells,A549,True,lung adenocarcinoma,cell_line,human,drug,1050,2.7134347,0.46326935,1,,,True,control,1050
A09_B02_RT_484,1173,5.0,0.511338025800666,1.0,1.0,,control,,,alveolar basal epithelial cells,A549,True,lung adenocarcinoma,cell_line,human,drug,832,4.859335,0.25575447,1,,,True,control,832
A09_B02_RT_502,1150,5.0,1.09748172977156e-11,3.07294884336036e-10,1.0,,control,,,alveolar basal epithelial cells,A549,True,lung adenocarcinoma,cell_line,human,drug,828,5.3913045,0.17391305,1,,,True,control,828
A09_B02_RT_575,1020,4.0,7.04320327015778e-18,2.04252894834576e-16,1.0,,control,,,alveolar basal epithelial cells,A549,True,lung adenocarcinoma,cell_line,human,drug,738,4.607843,0.98039216,1,,,True,control,738
A09_B02_RT_604,1143,2.0,1.1558302280046199e-48,4.04540579801616e-47,1.0,,control,,,alveolar basal epithelial cells,A549,True,lung adenocarcinoma,cell_line,human,drug,814,2.887139,0.34995624,1,,,True,control,814
A09_B02_RT_630,1170,2.0,0.999999453274775,1.0,1.0,,control,,,alveolar basal epithelial cells,A549,True,lung adenocarcinoma,cell_line,human,drug,832,3.7606838,0.34188035,1,,,True,control,832
A10_A01_RT_644,1583,6.0,5.88942140074813e-10,2.9447107003740602e-09,1.0,,control,,,alveolar basal epithelial cells,A549,True,lung adenocarcinoma,cell_line,human,drug,1042,14.150348,1.4529375,1,,,True,control,1042
A10_B02_RT_505,1740,3.0,3.77314437915862e-18,9.43286094789656e-17,1.0,,control,,,alveolar basal epithelial cells,A549,True,lung adenocarcinoma,cell_line,human,drug,1190,3.1034484,1.2643678,1,,,True,control,1190
A10_B02_RT_618,3929,7.0,9.703655770727939e-11,2.1348042695601503e-09,1.0,,control,,,alveolar basal epithelial cells,A549,True,lung adenocarcinoma,cell_line,human,drug,2189,5.7521,0.9417155,1,,,True,control,2189
A10_B02_RT_711,1656,4.0,0.999999898177043,1.0,1.0,,control,,,alveolar basal epithelial cells,A549,True,lung adenocarcinoma,cell_line,human,drug,1115,6.3405795,0.42270532,1,,,True,control,1115
A11_A01_RT_711,1137,,,,,,control,,,alveolar basal epithelial cells,A549,True,lung adenocarcinoma,cell_line,human,drug,813,8.003518,0.08795075,1,,,True,control,813
A11_B02_RT_428,1004,5.0,0.585502710586638,1.0,1.0,,control,,,alveolar basal epithelial cells,A549,True,lung adenocarcinoma,cell_line,human,drug,740,4.482072,0.5976096,1,,,True,control,740
A11_B02_RT_485,1452,,,,,,control,,,alveolar basal epithelial cells,A549,True,lung adenocarcinoma,cell_line,human,drug,982,2.6859505,0.41322315,1,,,True,control,982
A11_B02_RT_533,1191,4.0,0.0379652942706118,0.6454100026004,1.0,,control,,,alveolar basal epithelial cells,A549,True,lung adenocarcinoma,cell_line,human,drug,809,8.900084,0.33585224,1,,,True,control,809
A12_A01_RT_424,1038,,,,,,control,,,alveolar basal epithelial cells,A549,True,lung adenocarcinoma,cell_line,human,drug,778,3.1791906,0.48169556,1,,,True,control,778
A12_B02_RT_463,1115,7.0,1.58873429601222e-09,6.03719032484644e-08,1.0,,control,,,alveolar basal epithelial cells,A549,True,lung adenocarcinoma,cell_line,human,drug,794,6.8161435,0.2690583,1,,,True,control,794
A12_B02_RT_464,1067,8.0,0.979641003296392,1.0,1.0,,control,,,alveolar basal epithelial cells,A549,True,lung adenocarcinoma,cell_line,human,drug,793,3.842549,0.09372071,1,,,True,control,793
A12_B02_RT_484,1023,4.0,1.88671274729495e-48,7.735522263909281e-47,1.0,,control,,,alveolar basal epithelial cells,A549,True,lung adenocarcinoma,cell_line,human,drug,739,5.083089,0.39100686,1,,,True,control,739
A12_B02_RT_676,1148,6.0,1.5073988535958702e-15,6.0295954143835e-14,1.0,,control,,,alveolar basal epithelial cells,A549,True,lung adenocarcinoma,cell_line,human,drug,734,2.3519163,0.34843206,1,,,True,control,734
B01_A01_RT_579,2696,7.0,0.0065106907383286,0.0781282888599443,1.0,,control,,,alveolar basal epithelial cells,A549,True,lung adenocarcinoma,cell_line,human,drug,1621,8.902077,1.0756676,1,,,True,control,1621
B01_A01_RT_711,1115,,,,,,control,,,alveolar basal epithelial cells,A549,True,lung adenocarcinoma,cell_line,human,drug,786,6.9058294,0.17937219,1,,,True,control,786
B01_B02_RT_402,1893,4.0,2.84482897650988e-09,5.12069215771779e-08,1.0,,control,,,alveolar basal epithelial cells,A549,True,lung adenocarcinoma,cell_line,human,drug,1198,3.909139,0.58108824,1,,,True,control,1198
B01_B02_RT_619,1350,6.0,0.613264835610653,1.0,1.0,,control,,,alveolar basal epithelial cells,A549,True,lung adenocarcinoma,cell_line,human,drug,955,6.148148,0.074074075,1,,,True,control,955
B02_B02_RT_552,1260,3.0,0.083100589018013,0.83100589018013,1.0,,control,,,alveolar basal epithelial cells,A549,True,lung adenocarcinoma,cell_line,human,drug,897,10.079365,1.1111112,1,,,True,control,897
B02_B02_RT_735,2030,3.0,2.76794914475384e-84,5.25910337503229e-83,1.0,,control,,,alveolar basal epithelial cells,A549,True,lung adenocarcinoma,cell_line,human,drug,1312,2.364532,1.9704434,1,,,True,control,1312
B03_B02_RT_497,1273,4.0,0.99622332968625,1.0,1.0,,control,,,alveolar basal epithelial cells,A549,True,lung adenocarcinoma,cell_line,human,drug,929,2.513747,0.31421837,1,,,True,control,929
B03_B02_RT_502,1247,,,,,,control,,,alveolar basal epithelial cells,A549,True,lung adenocarcinoma,cell_line,human,drug,892,4.5709705,0.56134725,1,,,True,control,892
B03_B02_RT_503,1675,7.0,0.0001167474995999,0.0015177174947988,1.0,,control,,,alveolar basal epithelial cells,A549,True,lung adenocarcinoma,cell_line,human,drug,1176,2.9850745,0.23880596,1,,,True,control,1176
B03_B02_RT_729,1067,3.0,2.56497552335296e-39,5.64294615137651e-38,1.0,,control,,,alveolar basal epithelial cells,A549,True,lung adenocarcinoma,cell_line,human,drug,771,4.217432,0.5623243,1,,,True,control,771
B04_A01_RT_424,1099,3.0,1.20841859579695e-20,2.2959953320141997e-19,1.0,,control,,,alveolar basal epithelial cells,A549,True,lung adenocarcinoma,cell_line,human,drug,794,3.821656,0.18198362,1,,,True,control,794
B04_A01_RT_635,1262,5.0,2.3583623111770202e-15,3.7733796978832305e-14,1.0,,control,,,alveolar basal epithelial cells,A549,True,lung adenocarcinoma,cell_line,human,drug,922,2.6941364,0.3961965,1,,,True,control,922
B04_B02_RT_402,1622,6.0,1.71234529912978e-34,2.91098700852062e-33,1.0,,control,,,alveolar basal epithelial cells,A549,True,lung adenocarcinoma,cell_line,human,drug,1085,2.3427868,0.55487055,1,,,True,control,1085
B04_B02_RT_432,1233,8.0,2.7247612731793504e-35,4.90457029172284e-34,1.0,,control,,,alveolar basal epithelial cells,A549,True,lung adenocarcinoma,cell_line,human,drug,862,6.326034,0.32441202,1,,,True,control,862
B04_B02_RT_676,1227,5.0,5.51310579335569e-55,1.1577522166047e-53,1.0,,control,,,alveolar basal epithelial cells,A549,True,lung adenocarcinoma,cell_line,human,drug,764,1.7114915,0.65199673,1,,,True,control,764
B05_A01_RT_400,1604,7.0,8.289977278589651e-17,1.07769704621665e-15,1.0,,control,,,alveolar basal epithelial cells,A549,True,lung adenocarcinoma,cell_line,human,drug,1017,4.1770573,0.3117207,1,,,True,control,1017
B05_B02_RT_604,1324,7.0,4.90918134491047e-06,5.89101761389257e-05,1.0,,control,,,alveolar basal epithelial cells,A549,True,lung adenocarcinoma,cell_line,human,drug,928,3.1722054,0.5287009,1,,,True,control,928
B05_B02_RT_729,1110,,,,,,control,,,alveolar basal epithelial cells,A549,True,lung adenocarcinoma,cell_line,human,drug,812,5.4054055,0.27027026,1,,,True,control,812
B06_B02_RT_617,1339,,,,,,control,,,alveolar basal epithelial cells,A549,True,lung adenocarcinoma,cell_line,human,drug,947,8.961912,0.4480956,1,,,True,control,947
B06_B02_RT_636,1681,4.0,0.0102331678045599,0.092098510241039,1.0,,control,,,alveolar basal epithelial cells,A549,True,lung adenocarcinoma,cell_line,human,drug,1080,11.005354,1.3087448,1,,,True,control,1080
B07_A01_RT_397,1071,7.0,0.0043475509689016,0.0130426529067049,1.0,,control,,,alveolar basal epithelial cells,A549,True,lung adenocarcinoma,cell_line,human,drug,762,5.602241,0.74696547,1,,,True,control,762
B07_A01_RT_402,1223,3.0,1.37860621570068e-84,2.3436305666911597e-83,1.0,,control,,,alveolar basal epithelial cells,A549,True,lung adenocarcinoma,cell_line,human,drug,871,4.0883074,0.6541292,1,,,True,control,871
B07_B02_RT_393,1037,3.0,1.79659756972619e-100,6.28809149404166e-99,1.0,,control,,,alveolar basal epithelial cells,A549,True,lung adenocarcinoma,cell_line,human,drug,736,7.135969,0.5785921,1,,,True,control,736
B07_B02_RT_396,1319,9.0,1.71974382401911e-17,4.12738517764587e-16,1.0,,control,,,alveolar basal epithelial cells,A549,True,lung adenocarcinoma,cell_line,human,drug,944,4.5489006,0.45489007,1,,,True,control,944
B07_B02_RT_464,1003,3.0,0.511983659653495,1.0,1.0,,control,,,alveolar basal epithelial cells,A549,True,lung adenocarcinoma,cell_line,human,drug,762,3.5892322,0.1994018,1,,,True,control,762
B07_B02_RT_489,1106,,,,,,control,,,alveolar basal epithelial cells,A549,True,lung adenocarcinoma,cell_line,human,drug,794,10.84991,0.6329114,1,,,True,control,794
B07_B02_RT_502,1120,7.0,0.0034220820361809,0.0410649844341717,1.0,,control,,,alveolar basal epithelial cells,A549,True,lung adenocarcinoma,cell_line,human,drug,828,4.375,0.08928572,1,,,True,control,828
B07_B02_RT_617,1773,5.0,0.0022523199951157,0.0337847999267357,1.0,,control,,,alveolar basal epithelial cells,A549,True,lung adenocarcinoma,cell_line,human,drug,1179,8.742245,0.62041736,1,,,True,control,1179
B07_B02_RT_624,1266,6.0,2.2232187946348e-36,7.114300142831351e-35,1.0,,control,,,alveolar basal epithelial cells,A549,True,lung adenocarcinoma,cell_line,human,drug,895,4.028436,0.5529226,1,,,True,control,895
B08_A01_RT_476,12111,6.0,7.27715472356083e-66,1.23711630300534e-64,1.0,,control,,,alveolar basal epithelial cells,A549,True,lung adenocarcinoma,cell_line,human,drug,4658,3.8972836,1.6679052,1,,,True,control,4658
B08_B02_RT_455,1076,5.0,3.7270855405519e-06,5.59062831082785e-05,1.0,,control,,,alveolar basal epithelial cells,A549,True,lung adenocarcinoma,cell_line,human,drug,777,4.182156,0.2788104,1,,,True,control,777
B08_B02_RT_626,1753,,,,,,control,,,alveolar basal epithelial cells,A549,True,lung adenocarcinoma,cell_line,human,drug,1093,7.3017683,5.6474614,1,,,True,control,1093
B08_B02_RT_651,3614,8.0,1.11539220691506e-22,3.01155895867067e-21,1.0,,control,,,alveolar basal epithelial cells,A549,True,lung adenocarcinoma,cell_line,human,drug,2168,7.581627,1.9092418,1,,,True,control,2168
B08_B02_RT_752,1015,4.0,0.930513994660999,1.0,1.0,,control,,,alveolar basal epithelial cells,A549,True,lung adenocarcinoma,cell_line,human,drug,761,4.137931,0.49261084,1,,,True,control,761
B09_B02_RT_395,4618,4.0,4.19336647420031e-68,9.64474289066072e-67,1.0,,control,,,alveolar basal epithelial cells,A549,True,lung adenocarcinoma,cell_line,human,drug,2248,10.805544,2.0355132,1,,,True,control,2248
B09_B02_RT_604,1270,4.0,0.999993726311384,1.0,1.0,,control,,,alveolar basal epithelial cells,A549,True,lung adenocarcinoma,cell_line,human,drug,896,2.2047243,0.39370078,1,,,True,control,896
B09_B02_RT_746,1148,3.0,0.342365942486277,1.0,1.0,,control,,,alveolar basal epithelial cells,A549,True,lung adenocarcinoma,cell_line,human,drug,834,2.4390244,0.5226481,1,,,True,control,834
B10_B02_RT_396,1311,14.0,0.927433070385484,1.0,1.0,,control,,,alveolar basal epithelial cells,A549,True,lung adenocarcinoma,cell_line,human,drug,926,4.0427155,0.9153318,1,,,True,control,926
B10_B02_RT_438,1048,7.0,1.31248735218283e-20,5.774944349604441e-19,1.0,,control,,,alveolar basal epithelial cells,A549,True,lung adenocarcinoma,cell_line,human,drug,752,6.20229,0.3816794,1,,,True,control,752
B10_B02_RT_681,1546,8.0,0.0797880504430473,1.0,1.0,,control,,,alveolar basal epithelial cells,A549,True,lung adenocarcinoma,cell_line,human,drug,989,14.683053,1.164295,1,,,True,control,989
B11_A01_RT_432,1045,6.0,0.0480640720033383,0.336448504023368,1.0,,control,,,alveolar basal epithelial cells,A549,True,lung adenocarcinoma,cell_line,human,drug,760,6.4114833,0.6698565,1,,,True,control,760
B11_A01_RT_503,1879,7.0,4.0573093321063e-11,5.68023306494881e-10,1.0,,control,,,alveolar basal epithelial cells,A549,True,lung adenocarcinoma,cell_line,human,drug,1264,4.151144,0.3725386,1,,,True,control,1264
B11_A01_RT_658,1092,4.0,2.7757725588210303e-31,4.441236094113639e-30,1.0,,control,,,alveolar basal epithelial cells,A549,True,lung adenocarcinoma,cell_line,human,drug,805,4.7619047,0.36630037,1,,,True,control,805
B11_B02_RT_446,1046,8.0,3.87899378389016e-11,1.2800679486837502e-09,1.0,,control,,,alveolar basal epithelial cells,A549,True,lung adenocarcinoma,cell_line,human,drug,750,5.1625237,0.57361376,1,,,True,control,750
B11_B02_RT_565,1068,9.0,0.0003651730443621,0.0087641530646924,1.0,,control,,,alveolar basal epithelial cells,A549,True,lung adenocarcinoma,cell_line,human,drug,772,4.962547,0.28089887,1,,,True,control,772
B11_B02_RT_572,1346,4.0,0.83640433296242,1.0,1.0,,control,,,alveolar basal epithelial cells,A549,True,lung adenocarcinoma,cell_line,human,drug,980,4.457652,0.5943536,1,,,True,control,980
B11_B02_RT_667,1046,,,,,,control,,,alveolar basal epithelial cells,A549,True,lung adenocarcinoma,cell_line,human,drug,754,3.6328871,0.28680688,1,,,True,control,754
B11_B02_RT_676,1402,5.0,0.985430061234284,1.0,1.0,,control,,,alveolar basal epithelial cells,A549,True,lung adenocarcinoma,cell_line,human,drug,894,2.2824535,0.64194006,1,,,True,control,894
B11_B02_RT_729,1668,7.0,1.74352125482358e-11,6.27667651736489e-10,1.0,,control,,,alveolar basal epithelial cells,A549,True,lung adenocarcinoma,cell_line,human,drug,1092,5.4556355,0.5995204,1,,,True,control,1092
B11_B02_RT_746,1136,3.0,0.098904603909664,1.0,1.0,,control,,,alveolar basal epithelial cells,A549,True,lung adenocarcinoma,cell_line,human,drug,798,3.080986,0.0,1,,,True,control,798
B12_B02_RT_397,1633,8.0,6.86256623008105e-61,1.50976457061783e-59,1.0,,control,,,alveolar basal epithelial cells,A549,True,lung adenocarcinoma,cell_line,human,drug,1125,4.347826,0.36742193,1,,,True,control,1125
B12_B02_RT_432,1172,7.0,1.8654274060361e-06,1.11925644362166e-05,1.0,,control,,,alveolar basal epithelial cells,A549,True,lung adenocarcinoma,cell_line,human,drug,827,5.546075,0.34129694,1,,,True,control,827
B12_B02_RT_502,1442,7.0,2.19920859133395e-05,8.7968343653358e-05,1.0,,control,,,alveolar basal epithelial cells,A549,True,lung adenocarcinoma,cell_line,human,drug,984,6.1719832,0.2773925,1,,,True,control,984
C01_B02_RT_502,1620,5.0,2.2424947178737e-19,5.60623679468426e-18,1.0,,control,,,alveolar basal epithelial cells,A549,True,lung adenocarcinoma,cell_line,human,drug,1115,5.3703704,0.12345679,1,,,True,control,1115
C01_B02_RT_623,1116,4.0,0.986758450514688,1.0,1.0,,control,,,alveolar basal epithelial cells,A549,True,lung adenocarcinoma,cell_line,human,drug,839,4.2114697,0.6272401,1,,,True,control,839
C02_A01_RT_397,1552,4.0,0.114022756573693,1.0,1.0,,control,,,alveolar basal epithelial cells,A549,True,lung adenocarcinoma,cell_line,human,drug,1029,4.9613404,0.5798969,1,,,True,control,1029
C02_B02_RT_402,1361,4.0,2.36804044752592e-08,1.42082426851555e-07,1.0,,control,,,alveolar basal epithelial cells,A549,True,lung adenocarcinoma,cell_line,human,drug,933,3.6737692,0.29390153,1,,,True,control,933
C02_B02_RT_530,1711,4.0,1.0,1.0,1.0,,control,,,alveolar basal epithelial cells,A549,True,lung adenocarcinoma,cell_line,human,drug,1109,12.916423,1.8702513,1,,,True,control,1109
C03_A01_RT_431,1441,6.0,1.02194086077102e-14,1.53291129115653e-13,1.0,,control,,,alveolar basal epithelial cells,A549,True,lung adenocarcinoma,cell_line,human,drug,1001,4.371964,0.34698126,1,,,True,control,1001
C03_B02_RT_572,1323,8.0,2.15082649183462e-05,0.0004946900931219,1.0,,control,,,alveolar basal epithelial cells,A549,True,lung adenocarcinoma,cell_line,human,drug,926,5.5177627,0.30234316,1,,,True,control,926
C03_B02_RT_604,1759,4.0,0.0105464976745694,0.173186868879401,1.0,,control,,,alveolar basal epithelial cells,A549,True,lung adenocarcinoma,cell_line,human,drug,1179,2.103468,0.2842524,1,,,True,control,1179
C03_B02_RT_635,2109,6.0,0.0081833207840205,0.155483094896389,1.0,,control,,,alveolar basal epithelial cells,A549,True,lung adenocarcinoma,cell_line,human,drug,1346,3.0346136,0.28449503,1,,,True,control,1346
C03_B02_RT_701,1300,,,,,,control,,,alveolar basal epithelial cells,A549,True,lung adenocarcinoma,cell_line,human,drug,922,4.769231,0.46153846,1,,,True,control,922
C03_B02_RT_716,1020,,,,,,control,,,alveolar basal epithelial cells,A549,True,lung adenocarcinoma,cell_line,human,drug,757,8.137255,0.19607843,1,,,True,control,757
C04_B02_RT_432,1579,8.0,1.69687490905308e-22,5.26031221806454e-21,1.0,,control,,,alveolar basal epithelial cells,A549,True,lung adenocarcinoma,cell_line,human,drug,1063,5.129829,0.37998733,1,,,True,control,1063
C04_B02_RT_619,1428,,,,,,control,,,alveolar basal epithelial cells,A549,True,lung adenocarcinoma,cell_line,human,drug,966,7.142857,0.35014006,1,,,True,control,966
C04_B02_RT_702,1114,5.0,5.60348130433868e-38,2.01725326956193e-36,1.0,,control,,,alveolar basal epithelial cells,A549,True,lung adenocarcinoma,cell_line,human,drug,797,4.0394974,0.44883305,1,,,True,control,797
C04_B02_RT_729,1105,3.0,0.999999999983991,1.0,1.0,,control,,,alveolar basal epithelial cells,A549,True,lung adenocarcinoma,cell_line,human,drug,779,5.7013574,0.18099548,1,,,True,control,779
C05_B02_RT_425,3731,13.0,2.7492341383262997e-12,6.873085345815749e-11,1.0,,control,,,alveolar basal epithelial cells,A549,True,lung adenocarcinoma,cell_line,human,drug,2024,11.203431,2.0369873,1,,,True,control,2024
C05_B02_RT_432,2388,9.0,9.412609381373741e-15,2.54140453297091e-13,1.0,,control,,,alveolar basal epithelial cells,A549,True,lung adenocarcinoma,cell_line,human,drug,1487,5.61139,0.5443886,1,,,True,control,1487
C05_B02_RT_455,1315,6.0,2.95733745331196e-19,8.28054486927349e-18,1.0,,control,,,alveolar basal epithelial cells,A549,True,lung adenocarcinoma,cell_line,human,drug,951,5.0190115,0.45627376,1,,,True,control,951
C05_B02_RT_583,1044,,,,,,control,,,alveolar basal epithelial cells,A549,True,lung adenocarcinoma,cell_line,human,drug,815,3.4482758,0.4789272,1,,,True,control,815
C06_B02_RT_400,2145,12.0,0.54138867815296,1.0,1.0,,control,,,alveolar basal epithelial cells,A549,True,lung adenocarcinoma,cell_line,human,drug,1315,4.382284,0.6993007,1,,,True,control,1315
C07_A01_RT_617,1340,,,,,,control,,,alveolar basal epithelial cells,A549,True,lung adenocarcinoma,cell_line,human,drug,963,7.9104476,0.4477612,1,,,True,control,963
C07_B02_RT_464,1010,7.0,3.38183830982271e-22,1.21746179153617e-20,1.0,,control,,,alveolar basal epithelial cells,A549,True,lung adenocarcinoma,cell_line,human,drug,743,5.1485147,0.3960396,1,,,True,control,743
C07_B02_RT_572,1373,8.0,0.320361771842044,1.0,1.0,,control,,,alveolar basal epithelial cells,A549,True,lung adenocarcinoma,cell_line,human,drug,952,5.3168244,0.29133284,1,,,True,control,952
C07_B02_RT_575,1239,7.0,0.13729201394723,1.0,1.0,,control,,,alveolar basal epithelial cells,A549,True,lung adenocarcinoma,cell_line,human,drug,887,3.9548023,0.40355125,1,,,True,control,887
C07_B02_RT_636,1222,9.0,7.25331328192559e-12,2.1191474870820701e-10,1.0,,control,,,alveolar basal epithelial cells,A549,True,lung adenocarcinoma,cell_line,human,drug,846,4.7463174,0.24549918,1,,,True,control,846
C07_B02_RT_658,1171,5.0,1.40009004448083e-07,3.36021610675399e-06,1.0,,control,,,alveolar basal epithelial cells,A549,True,lung adenocarcinoma,cell_line,human,drug,814,3.9282665,0.42698547,1,,,True,control,814
C07_B02_RT_702,1010,4.0,0.0207748999275642,0.290848598985899,1.0,,control,,,alveolar basal epithelial cells,A549,True,lung adenocarcinoma,cell_line,human,drug,709,6.732673,0.4950495,1,,,True,control,709
C07_B02_RT_736,1086,5.0,3.4912678295087797e-26,1.29176909691825e-24,1.0,,control,,,alveolar basal epithelial cells,A549,True,lung adenocarcinoma,cell_line,human,drug,754,7.9189687,0.36832413,1,,,True,control,754
C08_B02_RT_404,2335,10.0,3.6436487180524e-33,1.09309461541572e-31,1.0,,control,,,alveolar basal epithelial cells,A549,True,lung adenocarcinoma,cell_line,human,drug,1411,12.762313,2.1413276,1,,,True,control,1411
C08_B02_RT_432,1301,7.0,3.04421985856321e-51,1.06547695049712e-49,1.0,,control,,,alveolar basal epithelial cells,A549,True,lung adenocarcinoma,cell_line,human,drug,915,5.5342045,0.5380477,1,,,True,control,915
C08_B02_RT_485,1108,4.0,5.99128857241302e-56,2.15686388606869e-54,1.0,,control,,,alveolar basal epithelial cells,A549,True,lung adenocarcinoma,cell_line,human,drug,782,2.0758123,0.27075812,1,,,True,control,782
C08_B02_RT_503,1550,7.0,8.803141800137379e-30,2.46487970403847e-28,1.0,,control,,,alveolar basal epithelial cells,A549,True,lung adenocarcinoma,cell_line,human,drug,1064,3.6774194,0.58064514,1,,,True,control,1064
C08_B02_RT_604,4337,8.0,0.0043780175706495,0.0437801757064954,1.0,,control,,,alveolar basal epithelial cells,A549,True,lung adenocarcinoma,cell_line,human,drug,2259,9.591884,1.0375836,1,,,True,control,2259
C08_B02_RT_617,1588,,,,,,control,,,alveolar basal epithelial cells,A549,True,lung adenocarcinoma,cell_line,human,drug,1091,8.312343,0.50377834,1,,,True,control,1091
C08_B02_RT_619,1117,,,,,,control,,,alveolar basal epithelial cells,A549,True,lung adenocarcinoma,cell_line,human,drug,803,6.8039393,0.35810205,1,,,True,control,803
C08_B02_RT_635,1604,4.0,0.594025216809446,1.0,1.0,,control,,,alveolar basal epithelial cells,A549,True,lung adenocarcinoma,cell_line,human,drug,1101,2.5561097,0.43640897,1,,,True,control,1101
C09_B02_RT_397,2329,11.0,1.51446217779051e-08,1.51446217779051e-07,1.0,,control,,,alveolar basal epithelial cells,A549,True,lung adenocarcinoma,cell_line,human,drug,1451,4.336625,0.729927,1,,,True,control,1451
C09_B02_RT_446,1068,4.0,6.56276172698121e-06,4.59393320888685e-05,1.0,,control,,,alveolar basal epithelial cells,A549,True,lung adenocarcinoma,cell_line,human,drug,756,5.243446,0.56179774,1,,,True,control,756
C09_B02_RT_485,1025,6.0,1.78194264423993e-41,4.09846808175183e-40,1.0,,control,,,alveolar basal epithelial cells,A549,True,lung adenocarcinoma,cell_line,human,drug,744,2.6341465,0.3902439,1,,,True,control,744
C09_B02_RT_497,1404,6.0,6.72209320606891e-37,1.27719770915309e-35,1.0,,control,,,alveolar basal epithelial cells,A549,True,lung adenocarcinoma,cell_line,human,drug,1010,2.2792022,0.14245014,1,,,True,control,1010
C09_B02_RT_549,2438,6.0,3.0032561621721e-19,5.10553547569256e-18,1.0,,control,,,alveolar basal epithelial cells,A549,True,lung adenocarcinoma,cell_line,human,drug,1559,4.634947,1.8867924,1,,,True,control,1559
C09_B02_RT_687,3595,6.0,9.016437879079759e-42,2.1639450909791398e-40,1.0,,control,,,alveolar basal epithelial cells,A549,True,lung adenocarcinoma,cell_line,human,drug,2113,5.11822,1.5020863,1,,,True,control,2113
C09_B02_RT_711,1608,4.0,6.5363893136915304e-118,1.89555290097054e-116,1.0,,control,,,alveolar basal epithelial cells,A549,True,lung adenocarcinoma,cell_line,human,drug,1113,6.2810946,0.37313432,1,,,True,control,1113
C09_B02_RT_729,1058,,,,,,control,,,alveolar basal epithelial cells,A549,True,lung adenocarcinoma,cell_line,human,drug,770,2.5519848,0.37807184,1,,,True,control,770
C10_B02_RT_387,1232,,,,,,control,,,alveolar basal epithelial cells,A549,True,lung adenocarcinoma,cell_line,human,drug,895,5.275974,0.5681818,1,,,True,control,895
C10_B02_RT_433,1346,8.0,1.00094691258568e-13,1.9017991339127997e-12,1.0,,control,,,alveolar basal epithelial cells,A549,True,lung adenocarcinoma,cell_line,human,drug,957,2.154532,0.44576523,1,,,True,control,957
C10_B02_RT_438,1120,4.0,4.6577543911695e-30,1.44390386126254e-28,1.0,,control,,,alveolar basal epithelial cells,A549,True,lung adenocarcinoma,cell_line,human,drug,827,4.732143,0.53571427,1,,,True,control,827
C10_B02_RT_517,1487,9.0,3.24409979961836e-29,9.73229939885509e-28,1.0,,control,,,alveolar basal epithelial cells,A549,True,lung adenocarcinoma,cell_line,human,drug,1045,2.8244789,0.268998,1,,,True,control,1045
C10_B02_RT_570,1004,8.0,2.1032133203104102e-35,6.73028262499331e-34,1.0,,control,,,alveolar basal epithelial cells,A549,True,lung adenocarcinoma,cell_line,human,drug,721,5.2788844,0.2988048,1,,,True,control,721
C10_B02_RT_572,1370,6.0,0.0225526266151265,0.0902105064605061,1.0,,control,,,alveolar basal epithelial cells,A549,True,lung adenocarcinoma,cell_line,human,drug,984,4.3065696,0.4379562,1,,,True,control,984
C10_B02_RT_676,1230,,,,,,control,,,alveolar basal epithelial cells,A549,True,lung adenocarcinoma,cell_line,human,drug,781,2.0325203,0.6504065,1,,,True,control,781
C10_B02_RT_729,1169,4.0,2.65566194485275e-13,4.78019150073496e-12,1.0,,control,,,alveolar basal epithelial cells,A549,True,lung adenocarcinoma,cell_line,human,drug,836,4.9615054,0.5132592,1,,,True,control,836
C11_A01_RT_575,1052,5.0,0.974732392202461,1.0,1.0,,control,,,alveolar basal epithelial cells,A549,True,lung adenocarcinoma,cell_line,human,drug,783,2.851711,0.47528517,1,,,True,control,783
C11_A01_RT_635,1031,3.0,0.999999999904646,1.0,1.0,,control,,,alveolar basal epithelial cells,A549,True,lung adenocarcinoma,cell_line,human,drug,747,3.1037827,0.48496604,1,,,True,control,747
C11_B02_RT_387,1454,6.0,1.19730517998312e-06,2.27487984196793e-05,1.0,,control,,,alveolar basal epithelial cells,A549,True,lung adenocarcinoma,cell_line,human,drug,987,4.883081,0.34387895,1,,,True,control,987
C11_B02_RT_428,1060,5.0,4.20224950556139e-17,1.3867423368352601e-15,1.0,,control,,,alveolar basal epithelial cells,A549,True,lung adenocarcinoma,cell_line,human,drug,776,3.5849056,0.5660377,1,,,True,control,776
C11_B02_RT_457,1362,4.0,7.09457276989381e-07,1.41891455397876e-05,1.0,,control,,,alveolar basal epithelial cells,A549,True,lung adenocarcinoma,cell_line,human,drug,981,3.2305434,0.29368576,1,,,True,control,981
C11_B02_RT_503,1992,7.0,8.414827439722229e-42,3.6183757990805596e-40,1.0,,control,,,alveolar basal epithelial cells,A549,True,lung adenocarcinoma,cell_line,human,drug,1317,3.1626506,0.75301206,1,,,True,control,1317
C11_B02_RT_566,1130,5.0,2.1594600860619702e-44,9.71757038727887e-43,1.0,,control,,,alveolar basal epithelial cells,A549,True,lung adenocarcinoma,cell_line,human,drug,792,4.778761,0.3539823,1,,,True,control,792
C11_B02_RT_583,1099,5.0,1.1091550471313702e-67,5.3239442262306e-66,1.0,,control,,,alveolar basal epithelial cells,A549,True,lung adenocarcinoma,cell_line,human,drug,848,2.0018198,0.36396724,1,,,True,control,848
C11_B02_RT_615,1079,,,,,,control,,,alveolar basal epithelial cells,A549,True,lung adenocarcinoma,cell_line,human,drug,758,3.6144578,0.27803522,1,,,True,control,758
C11_B02_RT_625,1241,6.0,1.04835854220223e-14,3.04023977238648e-13,1.0,,control,,,alveolar basal epithelial cells,A549,True,lung adenocarcinoma,cell_line,human,drug,915,2.0950847,0.40290087,1,,,True,control,915
C11_B02_RT_649,10189,91.0,0.0,0.0,1.0,,control,,,alveolar basal epithelial cells,A549,True,lung adenocarcinoma,cell_line,human,drug,4382,4.131907,1.7666111,1,,,True,control,4382
C11_B02_RT_764,1064,4.0,2.6870326504962497e-55,1.2629053457332401e-53,1.0,,control,,,alveolar basal epithelial cells,A549,True,lung adenocarcinoma,cell_line,human,drug,776,6.5789475,0.28195488,1,,,True,control,776
C12_B02_RT_400,2467,6.0,0.0022653343865339,0.0566333596633493,1.0,,control,,,alveolar basal epithelial cells,A549,True,lung adenocarcinoma,cell_line,human,drug,1449,3.8102958,0.36481556,1,,,True,control,1449
C12_B02_RT_455,1380,6.0,0.985408782132199,1.0,1.0,,control,,,alveolar basal epithelial cells,A549,True,lung adenocarcinoma,cell_line,human,drug,966,3.768116,0.2173913,1,,,True,control,966
C12_B02_RT_497,1973,7.0,0.723170465354372,1.0,1.0,,control,,,alveolar basal epithelial cells,A549,True,lung adenocarcinoma,cell_line,human,drug,1287,2.787633,0.30410543,1,,,True,control,1287
C12_B02_RT_502,1689,3.0,4.80955941918674e-39,1.58715460833162e-37,1.0,,control,,,alveolar basal epithelial cells,A549,True,lung adenocarcinoma,cell_line,human,drug,1132,4.381291,0.11841326,1,,,True,control,1132
C12_B02_RT_533,1258,3.0,0.132147246897641,1.0,1.0,,control,,,alveolar basal epithelial cells,A549,True,lung adenocarcinoma,cell_line,human,drug,842,7.869634,1.0333863,1,,,True,control,842
C12_B02_RT_635,2122,8.0,0.999954117186796,1.0,1.0,,control,,,alveolar basal epithelial cells,A549,True,lung adenocarcinoma,cell_line,human,drug,1407,3.1102734,0.14137606,1,,,True,control,1407
D01_A01_RT_469,2772,4.0,2.294742784604e-05,0.0004360011290747,1.0,,control,,,alveolar basal epithelial cells,A549,True,lung adenocarcinoma,cell_line,human,drug,1738,5.5916305,0.9018759,1,,,True,control,1738
D01_A01_RT_635,1039,3.0,0.0080299480989373,0.136509117681936,1.0,,control,,,alveolar basal epithelial cells,A549,True,lung adenocarcinoma,cell_line,human,drug,740,4.427334,0.19249278,1,,,True,control,740
D01_A01_RT_710,1110,2.0,1.0,1.0,1.0,,control,,,alveolar basal epithelial cells,A549,True,lung adenocarcinoma,cell_line,human,drug,781,6.3063064,0.36036035,1,,,True,control,781
D01_B02_RT_433,1112,5.0,1.38807424514497e-66,3.0537633393189403e-65,1.0,,control,,,alveolar basal epithelial cells,A549,True,lung adenocarcinoma,cell_line,human,drug,810,2.1582735,0.35971224,1,,,True,control,810
D01_B02_RT_446,1169,4.0,1.4644777116490602e-67,3.36829873679284e-66,1.0,,control,,,alveolar basal epithelial cells,A549,True,lung adenocarcinoma,cell_line,human,drug,826,6.073567,0.427716,1,,,True,control,826
D01_B02_RT_711,1728,2.0,1.07770915609913e-19,1.07770915609913e-18,1.0,,control,,,alveolar basal epithelial cells,A549,True,lung adenocarcinoma,cell_line,human,drug,1135,7.1180553,0.1736111,1,,,True,control,1135
D02_A01_RT_400,1400,5.0,7.85189270266865e-08,1.49185961350704e-06,1.0,,control,,,alveolar basal epithelial cells,A549,True,lung adenocarcinoma,cell_line,human,drug,959,3.9285715,0.5714286,1,,,True,control,959
D02_A01_RT_710,1062,,,,,,control,,,alveolar basal epithelial cells,A549,True,lung adenocarcinoma,cell_line,human,drug,789,7.0621467,0.37664783,1,,,True,control,789
D02_A01_RT_752,6189,8.0,0.307676369550767,1.0,1.0,,control,,,alveolar basal epithelial cells,A549,True,lung adenocarcinoma,cell_line,human,drug,3090,1.9227662,1.3734044,1,,,True,control,3090
D03_A01_RT_497,1216,3.0,1.48107937334534e-70,2.36972699735254e-69,1.0,,control,,,alveolar basal epithelial cells,A549,True,lung adenocarcinoma,cell_line,human,drug,875,2.055921,0.5756579,1,,,True,control,875
D03_B02_RT_455,1005,,,,,,control,,,alveolar basal epithelial cells,A549,True,lung adenocarcinoma,cell_line,human,drug,749,4.776119,0.29850745,1,,,True,control,749
D03_B02_RT_572,1015,4.0,4.55468147469305e-20,4.0992133272237504e-19,1.0,,control,,,alveolar basal epithelial cells,A549,True,lung adenocarcinoma,cell_line,human,drug,740,5.812808,0.2955665,1,,,True,control,740
D03_B02_RT_617,1357,4.0,1.65592065865654e-128,3.97420958077571e-127,1.0,,control,,,alveolar basal epithelial cells,A549,True,lung adenocarcinoma,cell_line,human,drug,929,9.137804,0.36845985,1,,,True,control,929
D03_B02_RT_752,1038,6.0,1.39188525187856e-29,1.6702623022542798e-28,1.0,,control,,,alveolar basal epithelial cells,A549,True,lung adenocarcinoma,cell_line,human,drug,749,4.6242776,0.7707129,1,,,True,control,749
D04_B02_RT_387,1108,,,,,,control,,,alveolar basal epithelial cells,A549,True,lung adenocarcinoma,cell_line,human,drug,814,4.422383,0.45126355,1,,,True,control,814
D04_B02_RT_467,1071,,,,,,control,,,alveolar basal epithelial cells,A549,True,lung adenocarcinoma,cell_line,human,drug,743,7.7497663,0.0,1,,,True,control,743
D04_B02_RT_619,1136,3.0,3.40960548944489e-07,3.40960548944489e-06,1.0,,control,,,alveolar basal epithelial cells,A549,True,lung adenocarcinoma,cell_line,human,drug,796,5.4577465,0.17605634,1,,,True,control,796
D05_A01_RT_397,1229,4.0,0.998815468973952,1.0,1.0,,control,,,alveolar basal epithelial cells,A549,True,lung adenocarcinoma,cell_line,human,drug,858,5.9397883,0.4068348,1,,,True,control,858
D05_A01_RT_619,1053,2.0,1.32299606532514e-29,2.64599213065027e-28,1.0,,control,,,alveolar basal epithelial cells,A549,True,lung adenocarcinoma,cell_line,human,drug,764,6.932574,0.28490028,1,,,True,control,764
D05_B02_RT_397,1277,9.0,1.0702302401189698e-12,1.7123683841903598e-11,1.0,,control,,,alveolar basal epithelial cells,A549,True,lung adenocarcinoma,cell_line,human,drug,876,5.1683636,0.46985123,1,,,True,control,876
D06_B02_RT_489,2918,6.0,1.32502201968836e-73,2.12003523150138e-72,1.0,,control,,,alveolar basal epithelial cells,A549,True,lung adenocarcinoma,cell_line,human,drug,1735,10.281014,1.0281014,1,,,True,control,1735
D07_A01_RT_424,1356,2.0,0.0920844731113852,1.0,1.0,,control,,,alveolar basal epithelial cells,A549,True,lung adenocarcinoma,cell_line,human,drug,998,3.318584,0.29498526,1,,,True,control,998
D07_A01_RT_503,1179,,,,,,control,,,alveolar basal epithelial cells,A549,True,lung adenocarcinoma,cell_line,human,drug,840,3.2230704,0.16963528,1,,,True,control,840
D07_A01_RT_635,1672,,,,,,control,,,alveolar basal epithelial cells,A549,True,lung adenocarcinoma,cell_line,human,drug,1134,4.2464113,0.41866028,1,,,True,control,1134
D07_A01_RT_711,1015,,,,,,control,,,alveolar basal epithelial cells,A549,True,lung adenocarcinoma,cell_line,human,drug,748,7.9802957,0.39408866,1,,,True,control,748
D07_B02_RT_432,3385,7.0,4.6608557365622803e-17,7.45736917849964e-16,1.0,,control,,,alveolar basal epithelial cells,A549,True,lung adenocarcinoma,cell_line,human,drug,1917,8.59675,1.4180207,1,,,True,control,1917
D07_B02_RT_630,1233,,,,,,control,,,alveolar basal epithelial cells,A549,True,lung adenocarcinoma,cell_line,human,drug,884,3.974047,0.40551502,1,,,True,control,884
D08_B02_RT_424,1225,,,,,,control,,,alveolar basal epithelial cells,A549,True,lung adenocarcinoma,cell_line,human,drug,899,2.7755103,0.48979592,1,,,True,control,899
D08_B02_RT_711,1378,8.0,4.06223323790175e-31,9.749359770964189e-30,1.0,,control,,,alveolar basal epithelial cells,A549,True,lung adenocarcinoma,cell_line,human,drug,971,6.1683598,0.29027575,1,,,True,control,971
D09_A01_RT_502,1289,3.0,9.81539104035903e-44,2.0612321184754e-42,1.0,,control,,,alveolar basal epithelial cells,A549,True,lung adenocarcinoma,cell_line,human,drug,898,7.4476337,0.23273855,1,,,True,control,898
D10_A01_RT_637,1476,4.0,0.999995898895718,1.0,1.0,,control,,,alveolar basal epithelial cells,A549,True,lung adenocarcinoma,cell_line,human,drug,1068,8.468835,1.2872629,1,,,True,control,1068
D10_B02_RT_396,1098,17.0,0.0301936525233199,0.301936525233199,1.0,,control,,,alveolar basal epithelial cells,A549,True,lung adenocarcinoma,cell_line,human,drug,809,5.6466303,0.63752276,1,,,True,control,809
D10_B02_RT_619,1079,6.0,0.819888110774513,1.0,1.0,,control,,,alveolar basal epithelial cells,A549,True,lung adenocarcinoma,cell_line,human,drug,770,5.8387394,0.6487488,1,,,True,control,770
D11_B02_RT_396,1336,14.0,1.18307648800166e-97,1.77461473200249e-96,1.0,,control,,,alveolar basal epithelial cells,A549,True,lung adenocarcinoma,cell_line,human,drug,965,3.5928144,0.5988024,1,,,True,control,965
D11_B02_RT_455,1303,,,,,,control,,,alveolar basal epithelial cells,A549,True,lung adenocarcinoma,cell_line,human,drug,943,3.3000767,0.38372985,1,,,True,control,943
D12_B02_RT_638,5257,7.0,2.2134431556741603e-09,1.99209884010675e-08,1.0,,control,,,alveolar basal epithelial cells,A549,True,lung adenocarcinoma,cell_line,human,drug,2473,15.997717,1.4266692,1,,,True,control,2473
D12_B02_RT_676,1011,12.0,2.85095368467966e-07,1.7105722108078e-06,1.0,,control,,,alveolar basal epithelial cells,A549,True,lung adenocarcinoma,cell_line,human,drug,679,2.670623,0.09891197,1,,,True,control,679
E01_A01_RT_400,1532,7.0,0.774257465849177,1.0,1.0,,control,,,alveolar basal epithelial cells,A549,True,lung adenocarcinoma,cell_line,human,drug,995,6.070496,0.32637075,1,,,True,control,995
E01_A01_RT_674,4430,3.0,6.67362849317711e-08,1.73514340822605e-06,1.0,,control,,,alveolar basal epithelial cells,A549,True,lung adenocarcinoma,cell_line,human,drug,2375,6.975169,1.8961625,1,,,True,control,2375
E01_B02_RT_572,1502,3.0,0.0025939035822569,0.0155634214935415,1.0,,control,,,alveolar basal epithelial cells,A549,True,lung adenocarcinoma,cell_line,human,drug,1033,5.2596536,0.39946738,1,,,True,control,1033
E02_A01_RT_400,1822,7.0,0.0722577231458512,0.289030892583405,1.0,,control,,,alveolar basal epithelial cells,A549,True,lung adenocarcinoma,cell_line,human,drug,1177,4.7749724,0.43907794,1,,,True,control,1177
E03_B02_RT_400,1504,,,,,,control,,,alveolar basal epithelial cells,A549,True,lung adenocarcinoma,cell_line,human,drug,973,3.856383,0.46542552,1,,,True,control,973
E03_B02_RT_424,1280,3.0,0.0142098839520609,0.170518607424731,1.0,,control,,,alveolar basal epithelial cells,A549,True,lung adenocarcinoma,cell_line,human,drug,891,2.65625,0.46875,1,,,True,control,891
E03_B02_RT_446,6557,10.0,7.59601980023846e-06,0.000129132336604,1.0,,control,,,alveolar basal epithelial cells,A549,True,lung adenocarcinoma,cell_line,human,drug,3542,4.6210155,3.6449597,1,,,True,control,3542
E03_B02_RT_462,1319,3.0,3.77369845881895e-32,1.3207944605866298e-30,1.0,,control,,,alveolar basal epithelial cells,A549,True,lung adenocarcinoma,cell_line,human,drug,919,5.8377557,2.7293403,1,,,True,control,919
E03_B02_RT_480,3254,5.0,0.0020023833834436,0.026030983984767,1.0,,control,,,alveolar basal epithelial cells,A549,True,lung adenocarcinoma,cell_line,human,drug,1899,6.4535956,2.0897357,1,,,True,control,1899
E03_B02_RT_497,1276,3.0,1.51588381969913e-06,3.03176763939826e-05,1.0,,control,,,alveolar basal epithelial cells,A549,True,lung adenocarcinoma,cell_line,human,drug,906,2.507837,0.23510972,1,,,True,control,906
E03_B02_RT_572,1087,,,,,,control,,,alveolar basal epithelial cells,A549,True,lung adenocarcinoma,cell_line,human,drug,773,5.059798,0.55197793,1,,,True,control,773
E03_B02_RT_701,1160,3.0,3.77369845881895e-32,1.3207944605866298e-30,1.0,,control,,,alveolar basal epithelial cells,A549,True,lung adenocarcinoma,cell_line,human,drug,823,3.7931035,0.51724136,1,,,True,control,823
E04_A01_RT_397,1677,7.0,0.976377913464461,1.0,1.0,,control,,,alveolar basal epithelial cells,A549,True,lung adenocarcinoma,cell_line,human,drug,1122,5.426357,0.5963029,1,,,True,control,1122
E04_A01_RT_709,9806,4.0,0.951642446718029,1.0,1.0,,control,,,alveolar basal epithelial cells,A549,True,lung adenocarcinoma,cell_line,human,drug,3744,17.866611,1.4684887,1,,,True,control,3744
E04_B02_RT_729,1090,3.0,4.24562959558433e-32,1.10386369485193e-30,1.0,,control,,,alveolar basal epithelial cells,A549,True,lung adenocarcinoma,cell_line,human,drug,766,6.055046,0.5504587,1,,,True,control,766
E05_A01_RT_617,1427,3.0,1.1094550508649601e-23,1.9970190915569298e-22,1.0,,control,,,alveolar basal epithelial cells,A549,True,lung adenocarcinoma,cell_line,human,drug,974,8.829713,0.5606167,1,,,True,control,974
E05_B02_RT_432,1158,,,,,,control,,,alveolar basal epithelial cells,A549,True,lung adenocarcinoma,cell_line,human,drug,825,5.3540587,0.9499136,1,,,True,control,825
E05_B02_RT_727,1184,2.0,0.22369527235738,1.0,1.0,,control,,,alveolar basal epithelial cells,A549,True,lung adenocarcinoma,cell_line,human,drug,873,2.8716216,0.33783785,1,,,True,control,873
E05_B02_RT_729,1215,5.0,1.62451830866132e-21,4.38619943338557e-20,1.0,,control,,,alveolar basal epithelial cells,A549,True,lung adenocarcinoma,cell_line,human,drug,885,4.032922,0.82304525,1,,,True,control,885
E06_A01_RT_397,1312,5.0,1.7503140501255e-61,1.9253454551380502e-60,1.0,,control,,,alveolar basal epithelial cells,A549,True,lung adenocarcinoma,cell_line,human,drug,909,6.3262196,0.38109756,1,,,True,control,909
E06_A01_RT_400,1082,10.0,2.56142792834681e-08,1.02457117133872e-07,1.0,,control,,,alveolar basal epithelial cells,A549,True,lung adenocarcinoma,cell_line,human,drug,746,4.805915,0.4621072,1,,,True,control,746
E06_A01_RT_502,1189,,,,,,control,,,alveolar basal epithelial cells,A549,True,lung adenocarcinoma,cell_line,human,drug,866,6.391926,0.50462574,1,,,True,control,866
E06_B02_RT_533,1077,2.0,4.80280729586073e-12,1.1526737510065701e-10,1.0,,control,,,alveolar basal epithelial cells,A549,True,lung adenocarcinoma,cell_line,human,drug,732,8.542247,0.46425256,1,,,True,control,732
E06_B02_RT_572,1247,4.0,0.001513278446326,0.0257257335875426,1.0,,control,,,alveolar basal epithelial cells,A549,True,lung adenocarcinoma,cell_line,human,drug,871,5.372895,0.48115477,1,,,True,control,871
E06_B02_RT_702,1109,,,,,,control,,,alveolar basal epithelial cells,A549,True,lung adenocarcinoma,cell_line,human,drug,793,5.4102798,0.45085663,1,,,True,control,793
E06_B02_RT_752,1480,5.0,0.0346012885581402,0.484418039813963,1.0,,control,,,alveolar basal epithelial cells,A549,True,lung adenocarcinoma,cell_line,human,drug,1005,3.445946,0.2027027,1,,,True,control,1005
E07_A01_RT_599,3447,4.0,1.657130782518e-08,2.31998309552521e-07,1.0,,control,,,alveolar basal epithelial cells,A549,True,lung adenocarcinoma,cell_line,human,drug,1974,8.964316,2.0307515,1,,,True,control,1974
E07_A01_RT_720,1368,8.0,0.783128966083636,1.0,1.0,,control,,,alveolar basal epithelial cells,A549,True,lung adenocarcinoma,cell_line,human,drug,959,3.5818713,0.5116959,1,,,True,control,959
E07_B02_RT_619,1222,3.0,1.05600080057976e-20,1.37280104075369e-19,1.0,,control,,,alveolar basal epithelial cells,A549,True,lung adenocarcinoma,cell_line,human,drug,849,5.646481,0.4091653,1,,,True,control,849
E08_A01_RT_400,8068,8.0,3.5351163867714502e-25,6.36320949618861e-24,1.0,,control,,,alveolar basal epithelial cells,A549,True,lung adenocarcinoma,cell_line,human,drug,3523,14.179475,1.6236986,1,,,True,control,3523
E08_B02_RT_397,1442,4.0,2.66137112543287e-06,2.66137112543287e-05,1.0,,control,,,alveolar basal epithelial cells,A549,True,lung adenocarcinoma,cell_line,human,drug,966,4.0221915,0.554785,1,,,True,control,966
E08_B02_RT_437,1032,4.0,3.14914163238102e-60,6.92811159123824e-59,1.0,,control,,,alveolar basal epithelial cells,A549,True,lung adenocarcinoma,cell_line,human,drug,742,7.1705427,0.0,1,,,True,control,742
E08_B02_RT_570,1027,,,,,,control,,,alveolar basal epithelial cells,A549,True,lung adenocarcinoma,cell_line,human,drug,768,3.5053554,0.38948393,1,,,True,control,768
E08_B02_RT_572,1511,5.0,3.0904390376208896e-48,6.18087807524178e-47,1.0,,control,,,alveolar basal epithelial cells,A549,True,lung adenocarcinoma,cell_line,human,drug,1019,3.9046988,0.595632,1,,,True,control,1019
E08_B02_RT_653,2609,3.0,5.52575309434078e-27,9.94635556981341e-26,1.0,,control,,,alveolar basal epithelial cells,A549,True,lung adenocarcinoma,cell_line,human,drug,1489,8.470678,1.3031813,1,,,True,control,1489
E08_B02_RT_752,1029,4.0,2.8343646416351096e-11,3.96811049828916e-10,1.0,,control,,,alveolar basal epithelial cells,A549,True,lung adenocarcinoma,cell_line,human,drug,745,4.275996,0.58309036,1,,,True,control,745
E09_A01_RT_502,1562,5.0,0.691893465895248,1.0,1.0,,control,,,alveolar basal epithelial cells,A549,True,lung adenocarcinoma,cell_line,human,drug,1089,5.1856594,0.19206145,1,,,True,control,1089
E09_A01_RT_617,1461,5.0,0.666033630053801,1.0,1.0,,control,,,alveolar basal epithelial cells,A549,True,lung adenocarcinoma,cell_line,human,drug,996,10.677618,0.0,1,,,True,control,996
E09_B02_RT_400,2640,6.0,1.82524323081481e-59,4.0155351077925804e-58,1.0,,control,,,alveolar basal epithelial cells,A549,True,lung adenocarcinoma,cell_line,human,drug,1633,6.0227275,2.9924242,1,,,True,control,1633
E09_B02_RT_575,1146,5.0,2.474366517025e-30,4.70129638234749e-29,1.0,,control,,,alveolar basal epithelial cells,A549,True,lung adenocarcinoma,cell_line,human,drug,848,2.9668412,0.17452008,1,,,True,control,848
E10_A01_RT_641,1269,3.0,1.12364314947962e-111,2.8091078736990503e-110,1.0,,control,,,alveolar basal epithelial cells,A549,True,lung adenocarcinoma,cell_line,human,drug,939,5.35855,1.1032308,1,,,True,control,939
E10_B02_RT_572,1017,3.0,7.785573694094711e-19,7.78557369409471e-18,1.0,,control,,,alveolar basal epithelial cells,A549,True,lung adenocarcinoma,cell_line,human,drug,731,6.4896755,0.5899705,1,,,True,control,731
E11_B02_RT_387,1053,,,,,,control,,,alveolar basal epithelial cells,A549,True,lung adenocarcinoma,cell_line,human,drug,745,5.5080724,0.37986705,1,,,True,control,745
E11_B02_RT_467,1290,6.0,7.709473820085629e-26,1.46480002581627e-24,1.0,,control,,,alveolar basal epithelial cells,A549,True,lung adenocarcinoma,cell_line,human,drug,864,8.062016,1.0852714,1,,,True,control,864
E11_B02_RT_497,1434,4.0,1.47598084606394e-21,2.65676552291509e-20,1.0,,control,,,alveolar basal epithelial cells,A549,True,lung adenocarcinoma,cell_line,human,drug,999,3.0683403,0.34867504,1,,,True,control,999
E11_B02_RT_711,1908,6.0,1.79082510467416e-08,2.32807263607641e-07,1.0,,control,,,alveolar basal epithelial cells,A549,True,lung adenocarcinoma,cell_line,human,drug,1260,8.280923,0.3668763,1,,,True,control,1260
E11_B02_RT_729,1119,4.0,0.003694259625596,0.025859817379172,1.0,,control,,,alveolar basal epithelial cells,A549,True,lung adenocarcinoma,cell_line,human,drug,783,3.6639857,0.62555856,1,,,True,control,783
E12_A01_RT_711,1136,2.0,3.94323148563009e-171,5.52052407988213e-170,1.0,,control,,,alveolar basal epithelial cells,A549,True,lung adenocarcinoma,cell_line,human,drug,853,8.098592,0.35211268,1,,,True,control,853
F01_B02_RT_402,1488,,,,,,control,,,alveolar basal epithelial cells,A549,True,lung adenocarcinoma,cell_line,human,drug,1002,4.3010755,0.2016129,1,,,True,control,1002
F01_B02_RT_464,1112,,,,,,control,,,alveolar basal epithelial cells,A549,True,lung adenocarcinoma,cell_line,human,drug,779,3.7769785,0.17985612,1,,,True,control,779
F01_B02_RT_711,1465,5.0,0.0494148406820573,0.494148406820573,1.0,,control,,,alveolar basal epithelial cells,A549,True,lung adenocarcinoma,cell_line,human,drug,1005,4.6416383,0.75085324,1,,,True,control,1005
F02_A01_RT_402,1428,5.0,6.50995145499556e-10,1.23689077644916e-08,1.0,,control,,,alveolar basal epithelial cells,A549,True,lung adenocarcinoma,cell_line,human,drug,950,4.0616245,0.35014006,1,,,True,control,950
F02_A01_RT_432,1008,,,,,,control,,,alveolar basal epithelial cells,A549,True,lung adenocarcinoma,cell_line,human,drug,735,5.2579365,0.29761904,1,,,True,control,735
F02_A01_RT_711,1610,,,,,,control,,,alveolar basal epithelial cells,A549,True,lung adenocarcinoma,cell_line,human,drug,1104,7.5155277,0.310559,1,,,True,control,1104
F02_B02_RT_402,2838,4.0,0.266832326271619,0.800496978814856,1.0,,control,,,alveolar basal epithelial cells,A549,True,lung adenocarcinoma,cell_line,human,drug,1693,8.139535,1.1275547,1,,,True,control,1693
F02_B02_RT_535,1847,6.0,3.74326338115274e-102,7.86085310042075e-101,1.0,,control,,,alveolar basal epithelial cells,A549,True,lung adenocarcinoma,cell_line,human,drug,1197,6.3345966,1.1911207,1,,,True,control,1197
F03_A01_RT_503,1138,,,,,,control,,,alveolar basal epithelial cells,A549,True,lung adenocarcinoma,cell_line,human,drug,876,3.602812,0.6151142,1,,,True,control,876
F03_B02_RT_400,2362,8.0,5.35432010459763e-72,1.01732081987355e-70,1.0,,control,,,alveolar basal epithelial cells,A549,True,lung adenocarcinoma,cell_line,human,drug,1370,3.8526673,0.42337003,1,,,True,control,1370
F03_B02_RT_432,1247,4.0,3.93144057989361e-17,1.9657202899468001e-16,1.0,,control,,,alveolar basal epithelial cells,A549,True,lung adenocarcinoma,cell_line,human,drug,870,5.21251,0.32076985,1,,,True,control,870
F03_B02_RT_436,2676,5.0,2.19103715715017e-16,8.764148628600689e-16,1.0,,control,,,alveolar basal epithelial cells,A549,True,lung adenocarcinoma,cell_line,human,drug,1536,11.285501,1.6068759,1,,,True,control,1536
F03_B02_RT_499,1069,5.0,0.0012043770038387,0.0024087540076775,1.0,,control,,,alveolar basal epithelial cells,A549,True,lung adenocarcinoma,cell_line,human,drug,769,4.6772685,0.09354537,1,,,True,control,769
F03_B02_RT_508,1127,9.0,1.1186637972381e-20,7.83064658066671e-20,1.0,,control,,,alveolar basal epithelial cells,A549,True,lung adenocarcinoma,cell_line,human,drug,791,5.501331,0.621118,1,,,True,control,791
F03_B02_RT_570,1042,5.0,1.9897373208276801e-109,4.97434330206919e-108,1.0,,control,,,alveolar basal epithelial cells,A549,True,lung adenocarcinoma,cell_line,human,drug,762,3.9347408,0.38387716,1,,,True,control,762
F03_B02_RT_635,1761,2.0,1.5038705839017999e-27,1.35348352551162e-26,1.0,,control,,,alveolar basal epithelial cells,A549,True,lung adenocarcinoma,cell_line,human,drug,1170,2.9528677,0.45428735,1,,,True,control,1170
F03_B02_RT_752,1097,5.0,2.75769521356028e-39,3.58500377762836e-38,1.0,,control,,,alveolar basal epithelial cells,A549,True,lung adenocarcinoma,cell_line,human,drug,825,4.7402005,0.72926164,1,,,True,control,825
F04_A01_RT_485,1326,12.0,0.153595384257068,0.767976921285342,1.0,,control,,,alveolar basal epithelial cells,A549,True,lung adenocarcinoma,cell_line,human,drug,921,4.072398,0.3770739,1,,,True,control,921
F04_A01_RT_497,1537,,,,,,control,,,alveolar basal epithelial cells,A549,True,lung adenocarcinoma,cell_line,human,drug,1082,2.4723487,0.39037085,1,,,True,control,1082
F04_A01_RT_566,1055,3.0,7.5336348957804e-59,1.73273602602949e-57,1.0,,control,,,alveolar basal epithelial cells,A549,True,lung adenocarcinoma,cell_line,human,drug,769,3.2227488,0.8530806,1,,,True,control,769
F04_B02_RT_503,1645,4.0,3.10124805421364e-06,4.3417472758991e-05,1.0,,control,,,alveolar basal epithelial cells,A549,True,lung adenocarcinoma,cell_line,human,drug,1133,2.7355623,0.36474165,1,,,True,control,1133
F04_B02_RT_716,1050,,,,,,control,,,alveolar basal epithelial cells,A549,True,lung adenocarcinoma,cell_line,human,drug,768,8.0,0.3809524,1,,,True,control,768
F04_B02_RT_729,1067,3.0,2.84183976728196e-53,1.0230623162215e-51,1.0,,control,,,alveolar basal epithelial cells,A549,True,lung adenocarcinoma,cell_line,human,drug,775,4.123711,0.09372071,1,,,True,control,775
F05_A01_RT_396,1299,13.0,2.78535401433796e-16,8.077526641580081e-15,1.0,,control,,,alveolar basal epithelial cells,A549,True,lung adenocarcinoma,cell_line,human,drug,906,6.004619,0.53887606,1,,,True,control,906
F05_A01_RT_572,1351,4.0,0.0028429636193184,0.042644454289776,1.0,,control,,,alveolar basal epithelial cells,A549,True,lung adenocarcinoma,cell_line,human,drug,938,6.2176166,0.7401925,1,,,True,control,938
F05_A01_RT_619,1268,3.0,0.445257963938993,1.0,1.0,,control,,,alveolar basal epithelial cells,A549,True,lung adenocarcinoma,cell_line,human,drug,891,7.1766562,0.3154574,1,,,True,control,891
F05_B02_RT_397,1544,6.0,4.18379843557737e-10,3.3470387484618904e-09,1.0,,control,,,alveolar basal epithelial cells,A549,True,lung adenocarcinoma,cell_line,human,drug,1062,3.9507773,0.58290154,1,,,True,control,1062
F05_B02_RT_400,2310,8.0,1.17679842157724e-27,1.76519763236585e-26,1.0,,control,,,alveolar basal epithelial cells,A549,True,lung adenocarcinoma,cell_line,human,drug,1339,4.3290043,0.47619048,1,,,True,control,1339
F06_A01_RT_402,2768,10.0,7.43059217855281e-17,1.70903620106715e-15,1.0,,control,,,alveolar basal epithelial cells,A549,True,lung adenocarcinoma,cell_line,human,drug,1591,4.6604047,0.50578034,1,,,True,control,1591
F06_A01_RT_406,1152,12.0,0.0019480134859164,0.0331162292605794,1.0,,control,,,alveolar basal epithelial cells,A549,True,lung adenocarcinoma,cell_line,human,drug,815,7.03125,0.5208333,1,,,True,control,815
F06_A01_RT_485,1549,4.0,0.999997242900473,1.0,1.0,,control,,,alveolar basal epithelial cells,A549,True,lung adenocarcinoma,cell_line,human,drug,1011,5.1000648,0.45190445,1,,,True,control,1011
F06_A01_RT_521,1191,4.0,7.2256828510673e-59,1.8786775412774998e-57,1.0,,control,,,alveolar basal epithelial cells,A549,True,lung adenocarcinoma,cell_line,human,drug,842,8.144417,0.50377834,1,,,True,control,842
F06_A01_RT_575,1113,6.0,0.611548971106136,1.0,1.0,,control,,,alveolar basal epithelial cells,A549,True,lung adenocarcinoma,cell_line,human,drug,825,4.6720576,0.4492363,1,,,True,control,825
F06_A01_RT_630,1479,8.0,0.0004186382554053,0.0075354885972969,1.0,,control,,,alveolar basal epithelial cells,A549,True,lung adenocarcinoma,cell_line,human,drug,1002,5.7471266,0.60851926,1,,,True,control,1002
F06_A01_RT_711,2290,4.0,0.994695767168237,1.0,1.0,,control,,,alveolar basal epithelial cells,A549,True,lung adenocarcinoma,cell_line,human,drug,1422,8.078603,0.52401745,1,,,True,control,1422
F06_B02_RT_484,1012,7.0,6.07891698272854e-12,1.09420505689114e-10,1.0,,control,,,alveolar basal epithelial cells,A549,True,lung adenocarcinoma,cell_line,human,drug,745,5.533597,0.3952569,1,,,True,control,745
F06_B02_RT_617,1669,,,,,,control,,,alveolar basal epithelial cells,A549,True,lung adenocarcinoma,cell_line,human,drug,1105,9.706411,0.17974836,1,,,True,control,1105
F07_A01_RT_455,1422,9.0,1.2409439355215999e-13,2.85417105169967e-12,1.0,,control,,,alveolar basal epithelial cells,A549,True,lung adenocarcinoma,cell_line,human,drug,981,5.2742615,0.42194092,1,,,True,control,981
F07_A01_RT_707,1101,10.0,3.13267105771881e-05,0.0005638807903893,1.0,,control,,,alveolar basal epithelial cells,A549,True,lung adenocarcinoma,cell_line,human,drug,800,3.996367,0.36330608,1,,,True,control,800
F07_B02_RT_497,1809,8.0,3.14504398770505e-05,0.0002201530791393,1.0,,control,,,alveolar basal epithelial cells,A549,True,lung adenocarcinoma,cell_line,human,drug,1244,2.0453289,0.2763958,1,,,True,control,1244
F07_B02_RT_604,1347,4.0,2.28411889161727e-05,0.0001827295113293,1.0,,control,,,alveolar basal epithelial cells,A549,True,lung adenocarcinoma,cell_line,human,drug,976,2.7468448,0.07423905,1,,,True,control,976
F08_A01_RT_387,1116,,,,,,control,,,alveolar basal epithelial cells,A549,True,lung adenocarcinoma,cell_line,human,drug,791,5.9139786,1.0752689,1,,,True,control,791
F08_A01_RT_406,1184,7.0,9.87089191232341e-12,5.92253514739405e-11,1.0,,control,,,alveolar basal epithelial cells,A549,True,lung adenocarcinoma,cell_line,human,drug,853,8.277027,0.9290541,1,,,True,control,853
F08_A01_RT_503,1051,,,,,,control,,,alveolar basal epithelial cells,A549,True,lung adenocarcinoma,cell_line,human,drug,788,3.0447192,0.5708849,1,,,True,control,788
F08_B02_RT_424,1342,6.0,1.82998942927252e-30,1.82998942927252e-29,1.0,,control,,,alveolar basal epithelial cells,A549,True,lung adenocarcinoma,cell_line,human,drug,994,3.5767512,0.37257823,1,,,True,control,994
F08_B02_RT_497,1492,3.0,0.999999470967214,1.0,1.0,,control,,,alveolar basal epithelial cells,A549,True,lung adenocarcinoma,cell_line,human,drug,1045,2.6809652,0.33512065,1,,,True,control,1045
F08_B02_RT_619,1054,,,,,,control,,,alveolar basal epithelial cells,A549,True,lung adenocarcinoma,cell_line,human,drug,769,6.2618594,0.4743833,1,,,True,control,769
F09_A01_RT_485,1121,10.0,4.86680899313454e-10,5.3534898924479906e-09,1.0,,control,,,alveolar basal epithelial cells,A549,True,lung adenocarcinoma,cell_line,human,drug,784,3.0330062,0.44603032,1,,,True,control,784
F09_A01_RT_623,1650,8.0,2.23945917551046e-07,1.34367550530628e-06,1.0,,control,,,alveolar basal epithelial cells,A549,True,lung adenocarcinoma,cell_line,human,drug,1105,4.0,0.36363637,1,,,True,control,1105
F09_A01_RT_637,1176,4.0,6.6544358164797905e-68,2.52868561026232e-66,1.0,,control,,,alveolar basal epithelial cells,A549,True,lung adenocarcinoma,cell_line,human,drug,808,10.034014,0.42517006,1,,,True,control,808
F09_A01_RT_711,1966,9.0,2.49352628123311e-13,3.24158416560304e-12,1.0,,control,,,alveolar basal epithelial cells,A549,True,lung adenocarcinoma,cell_line,human,drug,1277,8.087487,0.4069176,1,,,True,control,1277
F09_B02_RT_626,2905,88.0,0.0,0.0,1.0,,control,,,alveolar basal epithelial cells,A549,True,lung adenocarcinoma,cell_line,human,drug,1805,9.018933,1.9621342,1,,,True,control,1805
F09_B02_RT_674,2517,2.0,1.17038083212638e-20,2.3407616642527604e-19,1.0,,control,,,alveolar basal epithelial cells,A549,True,lung adenocarcinoma,cell_line,human,drug,1495,14.858959,1.946762,1,,,True,control,1495
F09_B02_RT_746,1018,,,,,,control,,,alveolar basal epithelial cells,A549,True,lung adenocarcinoma,cell_line,human,drug,739,3.3398821,0.39292732,1,,,True,control,739
F10_B02_RT_502,1280,4.0,3.83349075304016e-64,8.433679656688361e-63,1.0,,control,,,alveolar basal epithelial cells,A549,True,lung adenocarcinoma,cell_line,human,drug,930,3.59375,0.390625,1,,,True,control,930
F10_B02_RT_711,1924,4.0,3.60072953134704e-26,5.40109429702056e-25,1.0,,control,,,alveolar basal epithelial cells,A549,True,lung adenocarcinoma,cell_line,human,drug,1258,5.197505,0.103950106,1,,,True,control,1258
F11_B02_RT_489,4215,5.0,3.01405141275033e-16,1.5070257063751602e-15,1.0,,control,,,alveolar basal epithelial cells,A549,True,lung adenocarcinoma,cell_line,human,drug,2367,8.967972,1.3997627,1,,,True,control,2367
F12_A01_RT_400,1088,7.0,1.54446197293318e-10,4.63338591879953e-10,1.0,,control,,,alveolar basal epithelial cells,A549,True,lung adenocarcinoma,cell_line,human,drug,765,4.4117646,0.4595588,1,,,True,control,765
F12_A01_RT_635,1084,8.0,4.21720870200627e-18,2.10860435100313e-17,1.0,,control,,,alveolar basal epithelial cells,A549,True,lung adenocarcinoma,cell_line,human,drug,790,4.520295,0.6457565,1,,,True,control,790
F12_B02_RT_711,1439,8.0,2.1712458139022e-26,4.1253670464141803e-25,1.0,,control,,,alveolar basal epithelial cells,A549,True,lung adenocarcinoma,cell_line,human,drug,957,7.435719,0.55594164,1,,,True,control,957
G01_A01_RT_433,1755,13.0,7.96370247684186e-05,0.0023094737182841,1.0,,control,,,alveolar basal epithelial cells,A549,True,lung adenocarcinoma,cell_line,human,drug,1199,2.108262,0.6267806,1,,,True,control,1199
G01_A01_RT_499,1427,5.0,0.894992849220982,1.0,1.0,,control,,,alveolar basal epithelial cells,A549,True,lung adenocarcinoma,cell_line,human,drug,972,6.7274003,0.63069373,1,,,True,control,972
G01_A01_RT_676,1247,7.0,0.999820212860963,1.0,1.0,,control,,,alveolar basal epithelial cells,A549,True,lung adenocarcinoma,cell_line,human,drug,807,3.127506,0.32076985,1,,,True,control,807
G01_B02_RT_387,1841,5.0,1.8728218213244498e-36,4.3074901890462305e-35,1.0,,control,,,alveolar basal epithelial cells,A549,True,lung adenocarcinoma,cell_line,human,drug,1247,3.910918,0.48886475,1,,,True,control,1247
G01_B02_RT_393,1036,,,,,,control,,,alveolar basal epithelial cells,A549,True,lung adenocarcinoma,cell_line,human,drug,780,3.2818532,0.57915056,1,,,True,control,780
G01_B02_RT_497,1994,6.0,1.71224645305025e-40,4.45184077793065e-39,1.0,,control,,,alveolar basal epithelial cells,A549,True,lung adenocarcinoma,cell_line,human,drug,1350,1.9558676,0.3009027,1,,,True,control,1350
G01_B02_RT_517,1075,9.0,2.3010301589369602e-10,2.76123619072435e-09,1.0,,control,,,alveolar basal epithelial cells,A549,True,lung adenocarcinoma,cell_line,human,drug,818,2.8837209,1.0232558,1,,,True,control,818
G01_B02_RT_575,1384,8.0,9.93667695703933e-28,1.78860185226708e-26,1.0,,control,,,alveolar basal epithelial cells,A549,True,lung adenocarcinoma,cell_line,human,drug,973,3.1791906,1.083815,1,,,True,control,973
G02_A01_RT_433,1657,7.0,0.011614937394989,0.301988372269715,1.0,,control,,,alveolar basal epithelial cells,A549,True,lung adenocarcinoma,cell_line,human,drug,1102,2.8364515,0.54315025,1,,,True,control,1102
G02_A01_RT_669,1178,7.0,0.530026093597268,1.0,1.0,,control,,,alveolar basal epithelial cells,A549,True,lung adenocarcinoma,cell_line,human,drug,839,3.565365,0.42444822,1,,,True,control,839
G02_A01_RT_727,1466,3.0,0.999657379119436,1.0,1.0,,control,,,alveolar basal epithelial cells,A549,True,lung adenocarcinoma,cell_line,human,drug,1020,3.888131,0.75034106,1,,,True,control,1020
G02_B02_RT_402,1852,6.0,3.02242690741852e-50,9.671766103739259e-49,1.0,,control,,,alveolar basal epithelial cells,A549,True,lung adenocarcinoma,cell_line,human,drug,1185,3.2937365,0.7019438,1,,,True,control,1185
G02_B02_RT_604,1601,4.0,0.0004576099397916,0.0045760993979167,1.0,,control,,,alveolar basal epithelial cells,A549,True,lung adenocarcinoma,cell_line,human,drug,1088,1.4990631,0.37476578,1,,,True,control,1088
G02_B02_RT_629,1362,2.0,0.968730516039993,1.0,1.0,,control,,,alveolar basal epithelial cells,A549,True,lung adenocarcinoma,cell_line,human,drug,943,1.7621145,0.07342144,1,,,True,control,943
G02_B02_RT_746,1138,4.0,3.73264093901986e-05,0.0004479169126823,1.0,,control,,,alveolar basal epithelial cells,A549,True,lung adenocarcinoma,cell_line,human,drug,806,1.6695958,0.52724075,1,,,True,control,806
G03_A01_RT_478,1133,11.0,0.0889814901354407,1.0,1.0,,control,,,alveolar basal epithelial cells,A549,True,lung adenocarcinoma,cell_line,human,drug,761,7.590468,0.26478377,1,,,True,control,761
G03_A01_RT_490,1678,10.0,1.61762206411495e-17,1.3749787544977e-15,1.0,,control,,,alveolar basal epithelial cells,A549,True,lung adenocarcinoma,cell_line,human,drug,1059,7.091776,0.47675803,1,,,True,control,1059
G03_A01_RT_499,1606,10.0,0.008382476100495,0.469418661627725,1.0,,control,,,alveolar basal epithelial cells,A549,True,lung adenocarcinoma,cell_line,human,drug,1052,7.5342464,0.1867995,1,,,True,control,1052
G03_A01_RT_502,2753,9.0,0.848590315166384,1.0,1.0,,control,,,alveolar basal epithelial cells,A549,True,lung adenocarcinoma,cell_line,human,drug,1625,6.284054,0.29059207,1,,,True,control,1625
G03_A01_RT_510,1358,7.0,3.4082900376723803e-17,2.8629636316448003e-15,1.0,,control,,,alveolar basal epithelial cells,A549,True,lung adenocarcinoma,cell_line,human,drug,952,5.5964656,0.5891016,1,,,True,control,952
G03_A01_RT_521,1500,6.0,3.16413249338908e-05,0.0021199687705706,1.0,,control,,,alveolar basal epithelial cells,A549,True,lung adenocarcinoma,cell_line,human,drug,986,8.2,1.0,1,,,True,control,986
G03_A01_RT_533,1974,8.0,2.62987915119718e-13,2.1302021124697197e-11,1.0,,control,,,alveolar basal epithelial cells,A549,True,lung adenocarcinoma,cell_line,human,drug,1210,8.004053,0.6585613,1,,,True,control,1210
G03_A01_RT_572,1907,14.0,0.170119462395265,1.0,1.0,,control,,,alveolar basal epithelial cells,A549,True,lung adenocarcinoma,cell_line,human,drug,1241,4.8243313,0.47194546,1,,,True,control,1241
G03_A01_RT_607,1211,7.0,0.0051279968191344,0.292295818690661,1.0,,control,,,alveolar basal epithelial cells,A549,True,lung adenocarcinoma,cell_line,human,drug,845,4.6242776,0.5780347,1,,,True,control,845
G03_A01_RT_657,1043,12.0,1.6899435076776402e-14,1.38575367629567e-12,1.0,,control,,,alveolar basal epithelial cells,A549,True,lung adenocarcinoma,cell_line,human,drug,753,4.506232,0.4793864,1,,,True,control,753
G03_A01_RT_742,1550,10.0,0.624639525223791,1.0,1.0,,control,,,alveolar basal epithelial cells,A549,True,lung adenocarcinoma,cell_line,human,drug,1025,4.774194,0.516129,1,,,True,control,1025
G03_B02_RT_390,1246,5.0,1.4479950110064599e-13,6.515977549529069e-12,1.0,,control,,,alveolar basal epithelial cells,A549,True,lung adenocarcinoma,cell_line,human,drug,806,6.82183,1.1235955,1,,,True,control,806
G03_B02_RT_400,2524,7.0,0.0100000503628948,0.29000146052395,1.0,,control,,,alveolar basal epithelial cells,A549,True,lung adenocarcinoma,cell_line,human,drug,1539,4.4770207,0.23771791,1,,,True,control,1539
G03_B02_RT_432,1489,4.0,0.996734062726502,1.0,1.0,,control,,,alveolar basal epithelial cells,A549,True,lung adenocarcinoma,cell_line,human,drug,1010,6.917394,0.6715917,1,,,True,control,1010
G03_B02_RT_464,1388,,,,,,control,,,alveolar basal epithelial cells,A549,True,lung adenocarcinoma,cell_line,human,drug,985,4.2507205,0.43227667,1,,,True,control,985
G03_B02_RT_489,1107,3.0,0.999999999999987,1.0,1.0,,control,,,alveolar basal epithelial cells,A549,True,lung adenocarcinoma,cell_line,human,drug,799,10.388437,0.45167118,1,,,True,control,799
G03_B02_RT_497,2156,5.0,3.41424723937637e-16,1.60469620250689e-14,1.0,,control,,,alveolar basal epithelial cells,A549,True,lung adenocarcinoma,cell_line,human,drug,1404,1.7625232,0.18552876,1,,,True,control,1404
G03_B02_RT_583,1630,5.0,0.878433973515552,1.0,1.0,,control,,,alveolar basal epithelial cells,A549,True,lung adenocarcinoma,cell_line,human,drug,1158,2.392638,0.49079755,1,,,True,control,1158
G03_B02_RT_630,2285,5.0,0.63568563267559,1.0,1.0,,control,,,alveolar basal epithelial cells,A549,True,lung adenocarcinoma,cell_line,human,drug,1415,4.770241,0.43763676,1,,,True,control,1415
G03_B02_RT_720,1244,6.0,0.307436975404469,1.0,1.0,,control,,,alveolar basal epithelial cells,A549,True,lung adenocarcinoma,cell_line,human,drug,852,3.4565916,0.6430868,1,,,True,control,852
G04_A01_RT_393,1890,7.0,3.1223842845924197e-43,2.52913127051986e-41,1.0,,control,,,alveolar basal epithelial cells,A549,True,lung adenocarcinoma,cell_line,human,drug,1219,5.185185,0.31746033,1,,,True,control,1219
G04_A01_RT_468,1199,13.0,0.181718022067565,1.0,1.0,,control,,,alveolar basal epithelial cells,A549,True,lung adenocarcinoma,cell_line,human,drug,847,4.42035,0.58381987,1,,,True,control,847
G04_A01_RT_560,1427,4.0,0.945155663141731,1.0,1.0,,control,,,alveolar basal epithelial cells,A549,True,lung adenocarcinoma,cell_line,human,drug,966,5.4660125,0.49053958,1,,,True,control,966
G04_A01_RT_629,1657,7.0,0.605237683233834,1.0,1.0,,control,,,alveolar basal epithelial cells,A549,True,lung adenocarcinoma,cell_line,human,drug,1069,2.6554012,0.18105009,1,,,True,control,1069
G04_A01_RT_675,1104,8.0,0.0533615882913002,1.0,1.0,,control,,,alveolar basal epithelial cells,A549,True,lung adenocarcinoma,cell_line,human,drug,774,2.6268115,0.18115942,1,,,True,control,774
G04_A01_RT_678,1033,4.0,0.059973225064638,1.0,1.0,,control,,,alveolar basal epithelial cells,A549,True,lung adenocarcinoma,cell_line,human,drug,738,6.5827684,0.8712488,1,,,True,control,738
G04_A01_RT_679,1003,5.0,8.389441852115191e-19,5.70482045943833e-17,1.0,,control,,,alveolar basal epithelial cells,A549,True,lung adenocarcinoma,cell_line,human,drug,736,6.1814556,0.4985045,1,,,True,control,736
G04_A01_RT_701,2030,11.0,0.028518013345946,0.598878280264867,1.0,,control,,,alveolar basal epithelial cells,A549,True,lung adenocarcinoma,cell_line,human,drug,1325,4.679803,0.591133,1,,,True,control,1325
G04_B02_RT_402,5589,6.0,8.43721015314505e-35,3.6280003658523696e-33,1.0,,control,,,alveolar basal epithelial cells,A549,True,lung adenocarcinoma,cell_line,human,drug,2849,3.6858115,0.80515295,1,,,True,control,2849
G04_B02_RT_460,1063,6.0,1.7726448205357502e-15,5.4951989436608204e-14,1.0,,control,,,alveolar basal epithelial cells,A549,True,lung adenocarcinoma,cell_line,human,drug,760,6.5851364,0.752587,1,,,True,control,760
G04_B02_RT_521,1033,4.0,6.61062289437872e-12,1.58654949465089e-10,1.0,,control,,,alveolar basal epithelial cells,A549,True,lung adenocarcinoma,cell_line,human,drug,747,7.5508227,0.8712488,1,,,True,control,747
G04_B02_RT_624,1282,,,,,,control,,,alveolar basal epithelial cells,A549,True,lung adenocarcinoma,cell_line,human,drug,878,5.070203,0.15600625,1,,,True,control,878
G04_B02_RT_667,1143,4.0,1.2037664763551401e-61,6.13920902941121e-60,1.0,,control,,,alveolar basal epithelial cells,A549,True,lung adenocarcinoma,cell_line,human,drug,821,3.7620296,0.5249344,1,,,True,control,821
G04_B02_RT_685,1022,4.0,0.0013713520289235,0.0205702804338538,1.0,,control,,,alveolar basal epithelial cells,A549,True,lung adenocarcinoma,cell_line,human,drug,752,4.3052835,0.2935421,1,,,True,control,752
G04_B02_RT_710,3132,7.0,0.0016304858777067,0.0228268022878951,1.0,,control,,,alveolar basal epithelial cells,A549,True,lung adenocarcinoma,cell_line,human,drug,1837,6.034483,0.38314176,1,,,True,control,1837
G05_A01_RT_406,2483,17.0,0.274773303063841,1.0,1.0,,control,,,alveolar basal epithelial cells,A549,True,lung adenocarcinoma,cell_line,human,drug,1550,6.8465567,0.3221909,1,,,True,control,1550
G05_A01_RT_432,2516,13.0,2.8658085199121697e-11,2.75117617911568e-09,1.0,,control,,,alveolar basal epithelial cells,A549,True,lung adenocarcinoma,cell_line,human,drug,1537,6.7965026,0.3974563,1,,,True,control,1537
G05_A01_RT_440,1658,22.0,0.0481928462519974,1.0,1.0,,control,,,alveolar basal epithelial cells,A549,True,lung adenocarcinoma,cell_line,human,drug,1123,5.1266584,0.48250905,1,,,True,control,1123
G05_A01_RT_471,1138,20.0,5.12949202751535e-07,4.46265806393835e-05,1.0,,control,,,alveolar basal epithelial cells,A549,True,lung adenocarcinoma,cell_line,human,drug,805,5.360281,0.35149384,1,,,True,control,805
G05_A01_RT_667,1481,8.0,0.0458596496449514,1.0,1.0,,control,,,alveolar basal epithelial cells,A549,True,lung adenocarcinoma,cell_line,human,drug,1010,3.3085754,0.3376097,1,,,True,control,1010
G05_A01_RT_694,1052,8.0,0.537798539453141,1.0,1.0,,control,,,alveolar basal epithelial cells,A549,True,lung adenocarcinoma,cell_line,human,drug,756,4.4676805,0.47528517,1,,,True,control,756
G05_B02_RT_390,1029,2.0,2.18559636665993e-26,6.33822946331381e-25,1.0,,control,,,alveolar basal epithelial cells,A549,True,lung adenocarcinoma,cell_line,human,drug,701,7.191448,0.6802721,1,,,True,control,701
G05_B02_RT_424,2608,7.0,0.0035068223166852,0.0385750454835372,1.0,,control,,,alveolar basal epithelial cells,A549,True,lung adenocarcinoma,cell_line,human,drug,1607,3.8343558,0.34509203,1,,,True,control,1607
G05_B02_RT_516,1354,5.0,0.0008639297946538,0.0103671575358462,1.0,,control,,,alveolar basal epithelial cells,A549,True,lung adenocarcinoma,cell_line,human,drug,930,6.1299853,0.5169867,1,,,True,control,930
G05_B02_RT_575,1329,7.0,3.21340528286252e-12,5.7841295091525294e-11,1.0,,control,,,alveolar basal epithelial cells,A549,True,lung adenocarcinoma,cell_line,human,drug,959,3.160271,0.6772009,1,,,True,control,959
G05_B02_RT_676,1913,6.0,3.60540158548822e-11,5.76864253678115e-10,1.0,,control,,,alveolar basal epithelial cells,A549,True,lung adenocarcinoma,cell_line,human,drug,1139,2.1955044,0.15682174,1,,,True,control,1139
G05_B02_RT_758,1193,,,,,,control,,,alveolar basal epithelial cells,A549,True,lung adenocarcinoma,cell_line,human,drug,844,6.4543166,0.4191115,1,,,True,control,844
G06_A01_RT_392,1098,9.0,0.261710409436411,1.0,1.0,,control,,,alveolar basal epithelial cells,A549,True,lung adenocarcinoma,cell_line,human,drug,772,4.9180326,0.8196721,1,,,True,control,772
G06_A01_RT_432,1454,8.0,2.34866452209892e-19,1.3152521323753901e-17,1.0,,control,,,alveolar basal epithelial cells,A549,True,lung adenocarcinoma,cell_line,human,drug,963,7.7028885,0.27510315,1,,,True,control,963
G06_A01_RT_437,1341,9.0,4.05831283797914e-19,2.23207206088853e-17,1.0,,control,,,alveolar basal epithelial cells,A549,True,lung adenocarcinoma,cell_line,human,drug,899,6.3385534,0.5965697,1,,,True,control,899
G06_A01_RT_457,1327,9.0,2.98628202199492e-29,1.97094613451665e-27,1.0,,control,,,alveolar basal epithelial cells,A549,True,lung adenocarcinoma,cell_line,human,drug,928,4.144687,0.6028636,1,,,True,control,928
G06_A01_RT_510,1166,14.0,2.63232131828033e-06,6.84403542752887e-05,1.0,,control,,,alveolar basal epithelial cells,A549,True,lung adenocarcinoma,cell_line,human,drug,831,4.2881646,0.08576329,1,,,True,control,831
G06_A01_RT_691,1003,9.0,0.36675119405514,1.0,1.0,,control,,,alveolar basal epithelial cells,A549,True,lung adenocarcinoma,cell_line,human,drug,729,7.577268,0.997009,1,,,True,control,729
G06_A01_RT_700,1015,10.0,3.22923861680064e-05,0.0007427248818641,1.0,,control,,,alveolar basal epithelial cells,A549,True,lung adenocarcinoma,cell_line,human,drug,733,3.7438424,1.3793104,1,,,True,control,733
G06_A01_RT_711,3231,11.0,2.0786871935392e-21,1.2679991880589101e-19,1.0,,control,,,alveolar basal epithelial cells,A549,True,lung adenocarcinoma,cell_line,human,drug,1788,10.461158,0.49520272,1,,,True,control,1788
G06_A01_RT_721,1159,9.0,2.70433064949597e-05,0.000649039355879,1.0,,control,,,alveolar basal epithelial cells,A549,True,lung adenocarcinoma,cell_line,human,drug,803,4.74547,0.7765315,1,,,True,control,803
G06_B02_RT_393,1352,7.0,0.0683228795717667,1.0,1.0,,control,,,alveolar basal epithelial cells,A549,True,lung adenocarcinoma,cell_line,human,drug,950,4.3639054,0.295858,1,,,True,control,950
G06_B02_RT_432,1960,8.0,0.0221068627616728,0.64109902008851,1.0,,control,,,alveolar basal epithelial cells,A549,True,lung adenocarcinoma,cell_line,human,drug,1269,6.1734695,0.45918366,1,,,True,control,1269
G06_B02_RT_463,1108,5.0,0.061405869685082,1.0,1.0,,control,,,alveolar basal epithelial cells,A549,True,lung adenocarcinoma,cell_line,human,drug,794,6.9494586,0.63176894,1,,,True,control,794
G06_B02_RT_464,1259,5.0,0.95730625605006,1.0,1.0,,control,,,alveolar basal epithelial cells,A549,True,lung adenocarcinoma,cell_line,human,drug,902,3.335981,0.3971406,1,,,True,control,902
G06_B02_RT_467,1539,3.0,0.0105690345788627,0.327640071944744,1.0,,control,,,alveolar basal epithelial cells,A549,True,lung adenocarcinoma,cell_line,human,drug,1027,7.8622484,0.5847953,1,,,True,control,1027
G06_B02_RT_729,1578,9.0,8.53833565381526e-07,3.50071761806425e-05,1.0,,control,,,alveolar basal epithelial cells,A549,True,lung adenocarcinoma,cell_line,human,drug,1096,4.435995,0.4435995,1,,,True,control,1096
G07_A01_RT_400,2701,12.0,1.2776435760066699e-42,6.26045352243266e-41,1.0,,control,,,alveolar basal epithelial cells,A549,True,lung adenocarcinoma,cell_line,human,drug,1608,4.1836357,0.48130322,1,,,True,control,1608
G07_A01_RT_402,2556,18.0,3.5800162871657797e-12,1.32460602625134e-10,1.0,,control,,,alveolar basal epithelial cells,A549,True,lung adenocarcinoma,cell_line,human,drug,1558,3.9906104,0.2738654,1,,,True,control,1558
G07_A01_RT_437,1355,9.0,1.16060075792848e-11,4.17816272854251e-10,1.0,,control,,,alveolar basal epithelial cells,A549,True,lung adenocarcinoma,cell_line,human,drug,950,5.313653,0.36900368,1,,,True,control,950
G07_A01_RT_455,2023,9.0,0.0005285074687673,0.0089846269690449,1.0,,control,,,alveolar basal epithelial cells,A549,True,lung adenocarcinoma,cell_line,human,drug,1291,4.695996,0.5437469,1,,,True,control,1291
G07_A01_RT_468,1029,5.0,2.34640396029871e-44,1.1732019801493599e-42,1.0,,control,,,alveolar basal epithelial cells,A549,True,lung adenocarcinoma,cell_line,human,drug,766,5.830904,0.8746356,1,,,True,control,766
G07_A01_RT_566,1173,9.0,0.0002274951495362,0.0043224078411896,1.0,,control,,,alveolar basal epithelial cells,A549,True,lung adenocarcinoma,cell_line,human,drug,808,5.200341,0.59676045,1,,,True,control,808
G07_A01_RT_704,1124,5.0,5.2571096071168595e-30,2.3131282271314197e-28,1.0,,control,,,alveolar basal epithelial cells,A549,True,lung adenocarcinoma,cell_line,human,drug,808,8.007117,0.7117438,1,,,True,control,808
G07_A01_RT_758,1338,6.0,0.019115914574846,0.229390974898152,1.0,,control,,,alveolar basal epithelial cells,A549,True,lung adenocarcinoma,cell_line,human,drug,902,8.819133,0.29895365,1,,,True,control,902
G07_B02_RT_516,1256,4.0,3.22390396262567e-38,9.349321491614431e-37,1.0,,control,,,alveolar basal epithelial cells,A549,True,lung adenocarcinoma,cell_line,human,drug,863,5.414013,0.5573248,1,,,True,control,863
G07_B02_RT_570,1058,8.0,6.1320885194047695e-55,1.96226832620953e-53,1.0,,control,,,alveolar basal epithelial cells,A549,True,lung adenocarcinoma,cell_line,human,drug,756,5.7655954,0.4725898,1,,,True,control,756
G07_B02_RT_630,1494,3.0,1.33100285946399e-27,3.7268080064991597e-26,1.0,,control,,,alveolar basal epithelial cells,A549,True,lung adenocarcinoma,cell_line,human,drug,1022,3.6813922,0.26773763,1,,,True,control,1022
G07_B02_RT_716,1033,5.0,7.38593572904123e-07,1.1817497166466e-05,1.0,,control,,,alveolar basal epithelial cells,A549,True,lung adenocarcinoma,cell_line,human,drug,763,6.5827684,0.19361085,1,,,True,control,763
G08_A01_RT_431,1875,10.0,2.50273223540696e-13,1.1262295059331299e-11,1.0,,control,,,alveolar basal epithelial cells,A549,True,lung adenocarcinoma,cell_line,human,drug,1198,5.12,0.6933333,1,,,True,control,1198
G08_A01_RT_485,2240,6.0,0.309821461344744,1.0,1.0,,control,,,alveolar basal epithelial cells,A549,True,lung adenocarcinoma,cell_line,human,drug,1407,3.2589285,0.53571427,1,,,True,control,1407
G08_A01_RT_566,1175,8.0,6.72058067208111e-08,2.35220323522839e-06,1.0,,control,,,alveolar basal epithelial cells,A549,True,lung adenocarcinoma,cell_line,human,drug,841,4.0851064,0.42553192,1,,,True,control,841
G08_A01_RT_619,2289,6.0,0.0055748629732607,0.105922396491954,1.0,,control,,,alveolar basal epithelial cells,A549,True,lung adenocarcinoma,cell_line,human,drug,1401,6.596767,0.4805592,1,,,True,control,1401
G08_A01_RT_691,1038,9.0,0.0055779672735244,0.105922396491954,1.0,,control,,,alveolar basal epithelial cells,A549,True,lung adenocarcinoma,cell_line,human,drug,730,7.803468,0.6743738,1,,,True,control,730
G08_B02_RT_387,1003,5.0,4.91142370526316e-09,9.33170504000001e-08,1.0,,control,,,alveolar basal epithelial cells,A549,True,lung adenocarcinoma,cell_line,human,drug,757,7.1784644,0.2991027,1,,,True,control,757
G08_B02_RT_459,1777,3.0,8.52773467613312e-76,2.4730430560786e-74,1.0,,control,,,alveolar basal epithelial cells,A549,True,lung adenocarcinoma,cell_line,human,drug,1079,10.073157,2.082161,1,,,True,control,1079
G09_A01_RT_596,1031,9.0,0.0742494005916688,1.0,1.0,,control,,,alveolar basal epithelial cells,A549,True,lung adenocarcinoma,cell_line,human,drug,734,3.297769,0.38797283,1,,,True,control,734
G09_A01_RT_615,1009,9.0,0.968183214215275,1.0,1.0,,control,,,alveolar basal epithelial cells,A549,True,lung adenocarcinoma,cell_line,human,drug,751,4.0634294,0.49554014,1,,,True,control,751
G09_A01_RT_637,1216,13.0,0.0628960596319899,1.0,1.0,,control,,,alveolar basal epithelial cells,A549,True,lung adenocarcinoma,cell_line,human,drug,828,9.950658,0.41118422,1,,,True,control,828
G09_B02_RT_716,1096,,,,,,control,,,alveolar basal epithelial cells,A549,True,lung adenocarcinoma,cell_line,human,drug,810,7.1167884,0.3649635,1,,,True,control,810
G09_B02_RT_729,1328,4.0,8.45935165628646e-12,1.52268329813156e-10,1.0,,control,,,alveolar basal epithelial cells,A549,True,lung adenocarcinoma,cell_line,human,drug,928,4.6686745,0.60240966,1,,,True,control,928
G10_A01_RT_711,2421,16.0,5.2437293324134605e-09,8.91433986510289e-08,1.0,,control,,,alveolar basal epithelial cells,A549,True,lung adenocarcinoma,cell_line,human,drug,1475,8.550186,0.4543577,1,,,True,control,1475
G10_B02_RT_387,1370,8.0,5.94086398335881e-17,1.96048511450841e-15,1.0,,control,,,alveolar basal epithelial cells,A549,True,lung adenocarcinoma,cell_line,human,drug,946,7.591241,0.4379562,1,,,True,control,946
G10_B02_RT_489,1319,8.0,0.0871141203026835,1.0,1.0,,control,,,alveolar basal epithelial cells,A549,True,lung adenocarcinoma,cell_line,human,drug,888,12.206217,0.37907505,1,,,True,control,888
G10_B02_RT_572,2163,6.0,6.57056250691525e-47,3.21957562838847e-45,1.0,,control,,,alveolar basal epithelial cells,A549,True,lung adenocarcinoma,cell_line,human,drug,1424,5.039297,0.2773925,1,,,True,control,1424
G10_B02_RT_622,1085,5.0,1.03286331096197e-28,4.33802590604029e-27,1.0,,control,,,alveolar basal epithelial cells,A549,True,lung adenocarcinoma,cell_line,human,drug,761,8.2027645,1.0138249,1,,,True,control,761
G10_B02_RT_741,5616,7.0,1.24779920721395e-29,5.36553659102e-28,1.0,,control,,,alveolar basal epithelial cells,A549,True,lung adenocarcinoma,cell_line,human,drug,2794,7.514245,1.7984331,1,,,True,control,2794
G11_A01_RT_457,1246,24.0,0.000506831906722,0.0182459486419937,1.0,,control,,,alveolar basal epithelial cells,A549,True,lung adenocarcinoma,cell_line,human,drug,870,3.611557,0.64205456,1,,,True,control,870
G11_A01_RT_657,1331,12.0,0.298337432089419,1.0,1.0,,control,,,alveolar basal epithelial cells,A549,True,lung adenocarcinoma,cell_line,human,drug,878,4.507889,0.97670925,1,,,True,control,878
G11_B02_RT_390,1296,3.0,3.11340385459382e-07,9.96289233470023e-06,1.0,,control,,,alveolar basal epithelial cells,A549,True,lung adenocarcinoma,cell_line,human,drug,837,7.9475307,0.30864197,1,,,True,control,837
G11_B02_RT_396,1558,9.0,2.56195838937072e-07,8.45446268492338e-06,1.0,,control,,,alveolar basal epithelial cells,A549,True,lung adenocarcinoma,cell_line,human,drug,1066,5.3273425,0.6418485,1,,,True,control,1066
G11_B02_RT_499,1045,,,,,,control,,,alveolar basal epithelial cells,A549,True,lung adenocarcinoma,cell_line,human,drug,748,6.124402,0.19138756,1,,,True,control,748
G11_B02_RT_575,1539,6.0,4.71576108843375e-06,0.0001367570715645,1.0,,control,,,alveolar basal epithelial cells,A549,True,lung adenocarcinoma,cell_line,human,drug,1091,3.768681,0.7797271,1,,,True,control,1091
G11_B02_RT_619,1412,6.0,0.996347569324616,1.0,1.0,,control,,,alveolar basal epithelial cells,A549,True,lung adenocarcinoma,cell_line,human,drug,975,5.878187,0.42492917,1,,,True,control,975
G11_B02_RT_623,1467,8.0,0.645723337997133,1.0,1.0,,control,,,alveolar basal epithelial cells,A549,True,lung adenocarcinoma,cell_line,human,drug,1001,4.0899796,0.7498296,1,,,True,control,1001
G11_B02_RT_752,1501,12.0,9.71306922695465e-06,0.0002719659383547,1.0,,control,,,alveolar basal epithelial cells,A549,True,lung adenocarcinoma,cell_line,human,drug,1016,4.5969353,0.19986676,1,,,True,control,1016
G12_A01_RT_428,1004,18.0,8.93068690762432e-10,1.60752364337238e-08,1.0,,control,,,alveolar basal epithelial cells,A549,True,lung adenocarcinoma,cell_line,human,drug,767,4.38247,1.0956175,1,,,True,control,767
G12_B02_RT_439,1095,9.0,2.01970777904226e-05,0.0003029561668563,1.0,,control,,,alveolar basal epithelial cells,A549,True,lung adenocarcinoma,cell_line,human,drug,827,3.652968,0.1826484,1,,,True,control,827
G12_B02_RT_484,1194,6.0,1.76651728847389e-05,0.0002826427661558,1.0,,control,,,alveolar basal epithelial cells,A549,True,lung adenocarcinoma,cell_line,human,drug,865,7.035176,0.58626467,1,,,True,control,865
G12_B02_RT_497,1807,11.0,0.063307308542305,0.596689452988731,1.0,,control,,,alveolar basal epithelial cells,A549,True,lung adenocarcinoma,cell_line,human,drug,1267,1.9369121,0.44272274,1,,,True,control,1267
G12_B02_RT_716,1143,10.0,7.96348477977495e-39,2.54831512952798e-37,1.0,,control,,,alveolar basal epithelial cells,A549,True,lung adenocarcinoma,cell_line,human,drug,827,8.486439,0.17497812,1,,,True,control,827
H01_A01_RT_394,1175,,,,,,control,,,alveolar basal epithelial cells,A549,True,lung adenocarcinoma,cell_line,human,drug,817,3.319149,0.25531915,1,,,True,control,817
H01_A01_RT_491,2481,5.0,7.02460545406142e-52,2.10738163621843e-50,1.0,,control,,,alveolar basal epithelial cells,A549,True,lung adenocarcinoma,cell_line,human,drug,1592,4.1515517,1.0479646,1,,,True,control,1592
H01_A01_RT_559,1578,,,,,,control,,,alveolar basal epithelial cells,A549,True,lung adenocarcinoma,cell_line,human,drug,1069,5.830165,1.3941698,1,,,True,control,1069
H01_A01_RT_644,2739,25.0,6.1174970247291e-87,2.44699880989164e-85,1.0,,control,,,alveolar basal epithelial cells,A549,True,lung adenocarcinoma,cell_line,human,drug,1736,7.4844832,1.3143483,1,,,True,control,1736
H01_B02_RT_433,1845,7.0,2.2660473912254704e-09,1.01972132605146e-07,1.0,,control,,,alveolar basal epithelial cells,A549,True,lung adenocarcinoma,cell_line,human,drug,1213,2.00542,0.2710027,1,,,True,control,1213
H01_B02_RT_438,1061,5.0,1.32298895914463e-15,6.61494479572313e-14,1.0,,control,,,alveolar basal epithelial cells,A549,True,lung adenocarcinoma,cell_line,human,drug,763,6.409048,0.28275213,1,,,True,control,763
H01_B02_RT_516,1065,4.0,0.356908949160685,1.0,1.0,,control,,,alveolar basal epithelial cells,A549,True,lung adenocarcinoma,cell_line,human,drug,766,5.0704226,0.46948355,1,,,True,control,766
H01_B02_RT_572,1647,7.0,8.22943369599578e-27,4.77307154367755e-25,1.0,,control,,,alveolar basal epithelial cells,A549,True,lung adenocarcinoma,cell_line,human,drug,1110,3.8251367,0.30358228,1,,,True,control,1110
H01_B02_RT_622,1003,2.0,0.998139513953192,1.0,1.0,,control,,,alveolar basal epithelial cells,A549,True,lung adenocarcinoma,cell_line,human,drug,744,6.4805584,0.0997009,1,,,True,control,744
H01_B02_RT_668,1061,2.0,0.998139513953192,1.0,1.0,,control,,,alveolar basal epithelial cells,A549,True,lung adenocarcinoma,cell_line,human,drug,759,2.8275213,0.37700284,1,,,True,control,759
H01_B02_RT_727,1571,6.0,6.23206832784691e-16,3.1783548472019204e-14,1.0,,control,,,alveolar basal epithelial cells,A549,True,lung adenocarcinoma,cell_line,human,drug,1101,3.691916,0.5092298,1,,,True,control,1101
H02_B02_RT_433,1210,3.0,5.1781693476425296e-18,1.13919725648136e-16,1.0,,control,,,alveolar basal epithelial cells,A549,True,lung adenocarcinoma,cell_line,human,drug,870,1.5702479,0.41322315,1,,,True,control,870
H02_B02_RT_467,1931,5.0,8.24248244127387e-30,2.30789508355668e-28,1.0,,control,,,alveolar basal epithelial cells,A549,True,lung adenocarcinoma,cell_line,human,drug,1236,9.166235,0.6732263,1,,,True,control,1236
H02_B02_RT_484,1079,,,,,,control,,,alveolar basal epithelial cells,A549,True,lung adenocarcinoma,cell_line,human,drug,783,5.931418,0.37071362,1,,,True,control,783
H02_B02_RT_533,1121,,,,,,control,,,alveolar basal epithelial cells,A549,True,lung adenocarcinoma,cell_line,human,drug,793,7.5825157,0.44603032,1,,,True,control,793
H02_B02_RT_604,1207,,,,,,control,,,alveolar basal epithelial cells,A549,True,lung adenocarcinoma,cell_line,human,drug,875,2.319801,0.0,1,,,True,control,875
H02_B02_RT_668,1031,4.0,3.02379179889476e-08,4.83806687823161e-07,1.0,,control,,,alveolar basal epithelial cells,A549,True,lung adenocarcinoma,cell_line,human,drug,745,3.685742,0.29097962,1,,,True,control,745
H02_B02_RT_716,1198,,,,,,control,,,alveolar basal epithelial cells,A549,True,lung adenocarcinoma,cell_line,human,drug,851,6.7612686,0.25041735,1,,,True,control,851
H03_A01_RT_635,1296,9.0,0.9721564900149,1.0,1.0,,control,,,alveolar basal epithelial cells,A549,True,lung adenocarcinoma,cell_line,human,drug,937,4.4753084,0.61728394,1,,,True,control,937
H03_B02_RT_432,1452,8.0,8.879285781419541e-15,2.75257859224006e-13,1.0,,control,,,alveolar basal epithelial cells,A549,True,lung adenocarcinoma,cell_line,human,drug,1003,5.1652894,0.3443526,1,,,True,control,1003
H03_B02_RT_455,1046,7.0,0.0230540333885476,0.322756467439666,1.0,,control,,,alveolar basal epithelial cells,A549,True,lung adenocarcinoma,cell_line,human,drug,776,5.544933,0.86042064,1,,,True,control,776
H03_B02_RT_497,2185,5.0,0.0029159626912634,0.0437394403689511,1.0,,control,,,alveolar basal epithelial cells,A549,True,lung adenocarcinoma,cell_line,human,drug,1430,1.8764302,0.36613274,1,,,True,control,1430
H03_B02_RT_566,1180,,,,,,control,,,alveolar basal epithelial cells,A549,True,lung adenocarcinoma,cell_line,human,drug,842,2.6271186,0.33898306,1,,,True,control,842
H03_B02_RT_623,1101,5.0,1.05898799575301e-34,4.0241543838614295e-33,1.0,,control,,,alveolar basal epithelial cells,A549,True,lung adenocarcinoma,cell_line,human,drug,801,3.0881016,0.63578564,1,,,True,control,801
H03_B02_RT_646,2481,6.0,9.04971682779757e-34,3.3483952262851e-32,1.0,,control,,,alveolar basal epithelial cells,A549,True,lung adenocarcinoma,cell_line,human,drug,1521,8.222491,1.4107215,1,,,True,control,1521
H04_A01_RT_503,1435,4.0,5.7408337108276e-18,4.59266696866208e-17,1.0,,control,,,alveolar basal epithelial cells,A549,True,lung adenocarcinoma,cell_line,human,drug,1028,3.9721255,0.34843206,1,,,True,control,1028
H04_B02_RT_432,1763,8.0,0.969982568161527,1.0,1.0,,control,,,alveolar basal epithelial cells,A549,True,lung adenocarcinoma,cell_line,human,drug,1145,5.5587068,0.39705047,1,,,True,control,1145
H04_B02_RT_468,1015,4.0,0.0001363839328635,0.0042279019187695,1.0,,control,,,alveolar basal epithelial cells,A549,True,lung adenocarcinoma,cell_line,human,drug,729,4.5320196,0.591133,1,,,True,control,729
H04_B02_RT_499,1236,3.0,5.47814444206495e-44,2.7938536654531298e-42,1.0,,control,,,alveolar basal epithelial cells,A549,True,lung adenocarcinoma,cell_line,human,drug,868,5.420712,0.16181229,1,,,True,control,868
H04_B02_RT_758,1152,3.0,0.796382883421729,1.0,1.0,,control,,,alveolar basal epithelial cells,A549,True,lung adenocarcinoma,cell_line,human,drug,801,5.9895835,0.26041666,1,,,True,control,801
H05_A01_RT_457,3093,7.0,2.6281560464448698e-22,4.20504967431179e-21,1.0,,control,,,alveolar basal epithelial cells,A549,True,lung adenocarcinoma,cell_line,human,drug,1837,7.5008082,1.2285807,1,,,True,control,1837
H05_A01_RT_467,1148,5.0,7.25631684936924e-52,1.59638970686123e-50,1.0,,control,,,alveolar basal epithelial cells,A549,True,lung adenocarcinoma,cell_line,human,drug,803,10.8013935,0.6097561,1,,,True,control,803
H05_A01_RT_630,1313,4.0,0.421856317216778,1.0,1.0,,control,,,alveolar basal epithelial cells,A549,True,lung adenocarcinoma,cell_line,human,drug,916,5.788271,0.6092917,1,,,True,control,916
H05_B02_RT_397,2384,5.0,6.96415788630688e-17,2.0892473658920603e-15,1.0,,control,,,alveolar basal epithelial cells,A549,True,lung adenocarcinoma,cell_line,human,drug,1463,4.6979866,0.37751678,1,,,True,control,1463
H05_B02_RT_489,1075,7.0,0.0007465978965133,0.0126921642407276,1.0,,control,,,alveolar basal epithelial cells,A549,True,lung adenocarcinoma,cell_line,human,drug,761,11.255814,0.8372093,1,,,True,control,761
H05_B02_RT_575,1345,10.0,1.57055561406341e-06,2.98405566672047e-05,1.0,,control,,,alveolar basal epithelial cells,A549,True,lung adenocarcinoma,cell_line,human,drug,974,3.197026,0.29739776,1,,,True,control,974
H05_B02_RT_629,1206,3.0,0.120283323725548,1.0,1.0,,control,,,alveolar basal epithelial cells,A549,True,lung adenocarcinoma,cell_line,human,drug,877,3.3996682,0.33167496,1,,,True,control,877
H05_B02_RT_637,1223,4.0,0.13882964763717,1.0,1.0,,control,,,alveolar basal epithelial cells,A549,True,lung adenocarcinoma,cell_line,human,drug,820,8.585445,0.40883073,1,,,True,control,820
H05_B02_RT_701,1282,8.0,1.9428065129446e-10,4.2741743284781105e-09,1.0,,control,,,alveolar basal epithelial cells,A549,True,lung adenocarcinoma,cell_line,human,drug,887,4.9141965,0.4680187,1,,,True,control,887
H05_B02_RT_736,6689,5.0,4.79357942132151e-05,0.0008628442958378,1.0,,control,,,alveolar basal epithelial cells,A549,True,lung adenocarcinoma,cell_line,human,drug,3118,10.150994,1.2557931,1,,,True,control,3118
H06_A01_RT_541,2496,3.0,1.16242316450471e-67,2.44108864545989e-66,1.0,,control,,,alveolar basal epithelial cells,A549,True,lung adenocarcinoma,cell_line,human,drug,1516,7.532051,1.4423077,1,,,True,control,1516
H06_B02_RT_433,1191,3.0,4.0497562145598404e-23,2.83482935019189e-22,1.0,,control,,,alveolar basal epithelial cells,A549,True,lung adenocarcinoma,cell_line,human,drug,842,2.0990765,0.6717045,1,,,True,control,842
H06_B02_RT_510,1049,,,,,,control,,,alveolar basal epithelial cells,A549,True,lung adenocarcinoma,cell_line,human,drug,767,2.7645376,0.95328885,1,,,True,control,767
H06_B02_RT_746,1087,3.0,1.04446139391531e-250,3.34227646052899e-249,1.0,,control,,,alveolar basal epithelial cells,A549,True,lung adenocarcinoma,cell_line,human,drug,788,3.5878565,0.64397424,1,,,True,control,788
H07_A01_RT_386,1321,4.0,1.5396303063236899e-22,1.53963030632369e-21,1.0,,control,,,alveolar basal epithelial cells,A549,True,lung adenocarcinoma,cell_line,human,drug,883,14.383043,2.2710068,1,,,True,control,883
H07_B02_RT_402,2164,8.0,8.259446702507e-06,0.0001238917005376,1.0,,control,,,alveolar basal epithelial cells,A549,True,lung adenocarcinoma,cell_line,human,drug,1349,4.297597,0.2310536,1,,,True,control,1349
H07_B02_RT_502,1488,3.0,0.151371413560303,0.908228481361817,1.0,,control,,,alveolar basal epithelial cells,A549,True,lung adenocarcinoma,cell_line,human,drug,1054,4.435484,0.13440861,1,,,True,control,1054
H07_B02_RT_604,1745,3.0,1.40309557719827e-13,2.80619115439655e-12,1.0,,control,,,alveolar basal epithelial cells,A549,True,lung adenocarcinoma,cell_line,human,drug,1158,2.7507164,0.5730659,1,,,True,control,1158
H07_B02_RT_617,2158,4.0,0.0845397546598268,0.676318037278615,1.0,,control,,,alveolar basal epithelial cells,A549,True,lung adenocarcinoma,cell_line,human,drug,1379,9.360519,0.37071362,1,,,True,control,1379
H07_B02_RT_752,1512,8.0,3.7978878939286997e-23,9.49471973482174e-22,1.0,,control,,,alveolar basal epithelial cells,A549,True,lung adenocarcinoma,cell_line,human,drug,1033,5.224868,0.85978836,1,,,True,control,1033
H08_A01_RT_400,1109,6.0,1.21758765600477e-05,6.08793828002386e-05,1.0,,control,,,alveolar basal epithelial cells,A549,True,lung adenocarcinoma,cell_line,human,drug,767,4.5085664,0.27051398,1,,,True,control,767
H08_B02_RT_424,1070,,,,,,control,,,alveolar basal epithelial cells,A549,True,lung adenocarcinoma,cell_line,human,drug,821,1.9626168,0.5607477,1,,,True,control,821
H08_B02_RT_635,1258,3.0,0.999999415011098,1.0,1.0,,control,,,alveolar basal epithelial cells,A549,True,lung adenocarcinoma,cell_line,human,drug,917,3.100159,0.5564388,1,,,True,control,917
H09_A01_RT_635,1023,9.0,4.6989941204350503e-45,2.81939647226103e-44,1.0,,control,,,alveolar basal epithelial cells,A549,True,lung adenocarcinoma,cell_line,human,drug,776,4.2033234,0.48875856,1,,,True,control,776
H09_B02_RT_397,1437,9.0,3.32670954634346e-06,3.99205145561215e-05,1.0,,control,,,alveolar basal epithelial cells,A549,True,lung adenocarcinoma,cell_line,human,drug,970,4.384134,0.7654836,1,,,True,control,970
H09_B02_RT_572,1056,7.0,1.00712756165393e-05,0.0001107840317819,1.0,,control,,,alveolar basal epithelial cells,A549,True,lung adenocarcinoma,cell_line,human,drug,737,6.25,0.2840909,1,,,True,control,737
H09_B02_RT_711,1453,9.0,9.31035888046737e-08,1.36551513829348e-06,1.0,,control,,,alveolar basal epithelial cells,A549,True,lung adenocarcinoma,cell_line,human,drug,973,6.744666,0.6882312,1,,,True,control,973
H10_B02_RT_393,1141,8.0,1.69753800834587e-12,4.0740912200301e-11,1.0,,control,,,alveolar basal epithelial cells,A549,True,lung adenocarcinoma,cell_line,human,drug,781,4.4697633,0.17528483,1,,,True,control,781
H10_B02_RT_463,1285,3.0,2.77099278642395e-08,5.5419855728479e-07,1.0,,control,,,alveolar basal epithelial cells,A549,True,lung adenocarcinoma,cell_line,human,drug,892,8.249027,0.23346303,1,,,True,control,892
H10_B02_RT_571,1004,8.0,7.13685007812344e-13,1.78421251953086e-11,1.0,,control,,,alveolar basal epithelial cells,A549,True,lung adenocarcinoma,cell_line,human,drug,719,3.9840639,0.3984064,1,,,True,control,719
H10_B02_RT_572,1394,7.0,1.44618080251725e-16,4.19392432730002e-15,1.0,,control,,,alveolar basal epithelial cells,A549,True,lung adenocarcinoma,cell_line,human,drug,998,5.954089,0.6456241,1,,,True,control,998
H11_B02_RT_397,2393,10.0,1.21717291721266e-19,2.92121500131039e-18,1.0,,control,,,alveolar basal epithelial cells,A549,True,lung adenocarcinoma,cell_line,human,drug,1423,6.727957,0.5014626,1,,,True,control,1423
H11_B02_RT_402,2291,6.0,6.35441116481449e-09,6.98985228129594e-08,1.0,,control,,,alveolar basal epithelial cells,A549,True,lung adenocarcinoma,cell_line,human,drug,1404,4.0157137,0.43649063,1,,,True,control,1404
H11_B02_RT_658,1110,5.0,2.7934522985060298e-18,6.14559505671326e-17,1.0,,control,,,alveolar basal epithelial cells,A549,True,lung adenocarcinoma,cell_line,human,drug,756,4.5045047,0.36036035,1,,,True,control,756
H11_B02_RT_702,1025,10.0,2.7078783425472e-35,7.85284719338689e-34,1.0,,control,,,alveolar basal epithelial cells,A549,True,lung adenocarcinoma,cell_line,human,drug,753,4.487805,0.68292683,1,,,True,control,753
H11_B02_RT_716,1047,,,,,,control,,,alveolar basal epithelial cells,A549,True,lung adenocarcinoma,cell_line,human,drug,748,7.5453677,0.47755492,1,,,True,control,748
H12_B02_RT_390,11095,12.0,3.0768864655874596e-28,4.30764105182244e-27,1.0,,control,,,alveolar basal epithelial cells,A549,True,lung adenocarcinoma,cell_line,human,drug,4204,13.916179,1.8476791,1,,,True,control,4204
H12_B02_RT_400,2147,13.0,6.50288255807391e-13,3.90172953484435e-12,1.0,,control,,,alveolar basal epithelial cells,A549,True,lung adenocarcinoma,cell_line,human,drug,1317,4.890545,0.65207267,1,,,True,control,1317
H12_B02_RT_406,1020,8.0,1.22809267202143e-38,2.33337607684072e-37,1.0,,control,,,alveolar basal epithelial cells,A549,True,lung adenocarcinoma,cell_line,human,drug,721,6.1764708,0.19607843,1,,,True,control,721
