cluster,rank,pathway,p_value,z_score,combined_score,overlapping_genes,adjusted_p_value
0,1,Antigen processing and presentation,5.503713155246304e-19,95.13875598086125,3999.9847233837318,CD74;HLA-DMA;HSPA6;HLA-B;HLA-DPB1;HLA-DRA;HLA-C;HLA-A;HSPA1B;HLA-DRB1;HSPA1A;HLA-DPA1,4.237859129539654e-17
0,2,Allograft rejection,3.9133268938836753e-14,126.47619047619048,3904.548089906615,HLA-DMA;HLA-B;HLA-DPB1;HLA-C;HLA-DRA;HLA-A;HLA-DRB1;HLA-DPA1,1.506630854145215e-12
0,4,Graft-versus-host disease,9.374779210134299e-14,111.57422969187675,3347.0225181484843,HLA-DMA;HLA-B;HLA-DPB1;HLA-C;HLA-DRA;HLA-A;HLA-DRB1;HLA-DPA1,1.770403812414936e-12
0,5,Type I diabetes mellitus,1.149612865204504e-13,108.38095238095238,3229.1217080910374,HLA-DMA;HLA-B;HLA-DPB1;HLA-C;HLA-DRA;HLA-A;HLA-DRB1;HLA-DPA1,1.770403812414936e-12
0,3,Cell adhesion molecules,7.290967791354719e-14,40.79037993636534,1233.8908417105151,HLA-DMA;PTPRC;SELL;HLA-B;HLA-DPB1;HLA-DRA;HLA-C;HLA-A;HLA-DRB1;CD99;HLA-DPA1,1.770403812414936e-12
0,6,Autoimmune thyroid disease,6.896786705474897e-13,84.25396825396825,2359.326009337104,HLA-DMA;HLA-B;HLA-DPB1;HLA-DRA;HLA-C;HLA-A;HLA-DRB1;HLA-DPA1,8.850876272026119e-12
0,7,Viral myocarditis,1.9650992916004536e-12,72.88644688644689,1964.6890404589114,HLA-DMA;HLA-B;HLA-DPB1;HLA-DRA;HLA-C;HLA-A;HLA-DRB1;HLA-DPA1,2.161609220760499e-11
0,8,Phagosome,1.2796482685892785e-10,30.404741599863552,692.5976868330727,HLA-DMA;HLA-B;HLA-DPB1;HLA-DRA;HLA-C;HLA-A;CORO1A;HLA-DRB1;HLA-DPA1,1.2316614585171807e-09
0,9,Toxoplasmosis,3.3135300107779077e-10,36.34798534798535,793.3978936498781,HLA-DMA;HSPA6;HLA-DPB1;HLA-DRA;HSPA1B;HLA-DRB1;HSPA1A;HLA-DPA1,2.8349090092210986e-09
0,10,Asthma,1.2861415497107111e-08,85.14529914529915,1547.0078397459679,HLA-DMA;HLA-DPB1;HLA-DRA;HLA-DRB1;HLA-DPA1,9.903289932772476e-08
0,11,Tuberculosis,1.4320695645998255e-08,21.902547065337764,395.5941701190535,CD74;HLA-DMA;HLA-DPB1;HLA-DRA;LSP1;CORO1A;HLA-DRB1;HLA-DPA1,1.0024486952198778e-07
0,12,Epstein-Barr virus infection,3.517479805088633e-08,19.39715267550319,332.9120894714375,HLA-DMA;HLA-B;HLA-DPB1;HLA-DRA;HLA-C;HLA-A;HLA-DRB1;HLA-DPA1,2.2570495415985395e-07
0,13,Human T-cell leukemia virus 1 infection,6.575174979453356e-08,17.819002482509593,294.679607316203,HLA-DMA;HLA-B;HLA-DPB1;HLA-DRA;HLA-C;HLA-A;HLA-DRB1;HLA-DPA1,3.894526718599296e-07
0,14,Intestinal immune network for IgA production,1.2554800113082946e-07,51.43927648578811,817.3998184079808,HLA-DMA;HLA-DPB1;HLA-DRA;HLA-DRB1;HLA-DPA1,6.90514006219562e-07
0,15,Hematopoietic cell lineage,1.6815980520974084e-07,29.1158357771261,454.15902867743614,HLA-DMA;HLA-DPB1;HLA-DRA;CD37;HLA-DRB1;HLA-DPA1,8.63220333410003e-07
0,16,Influenza A,2.2519204730402957e-07,19.520084566596193,298.7805096248113,DNAJB1;HLA-DMA;HLA-DPB1;TNFSF10;HLA-DRA;HLA-DRB1;HLA-DPA1,1.0837367276506422e-06
0,17,Inflammatory bowel disease,5.866258673378237e-07,36.833333333333336,528.5170278554614,HLA-DMA;HLA-DPB1;HLA-DRA;HLA-DRB1;HLA-DPA1,2.657070105000731e-06
0,18,Natural killer cell mediated cytotoxicity,8.829100290845922e-07,21.62727272727273,301.48510170936146,HLA-B;TNFSF10;HLA-C;CD48;HLA-A;HCST,3.7768929021952e-06
0,19,Leishmaniasis,1.3720031205746515e-06,30.675925925925927,414.1016480799777,HLA-DMA;HLA-DPB1;HLA-DRA;HLA-DRB1;HLA-DPA1,5.5602231728551665e-06
0,20,Th1 and Th2 cell differentiation,3.320217744689286e-06,25.367816091954023,320.02718140805626,HLA-DMA;HLA-DPB1;HLA-DRA;HLA-DRB1;HLA-DPA1,1.225803192193432e-05
0,22,Rheumatoid arthritis,3.502294834838377e-06,25.078282828282827,315.0356995323513,HLA-DMA;HLA-DPB1;HLA-DRA;HLA-DRB1;HLA-DPA1,1.225803192193432e-05
0,21,Herpes simplex virus 1 infection,3.459533406657216e-06,8.73604668562023,109.85034304305006,CD74;HLA-DMA;HLA-B;HLA-DPB1;HLA-DRA;HLA-C;HLA-A;HLA-DRB1;HLA-DPA1,1.225803192193432e-05
0,23,Staphylococcus aureus infection,3.889944352383521e-06,24.51851851851852,305.43002211841866,HLA-DMA;HLA-DPB1;HLA-DRA;HLA-DRB1;HLA-DPA1,1.3022857179718746e-05
0,24,Th17 cell differentiation,6.978471871693315e-06,21.62091503267974,256.69821834848716,HLA-DMA;HLA-DPB1;HLA-DRA;HLA-DRB1;HLA-DPA1,2.238926392168272e-05
0,25,Systemic lupus erythematosus,2.1595183370863462e-05,16.94017094017094,181.9889384254388,HLA-DMA;HLA-DPB1;HLA-DRA;HLA-DRB1;HLA-DPA1,6.651316478225947e-05
0,26,Endocytosis,3.7657024505551385e-05,10.922394678492239,111.26633680453334,HSPA6;HLA-B;HLA-C;HLA-A;HSPA1B;HSPA1A,0.0001115227264202868
0,27,Legionellosis,0.0003911590889551034,23.5177304964539,184.52943128485038,HSPA6;HSPA1B;HSPA1A,0.0011155277722052948
0,28,Cellular senescence,0.0006204461969792592,11.326086956521738,83.64396387173055,HLA-B;HLA-C;HLA-A;ZFP36L2,0.0017062270416929627
0,29,Protein processing in endoplasmic reticulum,0.0008744834203776795,10.300963290809685,72.53811876899752,DNAJB1;HSPA6;HSPA1B;HSPA1A,0.0023219042541062526
0,30,Kaposi sarcoma-associated herpesvirus infection,0.001368609638449118,9.091787439613526,59.950881949873555,HLA-B;HLA-C;HLA-A;GNG11,0.00351276473868607
0,31,Human immunodeficiency virus 1 infection,0.0019299146354208596,8.253344481605351,51.585709880853,HLA-B;HLA-C;HLA-A;GNG11,0.004793658933142135
0,32,Lipid and atherosclerosis,0.0020311501276339306,8.134762002884813,50.42863493362163,HSPA6;TNFSF10;HSPA1B;HSPA1A,0.004887454994619145
0,33,Longevity regulating pathway,0.002121212982648662,12.798839458413926,78.78667603753651,HSPA6;HSPA1B;HSPA1A,0.004949496959513545
0,34,Human cytomegalovirus infection,0.002395146562760475,7.762738540232147,46.84277743540076,HLA-B;HLA-C;HLA-A;GNG11,0.005424302509781076
0,35,Estrogen signaling pathway,0.004871849321860696,9.439187043505875,50.256890616051635,HSPA6;HSPA1B;HSPA1A,0.010718068508093533
0,36,Measles,0.005072238171854362,9.299436795994994,49.137973919606814,HSPA6;HSPA1B;HSPA1A,0.010848953867577385
0,38,Spliceosome,0.006263172330545126,8.598784194528875,43.62222089301041,HSPA6;HSPA1B;HSPA1A,0.01269116498557828
0,37,MAPK signaling pathway,0.006196027703171174,5.895052473763118,29.969544157417683,HSPA6;HSPB1;HSPA1B;HSPA1A,0.01269116498557828
0,39,Viral carcinogenesis,0.014232378783234469,6.303191489361702,26.802655963713278,HLA-B;HLA-C;HLA-A,0.028099824777155235
0,40,Prion disease,0.030787813154406297,4.652482269503546,16.193598877553605,HSPA6;HSPA1B;HSPA1A,0.05926654032223212
0,41,Human papillomavirus infection,0.049767091383155396,3.81850025947068,11.457033253248003,HLA-B;HLA-C;HLA-A,0.09346502528056012
0,42,NOD-like receptor signaling pathway,0.07523531338174881,4.602188081936685,11.90647986328784,TXNIP;GBP4,0.13793140786653948
0,43,Primary immunodeficiency,0.09081511663134849,10.983452840595698,26.34852930034076,PTPRC,0.1626224181538101
0,44,Vasopressin-regulated water reabsorption,0.10439524246477773,9.448030374940673,21.34849709415977,AVP,0.18269167431336103
0,45,Salmonella infection,0.12840111300152676,3.323717948717949,6.822250896314676,PTPRC;TNFSF10,0.21970857113594577
0,46,VEGF signaling pathway,0.1374818510452552,6.9992962702322306,13.8884471557023,HSPB1,0.23013266370618807
0,47,GABAergic synapse,0.20010134077429026,4.6062152133580705,7.411084001248333,GNG11,0.3158621029775495
0,48,Morphine addiction,0.20411376209311863,4.503401360544218,7.156255051106618,GNG11,0.3158621029775495
0,50,Circadian entrainment,0.2160330472811356,4.220663265306122,6.46742313757927,GNG11,0.3158621029775495
0,51,Fc gamma R-mediated phagocytosis,0.2160330472811356,4.220663265306122,6.46742313757927,PTPRC,0.3158621029775495
0,52,mRNA surveillance pathway,0.21800251374840374,4.176940879444562,6.362519703204576,MSI2,0.3158621029775495
0,53,Viral protein interaction with cytokine and cytokine receptor,0.22192691156038513,4.092145949288806,6.1603458876211565,TNFSF10,0.3158621029775495
0,54,Amoebiasis,0.2258320069783284,4.010709234188725,5.967790506031058,HSPB1,0.3158621029775495
0,55,T cell receptor signaling pathway,0.22971789307458146,3.932435109966317,5.78423168094792,PTPRC,0.3158621029775495
0,56,C-type lectin receptor signaling pathway,0.22971789307458146,3.932435109966317,5.78423168094792,LSP1,0.3158621029775495
0,49,Neuroactive ligand-receptor interaction,0.20964106712931346,2.4103982300884956,3.765905957717639,TRH;AVP,0.3158621029775495
0,57,Serotonergic synapse,0.2469691364760274,3.614795918367347,5.055262825364014,GNG11,0.31937342341882863
0,58,Cholinergic synapse,0.2469691364760274,3.614795918367347,5.055262825364014,GNG11,0.31937342341882863
0,59,Leukocyte transendothelial migration,0.24886240785882746,3.582625970742279,4.982913653406146,CD99,0.31937342341882863
0,60,Glutamatergic synapse,0.24886240785882746,3.582625970742279,4.982913653406146,GNG11,0.31937342341882863
0,61,Relaxin signaling pathway,0.2767079241059198,3.1603954081632653,4.060453122404681,GNG11,0.34164046247734314
0,62,FoxO signaling pathway,0.28034336849839514,3.111459968602826,3.956968446025251,TNFSF10,0.34164046247734314
0,63,Dopaminergic synapse,0.28215436939905053,3.087552578283222,3.906683206158155,GNG11,0.34164046247734314
0,64,Vascular smooth muscle contraction,0.28396090387727224,3.0640074211502784,3.857336278341556,AVP,0.34164046247734314
0,65,Apelin signaling pathway,0.2911425929329805,2.9732893157262907,3.668866926816198,GNG11,0.3448919947052231
0,66,Apoptosis,0.30002049698269956,2.8671298306556667,3.4517504575709377,TNFSF10,0.35002391314648285
0,67,Phospholipase D signaling pathway,0.3105302270346101,2.749271137026239,3.215201203875706,AVP,0.3516298159068379
0,68,Retrograde endocannabinoid signaling,0.3105302270346101,2.749271137026239,3.215201203875706,GNG11,0.3516298159068379
0,69,Necroptosis,0.32939791820297204,2.5564453629553086,2.8389038953772054,TNFSF10,0.3675889811830268
0,70,Alcoholism,0.3735903703808139,2.1803640375068944,2.146776288649915,GNG11,0.409614602662084
0,71,Transcriptional misregulation in cancer,0.38301625183987076,2.111229832247035,2.02610052252205,MLLT3,0.409614602662084
0,72,Chemokine signaling pathway,0.38301625183987076,2.111229832247035,2.02610052252205,GNG11,0.409614602662084
0,73,Pathogenic Escherichia coli infection,0.3907648554462843,2.056851311953353,1.9327188803146698,TNFSF10,0.41217662834745056
0,74,Ras signaling pathway,0.4423976147030889,1.7421150278293136,1.420775326637273,GNG11,0.46033265313699795
0,75,Cytokine-cytokine receptor interaction,0.5247480242056516,1.3644314868804666,0.8798360233634043,TNFSF10,0.5387413048511356
0,76,PI3K-Akt signaling pathway,0.5909956578792304,1.1329710354396716,0.5958822738188654,GNG11,0.598771916535536
0,77,Pathways in cancer,0.7400095475471683,0.7477859068155565,0.2251524969148015,GNG11,0.7400095475471683
1,3,Legionellosis,1.2380444596031718e-05,32.644790812141096,368.8663005138405,BNIP3;HSPA6;HSPA1B;HSPA1A,0.00038148560555949544
1,1,Protein processing in endoplasmic reticulum,4.162830651888298e-06,16.35123966942149,202.58066331854243,ERN1;DNAJB1;HSP90AA1;HSPA6;HSPA1B;HSPA1A,0.00038148560555949544
1,4,Lipid and atherosclerosis,1.5413559820585674e-05,12.880165289256198,142.71561796278468,ERN1;HSP90AA1;HSPA6;CD36;HSPA1B;HSPA1A,0.00038148560555949544
1,2,MAPK signaling pathway,8.028992249726572e-06,11.153148043108338,130.85376889012838,DUSP2;MYC;HSPA6;KIT;HSPB1;HSPA1B;HSPA1A,0.00038148560555949544
1,5,Antigen processing and presentation,4.301512988997168e-05,23.356051703877792,234.82077797050783,HSP90AA1;HSPA6;HSPA1B;HSPA1A,0.0008516995718214392
1,6,Cholesterol metabolism,0.00026526273964070014,27.02987777274785,222.5853605029436,APOC1;CD36;APOE,0.004376835204071552
1,7,Estrogen signaling pathway,0.00038005762975849497,12.956521739130435,102.03504010982898,HSP90AA1;HSPA6;HSPA1B;HSPA1A,0.005375100763727286
1,8,Hematopoietic cell lineage,0.0019479426217578455,13.200797872340425,82.3859356912581,TFRC;KIT;CD36,0.023333342809135283
1,9,Longevity regulating pathway,0.002121212982648662,12.798839458413926,78.78667603753651,HSPA6;HSPA1B;HSPA1A,0.023333342809135283
1,10,Toxoplasmosis,0.002766936229061339,11.618778059730626,68.43477270112554,HSPA6;HSPA1B;HSPA1A,0.02739266866770726
1,11,Endocytosis,0.003598013122623987,6.9081346423562415,38.87465379499725,TFRC;HSPA6;HSPA1B;HSPA1A,0.03238211810361588
1,12,Ferroptosis,0.004719495169738577,21.272435897435898,113.93630347986566,TFRC;SAT1,0.03586796992954156
1,13,Autophagy,0.004871849321860696,9.439187043505875,50.256890616051635,ERN1;BNIP3;DDIT4,0.03586796992954156
1,14,Measles,0.005072238171854362,9.299436795994994,49.137973919606814,HSPA6;HSPA1B;HSPA1A,0.03586796992954156
1,17,Arginine and proline metabolism,0.006950299465156898,17.276041666666668,85.84414194819459,OAT;SAT1,0.03822664705836294
1,18,Malaria,0.006950299465156898,17.276041666666668,85.84414194819459,GYPB;CD36,0.03822664705836294
1,15,Breast cancer,0.005923308456942808,8.779255319148936,45.02757253551548,MYC;KIT;HES1,0.03822664705836294
1,16,Spliceosome,0.006263172330545126,8.598784194528875,43.62222089301041,HSPA6;HSPA1B;HSPA1A,0.03822664705836294
1,20,Acute myeloid leukemia,0.012210781302115073,12.746794871794872,56.15518906635068,MYC;KIT,0.05921563487024531
1,21,Mitophagy,0.01256089224520355,12.553030303030303,54.94671101969335,BNIP3L;BNIP3,0.05921563487024531
1,19,PI3K-Akt signaling pathway,0.011719336488002824,4.869565217391305,21.652595318687055,HSP90AA1;MYC;KIT;DDIT4,0.05921563487024531
1,22,Central carbon metabolism in cancer,0.013274200561286012,12.182598039215685,52.65237170003471,MYC;KIT,0.05973390252578706
1,23,PPAR signaling pathway,0.014752518467007555,11.503472222222221,48.50256694786101,PLIN2;CD36,0.06349997079277164
1,24,Salmonella infection,0.02432234530488415,5.112610275038921,19.00029925474201,HSP90AA1;MYC;RHOB,0.10032967438264713
1,25,Prion disease,0.030787813154406297,4.652482269503546,16.193598877553605,HSPA6;HSPA1B;HSPA1A,0.12191974009144893
1,26,Pathways in cancer,0.04334694919746572,3.2048510848939857,10.058485875648007,HSP90AA1;MYC;KIT;HES1,0.16505184502111947
1,27,Histidine metabolism,0.05360719859925478,19.367346938775512,56.67024999786951,HDC,0.19605248583697435
1,28,Phagosome,0.0554491879134877,5.5,15.907585158720506,TFRC;CD36,0.19605248583697435
1,29,Maturity onset diabetes of the young,0.06304672495404354,16.26530612244898,44.95534064809558,HES1,0.21522847484311414
1,30,Butanoate metabolism,0.0677318256109869,15.058956916099774,40.541710435272364,ACSM3,0.22351502451625674
1,31,Asthma,0.07471646000262763,13.551020408163266,35.15209038871121,PRG2,0.23275925077478538
1,32,NOD-like receptor signaling pathway,0.07523531338174881,4.602188081936685,11.90647986328784,HSP90AA1;TXNIP,0.23275925077478538
1,33,Thyroid cancer,0.08853222789026767,11.289115646258503,27.36920368672352,MYC,0.26319478521677175
1,34,Epstein-Barr virus infection,0.09075856660544276,4.114583333333333,9.87315836367001,MYC;HES1,0.26319478521677175
1,35,Proteoglycans in cancer,0.09304866144027284,4.05316091954023,9.62476838242684,MYC;ANK1,0.26319478521677175
1,36,Bladder cancer,0.09763021468476817,10.158163265306122,23.633660200289185,MYC,0.26611662246479406
1,37,Fat digestion and absorption,0.10214577427941592,9.673469387755102,22.068611238785657,CD36,0.26611662246479406
1,38,Porphyrin and chlorophyll metabolism,0.10214577427941592,9.673469387755102,22.068611238785657,HMBS,0.26611662246479406
1,39,Chemical carcinogenesis,0.12010318686503207,3.465717299578059,7.345255160108276,HSP90AA1;MYC,0.30487732050354294
1,40,Fanconi anemia pathway,0.1265883240687765,7.661532537543319,15.834970375184442,HES1,0.3133061020702218
1,41,Endometrial cancer,0.13531385173981347,7.122448979591836,14.246025949065045,MYC,0.31420017687024143
1,42,VEGF signaling pathway,0.1374818510452552,6.9992962702322306,13.8884471557023,HSPB1,0.31420017687024143
1,43,Notch signaling pathway,0.1374818510452552,6.9992962702322306,13.8884471557023,HES1,0.31420017687024143
1,44,Mineral absorption,0.13964452305344063,6.88031822898651,13.544974303558986,MT1X,0.31420017687024143
1,45,Retinol metabolism,0.15675564908065587,6.0563508985683825,11.222824361971771,DHRS9,0.34191791172245145
1,46,Adipocytokine signaling pathway,0.15887094888113906,5.966986794717887,10.977245117600177,CD36,0.34191791172245145
1,47,Chronic myeloid leukemia,0.17353313536390655,5.408163265306122,9.4717853003048,MYC,0.3645472030807114
1,49,ErbB signaling pathway,0.19201693664513086,4.826530612244898,7.964604221414354,MYC,0.3645472030807114
1,50,Colorectal cancer,0.19404551285483848,4.769507803121249,7.820383303288144,MYC,0.3645472030807114
1,51,ECM-receptor interaction,0.19808770290364253,4.659394792399718,7.5437717166037235,CD36,0.3645472030807114
1,53,Small cell lung cancer,0.20611256943631576,4.453689167974883,7.03385741012878,MYC,0.3645472030807114
1,54,Salivary secretion,0.2081064570390282,4.40505767524401,6.914643337844717,CST3,0.3645472030807114
1,56,TGF-beta signaling pathway,0.2100954368002021,4.357472021066491,6.79849904676328,MYC,0.3645472030807114
1,57,IL-17 signaling pathway,0.2100954368002021,4.357472021066491,6.79849904676328,HSP90AA1,0.3645472030807114
1,58,Prostate cancer,0.2160330472811356,4.220663265306122,6.46742313757927,HSP90AA1,0.3645472030807114
1,59,Progesterone-mediated oocyte maturation,0.22192691156038513,4.092145949288806,6.1603458876211565,HSP90AA1,0.3645472030807114
1,60,Melanogenesis,0.22388186624120487,4.051020408163265,6.062906014187368,KIT,0.3645472030807114
1,61,Amoebiasis,0.2258320069783284,4.010709234188725,5.967790506031058,HSPB1,0.3645472030807114
1,63,Th17 cell differentiation,0.23551090700841826,3.8205621871390067,5.524525481436682,HSP90AA1,0.3645472030807114
1,64,Insulin resistance,0.23743240698267418,3.7846652679763495,5.441865346754643,CD36,0.3645472030807114
1,65,HIF-1 signaling pathway,0.23934917373986106,3.749433106575964,5.361058744932435,TFRC,0.3645472030807114
1,48,MicroRNAs in cancer,0.181502535739734,2.6571969696969697,4.53446850958879,MYC;DDIT4,0.3645472030807114
1,52,Human papillomavirus infection,0.20050517153183683,2.4849290780141846,3.993070404269077,HES6;HES1,0.3645472030807114
1,55,Neuroactive ligand-receptor interaction,0.20964106712931346,2.4103982300884956,3.765905957717639,P2RX5;NMU,0.3645472030807114
1,62,Alzheimer disease,0.23543748238339798,2.2233197093551316,3.215609236148146,ERN1;APOE,0.3645472030807114
1,66,AMPK signaling pathway,0.26012446216628154,3.4009603841536613,4.579716458908873,CD36,0.38711262725104495
1,67,Thyroid hormone signaling pathway,0.26198531339212133,3.372448979591837,4.517283552621874,MYC,0.38711262725104495
1,68,Cell cycle,0.2675403902734135,3.2896963663514187,4.337414433160371,MYC,0.38950733289805783
1,69,FoxO signaling pathway,0.28034336849839514,3.111459968602826,3.956968446025251,BNIP3,0.40092932461012487
1,70,Fluid shear stress and atherosclerosis,0.29470691822637646,2.929902395740905,3.579678317757992,HSP90AA1,0.40092932461012487
1,71,Apoptosis,0.30002049698269956,2.8671298306556667,3.4517504575709377,ERN1,0.40092932461012487
1,72,Signaling pathways regulating pluripotency of stem cells,0.3017829564686885,2.8467950560505892,3.410594866305226,MYC,0.40092932461012487
1,73,Spinocerebellar ataxia,0.3017829564686885,2.8467950560505892,3.410594866305226,ERN1,0.40092932461012487
1,74,Phospholipase D signaling pathway,0.3105302270346101,2.749271137026239,3.215201203875706,KIT,0.40092932461012487
1,75,Gastric cancer,0.3122667490151626,2.7305570876999448,3.1780885451938787,MYC,0.40092932461012487
1,76,mTOR signaling pathway,0.32088526962227143,2.640656262505002,3.0015590720273457,DDIT4,0.40092932461012487
1,77,Non-alcoholic fatty liver disease,0.3225962281219006,2.6233766233766236,2.9679671260643183,ERN1,0.40092932461012487
1,78,Cellular senescence,0.32430296197565434,2.6063199473337724,2.934917292064671,MYC,0.40092932461012487
1,79,Hepatitis C,0.3260054815208176,2.5894819466248036,2.902397750177957,MYC,0.40092932461012487
1,80,Necroptosis,0.32939791820297204,2.5564453629553086,2.8389038953772054,HSP90AA1,0.40092932461012487
1,81,Hepatitis B,0.3344552195120095,2.5084294587400175,2.747363087126053,MYC,0.40092932461012487
1,82,JAK-STAT signaling pathway,0.3344552195120095,2.5084294587400175,2.747363087126053,MYC,0.40092932461012487
1,83,Hippo signaling pathway,0.33613266608727643,2.492819349962207,2.717794694415788,MYC,0.40092932461012487
1,84,Wnt signaling pathway,0.34114018472714763,2.4471243042671613,2.6317886779390967,MYC,0.4011921962140156
1,85,Hepatocellular carcinoma,0.34445794624435677,2.4175730172308443,2.5766088705447237,MYC,0.4011921962140156
1,86,Influenza A,0.35104442503680444,2.360544217687075,2.4711180018684864,DNAJB1,0.4041092799842284
1,87,Transcriptional misregulation in cancer,0.38301625183987076,2.111229832247035,2.02610052252205,MYC,0.43264536703970374
1,88,Kaposi sarcoma-associated herpesvirus infection,0.38457365959084777,2.100127551020408,2.006923755847897,MYC,0.43264536703970374
1,89,Diabetic cardiomyopathy,0.3999373645428959,1.9951505354617094,1.8284503867148747,CD36,0.4448741470758056
1,90,Rap1 signaling pathway,0.41046765980788213,1.927643784786642,1.716486090768287,KIT,0.4515144257886704
1,91,Human T-cell leukemia virus 1 infection,0.42374084404297946,1.8472196217936716,1.5860841457604238,MYC,0.46099278637642815
1,92,Human cytomegalovirus infection,0.4324264624271356,1.7971938775510203,1.5066648999451786,MYC,0.4653284758726785
1,93,Ras signaling pathway,0.4423976147030889,1.7421150278293136,1.420775326637273,KIT,0.47093939629683657
1,94,Calcium signaling pathway,0.45358310414097847,1.6831184356587823,1.3306343458644796,P2RX5,0.4777098649995411
1,95,Shigellosis,0.4618276248188864,1.641399416909621,1.2680853834334544,BNIP3,0.4804635459649135
1,96,Parkinson disease,0.4659040445720373,1.6212969058591178,1.2383069829953701,ERN1,0.4804635459649135
1,97,Huntington disease,0.5378493420766995,1.314486450317832,0.8152139890333826,ERN1,0.5489390192329201
1,98,Amyotrophic lateral sclerosis,0.6012889018007975,1.1011975037949064,0.560156879867711,ERN1,0.6074245028395812
1,99,Pathways of neurodegeneration,0.6998036112134204,0.8385430121415655,0.29932257263147394,ERN1,0.6998036112134204
2,1,Allograft rejection,3.9133268938836753e-14,126.47619047619048,3904.548089906615,HLA-DMA;HLA-DRB5;HLA-DPB1;HLA-DRA;HLA-A;HLA-DQA2;HLA-DRB1;HLA-DPA1,4.061965457055914e-12
2,2,Graft-versus-host disease,9.374779210134299e-14,111.57422969187675,3347.0225181484843,HLA-DMA;HLA-DRB5;HLA-DPB1;HLA-DRA;HLA-A;HLA-DQA2;HLA-DRB1;HLA-DPA1,4.061965457055914e-12
2,3,Type I diabetes mellitus,1.149612865204504e-13,108.38095238095238,3229.1217080910374,HLA-DMA;HLA-DRB5;HLA-DPB1;HLA-DRA;HLA-A;HLA-DQA2;HLA-DRB1;HLA-DPA1,4.061965457055914e-12
2,4,Antigen processing and presentation,2.854372259351742e-13,63.24814422057264,1826.9071034730503,CD74;HLA-DRB5;HLA-DMA;HLA-DPB1;HLA-DRA;HLA-A;HLA-DQA2;HLA-DRB1;HLA-DPA1,7.564086487282115e-12
2,5,Autoimmune thyroid disease,6.896786705474897e-13,84.25396825396825,2359.326009337104,HLA-DRB5;HLA-DMA;HLA-DPB1;HLA-DRA;HLA-A;HLA-DQA2;HLA-DRB1;HLA-DPA1,1.4621187815606783e-11
2,6,Asthma,9.891545136168292e-13,135.15697674418604,3735.999128370149,HLA-DMA;HLA-DRB5;HLA-DPB1;HLA-DRA;HLA-DQA2;HLA-DRB1;HLA-DPA1,1.7475063073897318e-11
2,7,Viral myocarditis,1.9650992916004536e-12,72.88644688644689,1964.6890404589114,HLA-DRB5;HLA-DMA;HLA-DPB1;HLA-DRA;HLA-A;HLA-DQA2;HLA-DRB1;HLA-DPA1,2.975721784423544e-11
2,8,Cell adhesion molecules,2.8873193827325558e-12,35.891304347826086,953.6568146048203,HLA-DRB5;HLA-DMA;SELL;HLA-DPB1;HLA-DRA;HLA-A;HLA-DQA2;HLA-DRB1;CD99;HLA-DPA1,3.8256981821206366e-11
2,9,Phagosome,3.773715141221529e-12,34.87323943661972,917.2694621145728,HLA-DRB5;HLA-DMA;TUBA1A;HLA-DPB1;HLA-DRA;HLA-A;HLA-DQA2;CORO1A;HLA-DRB1;HLA-DPA1,4.444597832994246e-11
2,10,Leishmaniasis,1.5655664721630342e-11,54.88198757763975,1365.474185286319,HLA-DRB5;HLA-DMA;HLA-DPB1;HLA-DRA;FOS;HLA-DQA2;HLA-DRB1;HLA-DPA1,1.6595004604928163e-10
2,11,Tuberculosis,2.040019320666449e-11,29.08823529411765,716.0207794124121,CD74;HLA-DRB5;HLA-DMA;HLA-DPB1;HLA-DRA;LSP1;HLA-DQA2;CORO1A;HLA-DRB1;HLA-DPA1,1.965836799914942e-10
2,12,Intestinal immune network for IgA production,2.6825611810765497e-11,79.04878048780488,1924.178855839708,HLA-DMA;HLA-DRB5;HLA-DPB1;HLA-DRA;HLA-DQA2;HLA-DRB1;HLA-DPA1,2.3695957099509525e-10
2,13,Th1 and Th2 cell differentiation,6.733824450494511e-11,45.04761904761905,1055.073474380631,HLA-DRB5;HLA-DMA;HLA-DPB1;HLA-DRA;FOS;HLA-DQA2;HLA-DRB1;HLA-DPA1,5.490656859633985e-10
2,14,Rheumatoid arthritis,7.353827582462329e-11,44.515406162464984,1038.687546617838,HLA-DRB5;HLA-DMA;HLA-DPB1;HLA-DRA;FOS;HLA-DQA2;HLA-DRB1;HLA-DPA1,5.567898026721478e-10
2,15,Hematopoietic cell lineage,1.222418805260841e-10,41.56776556776557,948.7850557792265,HLA-DRB5;HLA-DMA;HLA-DPB1;HLA-DRA;CD37;HLA-DQA2;HLA-DRB1;HLA-DPA1,8.638426223843277e-10
2,16,Human T-cell leukemia virus 1 infection,1.4136160236029713e-10,23.613636363636363,535.5501875186159,ZFP36;HLA-DRB5;HLA-DMA;HLA-DPB1;HLA-DRA;FOS;HLA-A;HLA-DQA2;HLA-DRB1;HLA-DPA1,9.365206156369685e-10
2,17,Th17 cell differentiation,2.2927846554554445e-10,38.19336219336219,847.7430695419758,HLA-DRB5;HLA-DMA;HLA-DPB1;HLA-DRA;FOS;HLA-DQA2;HLA-DRB1;HLA-DPA1,1.4296186675192772e-09
2,18,Inflammatory bowel disease,2.45659003353266e-10,55.83159582999198,1235.3900035956647,HLA-DRB5;HLA-DMA;HLA-DPB1;HLA-DRA;HLA-DQA2;HLA-DRB1;HLA-DPA1,1.4466585753025668e-09
2,19,Staphylococcus aureus infection,3.684903130833798e-09,36.74260042283298,713.5053512172497,HLA-DRB5;HLA-DMA;HLA-DPB1;HLA-DRA;HLA-DQA2;HLA-DRB1;HLA-DPA1,2.0557880624651716e-08
2,20,Influenza A,1.002977987126916e-08,22.980255516840884,423.2436170823547,HLA-DRB5;HLA-DMA;HLA-DPB1;HLA-DRA;PRSS2;HLA-DQA2;HLA-DRB1;HLA-DPA1,5.315783331772655e-08
2,21,Toxoplasmosis,1.1700021010097365e-08,30.767441860465116,561.9265648562503,HLA-DRB5;HLA-DMA;HLA-DPB1;HLA-DRA;HLA-DQA2;HLA-DRB1;HLA-DPA1,5.9057248908110505e-08
2,22,Epstein-Barr virus infection,3.517479805088633e-08,19.39715267550319,332.9120894714375,HLA-DRB5;HLA-DMA;HLA-DPB1;HLA-DRA;HLA-A;HLA-DQA2;HLA-DRB1;HLA-DPA1,1.6947857242699777e-07
2,23,Systemic lupus erythematosus,4.2809996276676373e-08,25.209665697674417,427.71964693839044,HLA-DRB5;HLA-DMA;HLA-DPB1;HLA-DRA;HLA-DQA2;HLA-DRB1;HLA-DPA1,1.972982437098998e-07
2,24,Herpes simplex virus 1 infection,3.459533406657216e-06,8.73604668562023,109.85034304305006,CD74;HLA-DRB5;HLA-DMA;HLA-DPB1;HLA-DRA;HLA-A;HLA-DQA2;HLA-DRB1;HLA-DPA1,1.5279605879402707e-05
2,25,Kaposi sarcoma-associated herpesvirus infection,0.001368609638449118,9.091787439613526,59.950881949873555,ZFP36;FOS;HLA-A;GNG11,0.005802904867024261
2,26,Natural killer cell mediated cytotoxicity,0.004299845025739212,9.884640957446809,53.86315121420032,CD48;HLA-A;HCST,0.017530137412629095
2,27,Transcriptional misregulation in cancer,0.012263449135789773,6.673758865248227,29.37209407315179,MEF2C;MLLT3;DUSP6,0.04814539290347096
2,28,Amphetamine addiction,0.012915373039423325,12.365049751243781,53.77976800231812,FOSB;FOS,0.04889391222067401
2,29,Human immunodeficiency virus 1 infection,0.015969630257828295,6.029013539651838,24.942429757967023,FOS;HLA-A;GNG11,0.05837175197688964
2,30,IL-17 signaling pathway,0.023131423352716708,8.993659420289855,33.87518721331595,FOSB;FOS,0.08173102917959903
2,31,Circadian entrainment,0.024523395696302068,8.708333333333334,32.29161197321332,FOS;GNG11,0.08385419173574256
2,32,"Parathyroid hormone synthesis, secretion and action",0.028898646186160913,7.951121794871795,28.178461808105727,MEF2C;FOS,0.09572676549165803
2,33,Cholinergic synapse,0.03250109931246501,7.447072072072072,25.517253680402074,FOS;GNG11,0.104397470518827
2,34,MAPK signaling pathway,0.03711748806712986,4.312129853037947,14.202719986223858,MEF2C;FOS;DUSP6,0.11571922750340487
2,35,Osteoclast differentiation,0.04020055744917771,6.608333333333333,21.238353436089685,FOSB;FOS,0.12175025970322391
2,36,Relaxin signaling pathway,0.041351953471259945,6.5036089238845145,20.718128222258283,FOS;GNG11,0.12175852966537651
2,37,Dopaminergic synapse,0.0431022856735813,6.352564102564102,19.973600244527297,FOS;GNG11,0.1234822238216113
2,38,Apelin signaling pathway,0.046080253337353536,6.1157407407407405,18.820401760879264,MEF2C;GNG11,0.12853799014896575
2,39,Fluid shear stress and atherosclerosis,0.04729227939443079,6.025851581508515,18.3873330672393,MEF2C;FOS,0.12853799014896575
2,40,Apoptosis,0.04913219876441706,5.895833333333333,17.765564841290935,TUBA1A;FOS,0.1302003267257052
2,41,Oxytocin signaling pathway,0.0567455048100272,5.427083333333333,15.571272642043727,MEF2C;FOS,0.14651339571868524
2,42,Cellular senescence,0.05805247754891302,5.356060606060606,15.245533180091437,HLA-A;ZFP36L2,0.14651339571868524
2,43,Alcoholism,0.07884713359091254,4.475996376811594,11.37012436768999,FOSB;GNG11,0.19436735257294718
2,44,Pathogenic Escherichia coli infection,0.08698049185623569,4.221153846153846,10.308359154488748,TUBA1A;FOS,0.20954391219911325
2,45,Vasopressin-regulated water reabsorption,0.10439524246477773,9.448030374940673,21.34849709415977,AVP,0.24590879336147645
2,46,Human cytomegalovirus infection,0.10873228209474609,3.685911808669656,8.178546402117632,HLA-A;GNG11,0.25055699787050184
2,47,Cocaine addiction,0.11555999902224065,8.46173469387755,18.260130793597916,FOSB,0.26062467864590444
2,48,Salmonella infection,0.12840111300152676,3.323717948717949,6.822250896314676,TUBA1A;FOS,0.28355245787837163
2,49,Acute myeloid leukemia,0.15463513630999146,6.148423005565863,11.477180657220888,DUSP6,0.3345168254869203
2,50,Prolactin signaling pathway,0.16098104828531062,5.880212954747116,10.740024519792764,FOS,0.34127982236485854
2,51,Pertussis,0.17353313536390655,5.408163265306122,9.4717853003048,FOS,0.3429591079705019
2,53,B cell receptor signaling pathway,0.18385247549919195,5.0688775510204085,8.584760541358477,FOS,0.3429591079705019
2,54,Colorectal cancer,0.19404551285483848,4.769507803121249,7.820383303288144,FOS,0.3429591079705019
2,55,Cardiac muscle contraction,0.19606909758966404,4.713811105837684,7.6801565438185,TPM4,0.3429591079705019
2,56,Gap junction,0.19808770290364253,4.659394792399718,7.5437717166037235,TUBA1A,0.3429591079705019
2,57,GABAergic synapse,0.20010134077429026,4.6062152133580705,7.411084001248333,GNG11,0.3429591079705019
2,58,PD-L1 expression and PD-1 checkpoint pathway in cancer,0.20010134077429026,4.6062152133580705,7.411084001248333,FOS,0.3429591079705019
2,59,Hypertrophic cardiomyopathy,0.20211002319239676,4.55423068103646,7.281955543769811,TPM4,0.3429591079705019
2,60,Morphine addiction,0.20411376209311863,4.503401360544218,7.156255051106618,GNG11,0.3429591079705019
2,62,Dilated cardiomyopathy,0.2140587201245348,4.26530612244898,6.5749903239841245,TPM4,0.3429591079705019
2,63,Fc gamma R-mediated phagocytosis,0.2160330472811356,4.220663265306122,6.46742313757927,MARCKS,0.3429591079705019
2,64,Choline metabolism in cancer,0.21800251374840374,4.176940879444562,6.362519703204576,FOS,0.3429591079705019
2,65,mRNA surveillance pathway,0.21800251374840374,4.176940879444562,6.362519703204576,MSI2,0.3429591079705019
2,66,Chagas disease,0.2258320069783284,4.010709234188725,5.967790506031058,FOS,0.3429591079705019
2,67,Pancreatic secretion,0.2258320069783284,4.010709234188725,5.967790506031058,PRSS2,0.3429591079705019
2,68,Protein digestion and absorption,0.2277773453985499,3.971188475390156,5.874923343943355,PRSS2,0.3429591079705019
2,69,T cell receptor signaling pathway,0.22971789307458146,3.932435109966317,5.78423168094792,FOS,0.3429591079705019
2,70,Toll-like receptor signaling pathway,0.22971789307458146,3.932435109966317,5.78423168094792,FOS,0.3429591079705019
2,71,C-type lectin receptor signaling pathway,0.22971789307458146,3.932435109966317,5.78423168094792,LSP1,0.3429591079705019
2,52,MicroRNAs in cancer,0.181502535739734,2.6571969696969697,4.53446850958879,MARCKS;SOX4,0.3429591079705019
2,61,Neuroactive ligand-receptor interaction,0.20964106712931346,2.4103982300884956,3.765905957717639,AVP;PRSS2,0.3429591079705019
2,72,TNF signaling pathway,0.24507118869589983,3.647545504688362,5.129202360192396,FOS,0.35172553644047616
2,73,Serotonergic synapse,0.2469691364760274,3.614795918367347,5.055262825364014,GNG11,0.35172553644047616
2,74,Glutamatergic synapse,0.24886240785882746,3.582625970742279,4.982913653406146,GNG11,0.35172553644047616
2,75,Leukocyte transendothelial migration,0.24886240785882746,3.582625970742279,4.982913653406146,CD99,0.35172553644047616
2,76,"Growth hormone synthesis, secretion and action",0.25825901303237825,3.429955032860602,4.6434466139665425,FOS,0.36020336028200123
2,77,Vascular smooth muscle contraction,0.28396090387727224,3.0640074211502784,3.857336278341556,AVP,0.3904866666499488
2,78,Yersinia infection,0.2911425929329805,2.9732893157262907,3.668866926816198,FOS,0.3904866666499488
2,79,Estrogen signaling pathway,0.2911425929329805,2.9732893157262907,3.668866926816198,FOS,0.3904866666499488
2,80,Measles,0.29470691822637646,2.929902395740905,3.579678317757992,FOS,0.3904866666499488
2,81,Breast cancer,0.30878940825208556,2.7682415431926195,3.252948903166252,FOS,0.39623681384779436
2,82,Phospholipase D signaling pathway,0.3105302270346101,2.749271137026239,3.215201203875706,AVP,0.39623681384779436
2,83,Retrograde endocannabinoid signaling,0.3105302270346101,2.749271137026239,3.215201203875706,GNG11,0.39623681384779436
2,84,Adrenergic signaling in cardiomyocytes,0.3139989845586295,2.712094233666621,3.141596466170354,TPM4,0.39623681384779436
2,85,Non-alcoholic fatty liver disease,0.3225962281219006,2.6233766233766236,2.9679671260643183,FOS,0.4022964727167231
2,86,Hepatitis B,0.3344552195120095,2.5084294587400175,2.747363087126053,FOS,0.41223550311945356
2,87,cGMP-PKG signaling pathway,0.34280111726084433,2.432259650848291,2.603988937414043,MEF2C,0.41690604834700784
2,88,Tight junction,0.34611068164657255,2.4030612244897958,2.5496399471999527,TUBA1A,0.41690604834700784
2,89,NOD-like receptor signaling pathway,0.36562778723674233,2.241496598639456,2.2552581276159067,GBP4,0.4354668027763448
2,90,Chemokine signaling pathway,0.38301625183987076,2.111229832247035,2.02610052252205,GNG11,0.4479558150165266
2,91,Pathways in cancer,0.3845658411934332,1.5296943919344677,1.461837555945949,FOS;GNG11,0.4479558150165266
2,92,Viral carcinogenesis,0.3999373645428959,1.9951505354617094,1.8284503867148747,HLA-A,0.4607973982776844
2,93,Lipid and atherosclerosis,0.41787820546444665,1.8821285523555216,1.6422799960427914,FOS,0.4728832776245232
2,94,cAMP signaling pathway,0.41934932166703004,1.8732795443758898,1.627975467192003,FOS,0.4728832776245232
2,95,Coronavirus disease,0.4423976147030889,1.7421150278293136,1.420775326637273,FOS,0.48848069956799406
2,96,Ras signaling pathway,0.4423976147030889,1.7421150278293136,1.420775326637273,GNG11,0.48848069956799406
2,97,Chemical carcinogenesis,0.4521970360135466,1.6902761104441777,1.3414661241804442,FOS,0.49415346203542204
2,98,Parkinson disease,0.4659040445720373,1.6212969058591178,1.2383069829953701,TUBA1A,0.5031790021383162
2,99,Endocytosis,0.4699502001103142,1.6016749329213757,1.2094704650298027,HLA-A,0.5031790021383162
2,100,Prion disease,0.4974441859988057,1.4764405762304922,1.0309569924227397,TUBA1A,0.527290837158734
2,101,Huntington disease,0.5378493420766995,1.314486450317832,0.8152139890333826,TUBA1A,0.5644755471300015
2,102,Human papillomavirus infection,0.5663227960028818,1.2133580705009277,0.6899045422263055,HLA-A,0.5885315331010341
2,103,PI3K-Akt signaling pathway,0.5909956578792304,1.1329710354396716,0.5958822738188654,GNG11,0.6082091236427031
2,104,Amyotrophic lateral sclerosis,0.6012889018007975,1.1011975037949064,0.560156879867711,TUBA1A,0.6121145541613287
2,105,Alzheimer disease,0.6063398885560332,1.0859582963620231,0.5433207667028247,TUBA1A,0.6121145541613287
2,106,Pathways of neurodegeneration,0.6998036112134204,0.8385430121415655,0.29932257263147394,TUBA1A,0.6998036112134204
3,1,Asthma,6.290143262997964e-05,45.41489361702128,439.34102944809894,HLA-DRB5;FCER1G;PRG2,0.006881161613509685
3,2,Hematopoietic cell lineage,0.00010922478751602675,18.17391304347826,165.78429812678354,HLA-DRB5;TFRC;CD38;CD55,0.006881161613509685
3,4,Cholesterol metabolism,0.00026526273964070014,27.02987777274785,222.5853605029436,APOC2;APOC1;APOE,0.008355776298682054
3,3,Human T-cell leukemia virus 1 infection,0.0002133819652192262,10.247144340602285,86.61323677466518,NFKBIA;HLA-DRB5;PTTG1;MYC;SLC2A1,0.008355776298682054
3,5,Epstein-Barr virus infection,0.0016177816738448417,8.674571805006588,55.74886546020344,NFKBIA;HLA-DRB5;MYC;VIM,0.04076809818089001
3,6,Cell cycle,0.003686751554553751,10.460172322841569,58.60844537950275,CCNB1;PTTG1;MYC,0.07742178264562877
3,7,Cellular senescence,0.0069773717976026935,8.259073842302879,41.00698685273265,CCNB1;MYC;ZFP36L1,0.1172930951261597
3,8,MicroRNAs in cancer,0.007447180642930774,5.58226768968457,27.352663732653347,ZEB2;MYC;VIM;EZR,0.1172930951261597
3,9,Viral myocarditis,0.009884320404054672,14.290229885057471,65.97521300057967,HLA-DRB5;CD55,0.13360852773213466
3,10,Retinol metabolism,0.01256089224520355,12.553030303030303,54.94671101969335,DHRS9;ALDH1A1,0.13360852773213466
3,11,Adipocytokine signaling pathway,0.012915373039423325,12.365049751243781,53.77976800231812,NFKBIA;SLC2A1,0.13360852773213466
3,12,Central carbon metabolism in cancer,0.013274200561286012,12.182598039215685,52.65237170003471,MYC;SLC2A1,0.13360852773213466
3,14,Chronic myeloid leukemia,0.015517162822490733,11.191441441441441,46.62140287744705,NFKBIA;MYC,0.13360852773213466
3,15,Leishmaniasis,0.01590577711096841,11.041666666666666,45.72434655376785,NFKBIA;HLA-DRB5,0.13360852773213466
3,13,Proteoglycans in cancer,0.014608568257308153,6.240151674741942,26.371798625884296,MYC;EZR;ANK1,0.13360852773213466
3,16,ErbB signaling pathway,0.019162754331397695,9.973393574297189,39.44264488506008,MYC;EREG,0.14285247107718146
3,17,Colorectal cancer,0.019588053045278837,9.854166666666666,38.754815869716495,MYC;EREG,0.14285247107718146
3,18,Small cell lung cancer,0.022222383975626977,9.194444444444445,35.00007985571613,NFKBIA;MYC,0.14285247107718146
3,19,Th1 and Th2 cell differentiation,0.022222383975626977,9.194444444444445,35.00007985571613,NFKBIA;HLA-DRB5,0.14285247107718146
3,20,Salivary secretion,0.022674995409076425,9.092948717948717,34.43038199107018,CST3;CD38,0.14285247107718146
3,21,Salmonella infection,0.02432234530488415,5.112610275038921,19.00029925474201,NFKBIA;MYC;S100A10,0.1459340718293049
3,22,C-type lectin receptor signaling pathway,0.0279010087799889,8.107843137254902,29.018720027145317,NFKBIA;FCER1G,0.1533251895243988
3,23,Th17 cell differentiation,0.029402797443948955,7.875,27.772490481823702,NFKBIA;HLA-DRB5,0.1533251895243988
3,24,Insulin resistance,0.02991047692165705,7.800314465408805,27.37556602865933,NFKBIA;SLC2A1,0.1533251895243988
3,25,HIF-1 signaling pathway,0.030421664588174364,7.72702492211838,26.987409356009476,TFRC;SLC2A1,0.1533251895243988
3,26,Toxoplasmosis,0.03197607762407203,7.515151515151516,25.872917364872013,NFKBIA;HLA-DRB5,0.1549609915628106
3,27,Thyroid hormone signaling pathway,0.0368223679095263,6.943627450980392,22.92542614889691,MYC;SLC2A1,0.17183771691112276
3,28,Oocyte meiosis,0.041351953471259945,6.5036089238845145,20.718128222258283,CCNB1;PTTG1,0.18608379062066976
3,29,Apoptosis,0.04913219876441706,5.895833333333333,17.765564841290935,NFKBIA;SPTA1,0.21347093256263966
3,30,Histidine metabolism,0.05360719859925478,19.367346938775512,56.67024999786951,HDC,0.22515023411687007
3,31,Phagosome,0.0554491879134877,5.5,15.907585158720506,HLA-DRB5;TFRC,0.22537411861611129
3,32,Hepatitis C,0.05870991797905501,5.321236559139785,15.086485770152207,NFKBIA;MYC,0.2311703020425291
3,33,Hepatitis B,0.062035997186313606,5.153645833333333,14.327343946785978,NFKBIA;MYC,0.23686471652956104
3,34,Butanoate metabolism,0.0677318256109869,15.058956916099774,40.541710435272364,ACSM3,0.24795366670059207
3,35,Influenza A,0.06887601852794224,4.848039215686274,12.970673059288286,NFKBIA;HLA-DRB5,0.24795366670059207
3,36,Tuberculosis,0.07451958870561042,4.628277153558052,12.018216055401327,HLA-DRB5;FCER1G,0.2608185604696365
3,37,Base excision repair,0.0793443657059371,12.70280612244898,32.18837516559274,HMGB1,0.27019973186346147
3,38,Nicotinate and nicotinamide metabolism,0.08394958536129378,11.95438175270108,29.617445035780882,CD38,0.2713649766319192
3,39,Kaposi sarcoma-associated herpesvirus infection,0.08399392133845118,4.31042757417103,10.676975859773291,NFKBIA;MYC,0.2713649766319192
3,41,Thyroid cancer,0.08853222789026767,11.289115646258503,27.36920368672352,MYC,0.2720746515652128
3,40,Pathogenic Escherichia coli infection,0.08698049185623569,4.221153846153846,10.308359154488748,NFKBIA;EZR,0.2720746515652128
3,42,Allograft rejection,0.09081511663134849,10.983452840595698,26.34852930034076,HLA-DRB5,0.27244534989404545
3,43,Bladder cancer,0.09763021468476817,10.158163265306122,23.633660200289185,MYC,0.2736138468100512
3,44,Ferroptosis,0.09763021468476817,10.158163265306122,23.633660200289185,TFRC,0.2736138468100512
3,46,Graft-versus-host disease,0.09989076947033614,9.909905425584869,22.829231064333683,HLA-DRB5,0.2736138468100512
3,45,Human immunodeficiency virus 1 infection,0.09845760892281058,3.9166666666666665,9.079339326341122,NFKBIA;CCNB1,0.2736138468100512
3,47,Type I diabetes mellitus,0.10214577427941592,9.673469387755102,22.068611238785657,HLA-DRB5,0.2738376076426895
3,48,Human cytomegalovirus infection,0.10873228209474609,3.685911808669656,8.178546402117632,NFKBIA;MYC,0.28542224049870846
3,49,Intestinal immune network for IgA production,0.11333801483691312,8.642205818497612,18.81737166641443,HLA-DRB5,0.2914406095806338
3,50,Calcium signaling pathway,0.12092665623398641,3.450980392156863,7.290441318878535,P2RX5;CD38,0.30473517370964576
3,51,Autoimmune thyroid disease,0.12439349491287167,7.8092621664050235,16.276887238960814,HLA-DRB5,0.30732510507885946
3,52,Legionellosis,0.13314051228520932,7.25,14.618539131965724,NFKBIA,0.32168953432483954
3,53,Endometrial cancer,0.13531385173981347,7.122448979591836,14.246025949065045,MYC,0.32168953432483954
3,54,Cytosolic DNA-sensing pathway,0.1461007034145454,6.54641211323239,12.591756250239605,NFKBIA,0.3325182308844121
3,56,Inflammatory bowel disease,0.15037842149138922,6.341198979591836,12.01403781811508,HLA-DRB5,0.3325182308844121
3,57,Acute myeloid leukemia,0.15463513630999146,6.148423005565863,11.477180657220888,MYC,0.3325182308844121
3,58,Fc epsilon RI signaling pathway,0.15675564908065587,6.0563508985683825,11.222824361971771,FCER1G,0.3325182308844121
3,59,Renal cell carcinoma,0.15887094888113906,5.966986794717887,10.977245117600177,SLC2A1,0.3325182308844121
3,60,Epithelial cell signaling in Helicobacter pylori infection,0.16098104828531062,5.880212954747116,10.740024519792764,NFKBIA,0.3325182308844121
3,61,RIG-I-like receptor signaling pathway,0.16098104828531062,5.880212954747116,10.740024519792764,NFKBIA,0.3325182308844121
3,55,Pathways in cancer,0.1469141065706296,2.3479206963249517,4.503093942820027,NFKBIA;MYC;SLC2A1,0.3325182308844121
3,63,p53 signaling pathway,0.1672802691231711,5.634353741496598,10.074701240888364,CCNB1,0.3334465807836866
3,64,PPAR signaling pathway,0.16936969182663447,5.556891249650545,9.867213018330611,PLIN2,0.3334465807836866
3,62,MAPK signaling pathway,0.16723034908925283,2.805079908675799,5.016557449841448,MYC;EREG,0.3334465807836866
3,65,Gastric acid secretion,0.17353313536390655,5.408163265306122,9.4717853003048,EZR,0.3363873085515727
3,66,Antigen processing and presentation,0.17767612543797884,5.267161410018553,9.10056411919043,HLA-DRB5,0.3391998758361414
3,67,B cell receptor signaling pathway,0.18385247549919195,5.0688775510204085,8.584760541358477,NFKBIA,0.3445768396118722
3,68,Complement and coagulation cascades,0.19201693664513086,4.826530612244898,7.964604221414354,CD55,0.3445768396118722
3,69,Insulin secretion,0.19404551285483848,4.769507803121249,7.820383303288144,SLC2A1,0.3445768396118722
3,70,GABAergic synapse,0.20010134077429026,4.6062152133580705,7.411084001248333,TRAK2,0.3445768396118722
3,71,PD-L1 expression and PD-1 checkpoint pathway in cancer,0.20010134077429026,4.6062152133580705,7.411084001248333,NFKBIA,0.3445768396118722
3,72,Bile secretion,0.20211002319239676,4.55423068103646,7.281955543769811,SLC2A1,0.3445768396118722
3,73,Rheumatoid arthritis,0.2081064570390282,4.40505767524401,6.914643337844717,HLA-DRB5,0.3445768396118722
3,74,TGF-beta signaling pathway,0.2100954368002021,4.357472021066491,6.79849904676328,MYC,0.3445768396118722
3,75,IL-17 signaling pathway,0.2100954368002021,4.357472021066491,6.79849904676328,NFKBIA,0.3445768396118722
3,76,Staphylococcus aureus infection,0.2120795205832498,4.310898827616153,6.685315939697291,HLA-DRB5,0.3445768396118722
3,77,Prostate cancer,0.2160330472811356,4.220663265306122,6.46742313757927,NFKBIA,0.3445768396118722
3,79,Progesterone-mediated oocyte maturation,0.22192691156038513,4.092145949288806,6.1603458876211565,CCNB1,0.3445768396118722
3,80,Chagas disease,0.2258320069783284,4.010709234188725,5.967790506031058,NFKBIA,0.3445768396118722
3,81,Pancreatic secretion,0.2258320069783284,4.010709234188725,5.967790506031058,CD38,0.3445768396118722
3,82,T cell receptor signaling pathway,0.22971789307458146,3.932435109966317,5.78423168094792,NFKBIA,0.3445768396118722
3,83,Toll-like receptor signaling pathway,0.22971789307458146,3.932435109966317,5.78423168094792,NFKBIA,0.3445768396118722
3,84,NF-kappa B signaling pathway,0.22971789307458146,3.932435109966317,5.78423168094792,NFKBIA,0.3445768396118722
3,78,PI3K-Akt signaling pathway,0.2215840331594591,2.319839015151515,3.495889243162455,MYC;EREG,0.3445768396118722
3,85,Glucagon signaling pathway,0.23551090700841826,3.8205621871390067,5.524525481436682,SLC2A1,0.34911028568306707
3,86,TNF signaling pathway,0.24507118869589983,3.647545504688362,5.129202360192396,NFKBIA,0.3590577880893416
3,87,Leukocyte transendothelial migration,0.24886240785882746,3.582625970742279,4.982913653406146,EZR,0.3604214182783018
3,88,Sphingolipid signaling pathway,0.25825901303237825,3.429955032860602,4.6434466139665425,FCER1G,0.36562511957392874
3,89,Neurotrophin signaling pathway,0.25825901303237825,3.429955032860602,4.6434466139665425,NFKBIA,0.36562511957392874
3,90,Platelet activation,0.2675403902734135,3.2896963663514187,4.337414433160371,FCER1G,0.37455654638277885
3,91,Osteoclast differentiation,0.2730544838638846,3.2108843537414966,4.167997377843627,NFKBIA,0.3757794088382744
3,92,Relaxin signaling pathway,0.2767079241059198,3.1603954081632653,4.060453122404681,NFKBIA,0.3757794088382744
3,93,FoxO signaling pathway,0.28034336849839514,3.111459968602826,3.956968446025251,CCNB1,0.3757794088382744
3,94,Natural killer cell mediated cytotoxicity,0.28034336849839514,3.111459968602826,3.956968446025251,FCER1G,0.3757794088382744
3,95,Systemic lupus erythematosus,0.2875606166970605,3.0179713676515383,3.7613629045399737,HLA-DRB5,0.378185223809851
3,96,Autophagy,0.2911425929329805,2.9732893157262907,3.668866926816198,HMGB1,0.378185223809851
3,97,Yersinia infection,0.2911425929329805,2.9732893157262907,3.668866926816198,NFKBIA,0.378185223809851
3,98,Measles,0.29470691822637646,2.929902395740905,3.579678317757992,NFKBIA,0.378908894862484
3,99,Signaling pathways regulating pluripotency of stem cells,0.3017829564686885,2.8467950560505892,3.410594866305226,MYC,0.38199621724184935
3,100,Breast cancer,0.30878940825208556,2.7682415431926195,3.252948903166252,MYC,0.38199621724184935
3,101,Cell adhesion molecules,0.3105302270346101,2.749271137026239,3.215201203875706,HLA-DRB5,0.38199621724184935
3,102,Phospholipase D signaling pathway,0.3105302270346101,2.749271137026239,3.215201203875706,FCER1G,0.38199621724184935
3,103,Gastric cancer,0.3122667490151626,2.7305570876999448,3.1780885451938787,MYC,0.38199621724184935
3,104,Oxytocin signaling pathway,0.32088526962227143,2.640656262505002,3.0015590720273457,CD38,0.3887648458885211
3,105,Necroptosis,0.32939791820297204,2.5564453629553086,2.8389038953772054,HMGB1,0.3952775018435664
3,106,JAK-STAT signaling pathway,0.3344552195120095,2.5084294587400175,2.747363087126053,MYC,0.39581977501866195
3,107,Hippo signaling pathway,0.33613266608727643,2.492819349962207,2.717794694415788,MYC,0.39581977501866195
3,108,Wnt signaling pathway,0.34114018472714763,2.4471243042671613,2.6317886779390967,MYC,0.3964540535224377
3,109,Hepatocellular carcinoma,0.34445794624435677,2.4175730172308443,2.5766088705447237,MYC,0.3964540535224377
3,110,Tight junction,0.34611068164657255,2.4030612244897958,2.5496399471999527,EZR,0.3964540535224377
3,111,Herpes simplex virus 1 infection,0.3547702995313325,1.6342405913978495,1.6935385904454354,NFKBIA;HLA-DRB5,0.4027122319004315
3,112,NOD-like receptor signaling pathway,0.36562778723674233,2.241496598639456,2.2552581276159067,NFKBIA,0.41133126064133513
3,113,Neutrophil extracellular trap formation,0.37832081798382067,2.1452453321754232,2.085205747179162,HMGB1,0.4196525889723801
3,114,Transcriptional misregulation in cancer,0.38301625183987076,2.111229832247035,2.02610052252205,MYC,0.4196525889723801
3,115,Chemokine signaling pathway,0.38301625183987076,2.111229832247035,2.02610052252205,NFKBIA,0.4196525889723801
3,116,Viral carcinogenesis,0.3999373645428959,1.9951505354617094,1.8284503867148747,NFKBIA,0.4307017772000417
3,117,Diabetic cardiomyopathy,0.3999373645428959,1.9951505354617094,1.8284503867148747,SLC2A1,0.4307017772000417
3,118,Lipid and atherosclerosis,0.41787820546444665,1.8821285523555216,1.6422799960427914,NFKBIA,0.44339466372558306
3,119,cAMP signaling pathway,0.41934932166703004,1.8732795443758898,1.627975467192003,NFKBIA,0.44339466372558306
3,120,Regulation of actin cytoskeleton,0.4222806321196029,1.8558262014483213,1.5998802666710514,EZR,0.44339466372558306
3,121,Coronavirus disease,0.4423976147030889,1.7421150278293136,1.420775326637273,NFKBIA,0.4606785078726381
3,122,Chemical carcinogenesis,0.4521970360135466,1.6902761104441777,1.3414661241804442,MYC,0.46702316834185964
3,123,Shigellosis,0.4618276248188864,1.641399416909621,1.2680853834334544,NFKBIA,0.47309171322910315
3,124,Endocytosis,0.4699502001103142,1.6016749329213757,1.2094704650298027,TFRC,0.4775300420475773
3,125,Neuroactive ligand-receptor interaction,0.5772243543740008,1.1770708283313325,0.6468289747027046,P2RX5,0.5818421492089928
3,126,Alzheimer disease,0.6063398885560332,1.0859582963620231,0.5433207667028247,APOE,0.6063398885560332
4,1,Malaria,3.625466190481144e-11,75.36452136289887,1811.79724413975,GYPA;GYPB;CR1L;HBB;HBA2;CD36;HBA1,2.5378263333368008e-09
4,2,African trypanosomiasis,0.00010758892051640563,37.3892365456821,341.6326661301949,HBB;HBA2;HBA1,0.0025485783753739573
4,3,Hematopoietic cell lineage,0.00010922478751602675,18.17391304347826,165.78429812678354,GYPA;TFRC;CR1L;CD36,0.0025485783753739573
4,4,Cell cycle,0.003686751554553751,10.460172322841569,58.60844537950275,CDC20;CCNB1;PTTG1,0.057662883257343416
4,5,Oocyte meiosis,0.0041187773755245296,10.042553191489361,55.15569972379198,CDC20;CCNB1;PTTG1,0.057662883257343416
4,6,Porphyrin and chlorophyll metabolism,0.005180691162792406,20.232723577235774,106.48111760263689,ALAS2;HMBS,0.06044139689924473
4,7,Legionellosis,0.008955160836496808,15.071969696969697,71.07225417227201,CR1L;BNIP3,0.08955160836496807
4,8,Adipocytokine signaling pathway,0.012915373039423325,12.365049751243781,53.77976800231812,SLC2A1;CD36,0.11300951409495409
4,9,Human T-cell leukemia virus 1 infection,0.017400058246356317,5.831560283687943,23.625293607147455,CDC20;PTTG1;SLC2A1,0.13533378636054913
4,10,ECM-receptor interaction,0.020450527887125446,9.624031007751938,37.43504172973695,HMMR;CD36,0.1431536952098781
4,11,Sulfur metabolism,0.02472594881725805,45.21768707482993,167.3010120823387,SELENBP1,0.15734694701891486
4,12,Insulin resistance,0.02991047692165705,7.800314465408805,27.37556602865933,SLC2A1;CD36,0.16380896316709273
4,13,HIF-1 signaling pathway,0.030421664588174364,7.72702492211838,26.987409356009476,TFRC;SLC2A1,0.16380896316709273
4,14,FoxO signaling pathway,0.04251576774636915,6.4021317829457365,20.217165618082923,CCNB1;BNIP3,0.21257883873184574
4,15,Autophagy,0.046080253337353536,6.1157407407407405,18.820401760879264,BNIP3;HMGB1,0.21504118224098318
4,16,Phagosome,0.0554491879134877,5.5,15.907585158720506,TFRC;CD36,0.23903961343670063
4,17,Cellular senescence,0.05805247754891302,5.356060606060606,15.245533180091437,MAP2K3;CCNB1,0.23903961343670063
4,18,Collecting duct acid secretion,0.06539215225886762,15.638932496075354,42.652889831563165,SLC4A1,0.2543028143400407
4,19,Base excision repair,0.0793443657059371,12.70280612244898,32.18837516559274,HMGB1,0.27500785382919674
4,22,"Glycine, serine and threonine metabolism",0.09536409657552716,10.419152276295133,24.485561288951835,ALAS2,0.27500785382919674
4,23,Ferroptosis,0.09763021468476817,10.158163265306122,23.633660200289185,TFRC,0.27500785382919674
4,26,Fat digestion and absorption,0.10214577427941592,9.673469387755102,22.068611238785657,CD36,0.27500785382919674
4,20,Neutrophil extracellular trap formation,0.08104024470756385,4.403520499108734,11.065207700859313,CR1L;HMGB1,0.27500785382919674
4,21,Diabetic cardiomyopathy,0.09152002195394623,4.093905472636816,9.789336578359592,SLC2A1;CD36,0.27500785382919674
4,24,Human immunodeficiency virus 1 infection,0.09845760892281058,3.9166666666666665,9.079339326341122,MAP2K3;CCNB1,0.27500785382919674
4,25,Lipid and atherosclerosis,0.10080287202747078,3.8609154929577465,8.859212024810814,MAP2K3;CD36,0.27500785382919674
4,27,Sphingolipid metabolism,0.11555999902224065,8.46173469387755,18.260130793597916,UGCG,0.28428816621665093
4,28,Arginine and proline metabolism,0.1177765260040411,8.28862973760933,17.7290996615035,OAT,0.28428816621665093
4,29,Cholesterol metabolism,0.1177765260040411,8.28862973760933,17.7290996615035,CD36,0.28428816621665093
4,30,Mitophagy,0.15675564908065587,6.0563508985683825,11.222824361971771,BNIP3,0.33873938365326894
4,31,Fc epsilon RI signaling pathway,0.15675564908065587,6.0563508985683825,11.222824361971771,MAP2K3,0.33873938365326894
4,32,Renal cell carcinoma,0.15887094888113906,5.966986794717887,10.977245117600177,SLC2A1,0.33873938365326894
4,33,Central carbon metabolism in cancer,0.16098104828531062,5.880212954747116,10.740024519792764,SLC2A1,0.33873938365326894
4,34,p53 signaling pathway,0.1672802691231711,5.634353741496598,10.074701240888364,CCNB1,0.33873938365326894
4,35,PPAR signaling pathway,0.16936969182663447,5.556891249650545,9.867213018330611,CD36,0.33873938365326894
4,36,Leishmaniasis,0.1756071809118701,5.336734693877551,9.283280446293812,CR1L,0.3414584073286363
4,37,Complement and coagulation cascades,0.19201693664513086,4.826530612244898,7.964604221414354,CR1L,0.35369254058669436
4,38,Insulin secretion,0.19404551285483848,4.769507803121249,7.820383303288144,SLC2A1,0.35369254058669436
4,39,PD-L1 expression and PD-1 checkpoint pathway in cancer,0.20010134077429026,4.6062152133580705,7.411084001248333,MAP2K3,0.35369254058669436
4,40,Bile secretion,0.20211002319239676,4.55423068103646,7.281955543769811,SLC2A1,0.35369254058669436
4,41,GnRH signaling pathway,0.2081064570390282,4.40505767524401,6.914643337844717,MAP2K3,0.35530370713980425
4,42,Inflammatory mediator regulation of TRP channels,0.21800251374840374,4.176940879444562,6.362519703204576,MAP2K3,0.3612763676564409
4,43,Progesterone-mediated oocyte maturation,0.22192691156038513,4.092145949288806,6.1603458876211565,CCNB1,0.3612763676564409
4,44,Toll-like receptor signaling pathway,0.22971789307458146,3.932435109966317,5.78423168094792,MAP2K3,0.3649996427385742
4,45,Glucagon signaling pathway,0.23551090700841826,3.8205621871390067,5.524525481436682,SLC2A1,0.3649996427385742
4,46,TNF signaling pathway,0.24507118869589983,3.647545504688362,5.129202360192396,MAP2K3,0.3649996427385742
4,47,Toxoplasmosis,0.24507118869589983,3.647545504688362,5.129202360192396,MAP2K3,0.3649996427385742
4,48,"Growth hormone synthesis, secretion and action",0.25825901303237825,3.429955032860602,4.6434466139665425,MAP2K3,0.36677943874896984
4,49,AMPK signaling pathway,0.26012446216628154,3.4009603841536613,4.579716458908873,CD36,0.36677943874896984
4,50,Thyroid hormone signaling pathway,0.26198531339212133,3.372448979591837,4.517283552621874,SLC2A1,0.36677943874896984
4,51,Yersinia infection,0.2911425929329805,2.9732893157262907,3.668866926816198,MAP2K3,0.3962534865809239
4,52,Ubiquitin mediated proteolysis,0.2964824884084789,2.9086771399207163,3.5362740390257685,CDC20,0.3962534865809239
4,53,Apoptosis,0.30002049698269956,2.8671298306556667,3.4517504575709377,SPTA1,0.3962534865809239
4,54,Necroptosis,0.32939791820297204,2.5564453629553086,2.8389038953772054,HMGB1,0.4180690243900119
4,56,Hepatitis B,0.3344552195120095,2.5084294587400175,2.747363087126053,MAP2K3,0.4180690243900119
4,55,Pathways of neurodegeneration,0.3337305522763588,1.7157329105003523,1.8828819119512192,MAP2K3;SNCA,0.4180690243900119
4,57,Tuberculosis,0.3640234091355428,2.2541329380914377,2.2778849681371156,CR1L,0.44704629192084205
4,58,Epstein-Barr virus infection,0.398418067592006,2.0051781906792567,1.8452720554356252,MAP2K3,0.47012546731327387
4,59,Viral carcinogenesis,0.3999373645428959,1.9951505354617094,1.8284503867148747,CDC20,0.47012546731327387
4,60,Proteoglycans in cancer,0.40296468626852044,1.975390156062425,1.7954446526222325,ANK1,0.47012546731327387
4,61,Rap1 signaling pathway,0.41046765980788213,1.927643784786642,1.716486090768287,MAP2K3,0.4710284620746188
4,62,Thermogenesis,0.4423976147030889,1.7421150278293136,1.420775326637273,MAP2K3,0.49843203042003015
4,63,Shigellosis,0.4618276248188864,1.641399416909621,1.2680853834334544,BNIP3,0.49843203042003015
4,64,Salmonella infection,0.4659040445720373,1.6212969058591178,1.2383069829953701,MAP2K3,0.49843203042003015
4,65,Parkinson disease,0.4659040445720373,1.6212969058591178,1.2383069829953701,SNCA,0.49843203042003015
4,66,Endocytosis,0.4699502001103142,1.6016749329213757,1.2094704650298027,TFRC,0.49843203042003015
4,67,MAPK signaling pathway,0.5235391037893891,1.3691579020686773,0.8860417115990589,MAP2K3,0.5469811532127945
4,68,Amyotrophic lateral sclerosis,0.6012889018007975,1.1011975037949064,0.560156879867711,MAP2K3,0.6151274231727873
4,69,Alzheimer disease,0.6063398885560332,1.0859582963620231,0.5433207667028247,SNCA,0.6151274231727873
4,70,Pathways in cancer,0.7400095475471683,0.7477859068155565,0.2251524969148015,SLC2A1,0.7400095475471683
5,1,Malaria,1.5476841009576738e-07,49.148148148148145,770.7086232062782,GYPA;GYPB;HBB;CD36;HBA1,1.1298093936991018e-05
5,2,Cholesterol metabolism,0.00026526273964070014,27.02987777274785,222.5853605029436,APOC1;CD36;APOE,0.009682089996885555
5,3,Hematopoietic cell lineage,0.0019479426217578455,13.200797872340425,82.3859356912581,GYPA;TFRC;CD36,0.047399937129440906
5,4,African trypanosomiasis,0.0038576315924392225,23.708333333333332,131.76384828572083,HBB;HBA1,0.06303174248064093
5,5,Ferroptosis,0.004719495169738577,21.272435897435898,113.93630347986566,TFRC;SAT1,0.06303174248064093
5,6,Porphyrin and chlorophyll metabolism,0.005180691162792406,20.232723577235774,106.48111760263689,ALAS2;HMBS,0.06303174248064093
5,7,Arginine and proline metabolism,0.006950299465156898,17.276041666666668,85.84414194819459,OAT;SAT1,0.07248169442235051
5,8,Mineral absorption,0.009884320404054672,14.290229885057471,65.97521300057967,MT2A;MT1X,0.09019442368699888
5,9,PPAR signaling pathway,0.014752518467007555,11.503472222222221,48.50256694786101,HMGCS1;CD36,0.11965931645461683
5,10,Sulfur metabolism,0.02472594881725805,45.21768707482993,167.3010120823387,SELENBP1,0.16409038760543979
5,11,Synthesis and degradation of ketone bodies,0.02472594881725805,45.21768707482993,167.3010120823387,HMGCS1,0.16409038760543979
5,12,Autophagy,0.046080253337353536,6.1157407407407405,18.820401760879264,BNIP3;HMGB1,0.28032154113556734
5,13,Terpenoid backbone biosynthesis,0.05360719859925478,19.367346938775512,56.67024999786951,HMGCS1,0.28252205740471
5,14,Phagosome,0.0554491879134877,5.5,15.907585158720506,TFRC;CD36,0.28252205740471
5,15,Cellular senescence,0.05805247754891302,5.356060606060606,15.245533180091437,MYC;ZFP36L1,0.28252205740471
5,16,Butanoate metabolism,0.0677318256109869,15.058956916099774,40.541710435272364,HMGCS1,0.3090264543501277
5,17,Asthma,0.07471646000262763,13.551020408163266,35.15209038871121,PRG2,0.3208412694230481
5,18,Base excision repair,0.0793443657059371,12.70280612244898,32.18837516559274,HMGB1,0.3217854831407449
5,19,Thyroid cancer,0.08853222789026767,11.289115646258503,27.36920368672352,MYC,0.3239548032721853
5,21,"Glycine, serine and threonine metabolism",0.09536409657552716,10.419152276295133,24.485561288951835,ALAS2,0.3239548032721853
5,22,Bladder cancer,0.09763021468476817,10.158163265306122,23.633660200289185,MYC,0.3239548032721853
5,20,Proteoglycans in cancer,0.09304866144027284,4.05316091954023,9.62476838242684,MYC;ANK1,0.3239548032721853
5,23,Fat digestion and absorption,0.10214577427941592,9.673469387755102,22.068611238785657,CD36,0.3242018053216244
5,24,"Valine, leucine and isoleucine degradation",0.11333801483691312,8.642205818497612,18.81737166641443,HMGCS1,0.34473646179561074
5,25,Legionellosis,0.13314051228520932,7.25,14.618539131965724,BNIP3,0.37991966065409166
5,26,Endometrial cancer,0.13531385173981347,7.122448979591836,14.246025949065045,MYC,0.37991966065409166
5,27,Acute myeloid leukemia,0.15463513630999146,6.148423005565863,11.477180657220888,MYC,0.39172055082758916
5,28,Mitophagy,0.15675564908065587,6.0563508985683825,11.222824361971771,BNIP3,0.39172055082758916
5,29,Adipocytokine signaling pathway,0.15887094888113906,5.966986794717887,10.977245117600177,CD36,0.39172055082758916
5,30,Central carbon metabolism in cancer,0.16098104828531062,5.880212954747116,10.740024519792764,MYC,0.39172055082758916
5,31,Chronic myeloid leukemia,0.17353313536390655,5.408163265306122,9.4717853003048,MYC,0.4086425445666187
5,32,ErbB signaling pathway,0.19201693664513086,4.826530612244898,7.964604221414354,MYC,0.4145126185517501
5,33,Colorectal cancer,0.19404551285483848,4.769507803121249,7.820383303288144,MYC,0.4145126185517501
5,34,ECM-receptor interaction,0.19808770290364253,4.659394792399718,7.5437717166037235,CD36,0.4145126185517501
5,35,Small cell lung cancer,0.20611256943631576,4.453689167974883,7.03385741012878,MYC,0.4145126185517501
5,36,Salivary secretion,0.2081064570390282,4.40505767524401,6.914643337844717,CST3,0.4145126185517501
5,37,TGF-beta signaling pathway,0.2100954368002021,4.357472021066491,6.79849904676328,MYC,0.4145126185517501
5,38,Insulin resistance,0.23743240698267418,3.7846652679763495,5.441865346754643,CD36,0.4480125559746117
5,39,HIF-1 signaling pathway,0.23934917373986106,3.749433106575964,5.361058744932435,TFRC,0.4480125559746117
5,40,AMPK signaling pathway,0.26012446216628154,3.4009603841536613,4.579716458908873,CD36,0.46501067833236154
5,41,Thyroid hormone signaling pathway,0.26198531339212133,3.372448979591837,4.517283552621874,MYC,0.46501067833236154
5,42,Cell cycle,0.2675403902734135,3.2896963663514187,4.337414433160371,MYC,0.46501067833236154
5,43,FoxO signaling pathway,0.28034336849839514,3.111459968602826,3.956968446025251,BNIP3,0.46565611251551936
5,44,Apoptosis,0.30002049698269956,2.8671298306556667,3.4517504575709377,SPTA1,0.46565611251551936
5,45,Signaling pathways regulating pluripotency of stem cells,0.3017829564686885,2.8467950560505892,3.410594866305226,MYC,0.46565611251551936
5,46,Breast cancer,0.30878940825208556,2.7682415431926195,3.252948903166252,MYC,0.46565611251551936
5,47,Gastric cancer,0.3122667490151626,2.7305570876999448,3.1780885451938787,MYC,0.46565611251551936
5,48,Hepatitis C,0.3260054815208176,2.5894819466248036,2.902397750177957,MYC,0.46565611251551936
5,49,Necroptosis,0.32939791820297204,2.5564453629553086,2.8389038953772054,HMGB1,0.46565611251551936
5,50,JAK-STAT signaling pathway,0.3344552195120095,2.5084294587400175,2.747363087126053,MYC,0.46565611251551936
5,51,Hepatitis B,0.3344552195120095,2.5084294587400175,2.747363087126053,MYC,0.46565611251551936
5,52,Hippo signaling pathway,0.33613266608727643,2.492819349962207,2.717794694415788,MYC,0.46565611251551936
5,53,Wnt signaling pathway,0.34114018472714763,2.4471243042671613,2.6317886779390967,MYC,0.46565611251551936
5,54,Hepatocellular carcinoma,0.34445794624435677,2.4175730172308443,2.5766088705447237,MYC,0.46565611251551936
5,55,Neutrophil extracellular trap formation,0.37832081798382067,2.1452453321754232,2.085205747179162,HMGB1,0.4925241605286296
5,56,Transcriptional misregulation in cancer,0.38301625183987076,2.111229832247035,2.02610052252205,MYC,0.4925241605286296
5,57,Kaposi sarcoma-associated herpesvirus infection,0.38457365959084777,2.100127551020408,2.006923755847897,MYC,0.4925241605286296
5,58,Epstein-Barr virus infection,0.398418067592006,2.0051781906792567,1.8452720554356252,MYC,0.49483775612934583
5,59,Diabetic cardiomyopathy,0.3999373645428959,1.9951505354617094,1.8284503867148747,CD36,0.49483775612934583
5,60,Lipid and atherosclerosis,0.41787820546444665,1.8821285523555216,1.6422799960427914,CD36,0.5070996986088114
5,61,Human T-cell leukemia virus 1 infection,0.42374084404297946,1.8472196217936716,1.5860841457604238,MYC,0.5070996986088114
5,62,Human cytomegalovirus infection,0.4324264624271356,1.7971938775510203,1.5066648999451786,MYC,0.5091472864061436
5,63,Chemical carcinogenesis,0.4521970360135466,1.6902761104441777,1.3414661241804442,MYC,0.5197934031523171
5,64,Shigellosis,0.4618276248188864,1.641399416909621,1.2680853834334544,BNIP3,0.5197934031523171
5,65,Salmonella infection,0.4659040445720373,1.6212969058591178,1.2383069829953701,MYC,0.5197934031523171
5,66,Endocytosis,0.4699502001103142,1.6016749329213757,1.2094704650298027,TFRC,0.5197934031523171
5,67,MAPK signaling pathway,0.5235391037893891,1.3691579020686773,0.8860417115990589,MYC,0.5704232026362
5,68,MicroRNAs in cancer,0.5425251558593591,1.2972062611452349,0.7932686422257892,MYC,0.5824167114372532
5,69,Human papillomavirus infection,0.5663227960028818,1.2133580705009277,0.6899045422263055,HES6,0.5991531030175417
5,70,Neuroactive ligand-receptor interaction,0.5772243543740008,1.1770708283313325,0.6468289747027046,NMU,0.6019625409900294
5,71,PI3K-Akt signaling pathway,0.5909956578792304,1.1329710354396716,0.5958822738188654,MYC,0.6076434228899129
5,72,Alzheimer disease,0.6063398885560332,1.0859582963620231,0.5433207667028247,APOE,0.6147612758970892
5,73,Pathways in cancer,0.7400095475471683,0.7477859068155565,0.2251524969148015,MYC,0.7400095475471683
6,1,Hematopoietic cell lineage,0.00010922478751602675,18.17391304347826,165.78429812678354,GP1BB;CD37;GP1BA;CD55,0.011577827476698836
6,2,Legionellosis,0.0003911590889551034,23.5177304964539,184.52943128485038,CXCL3;HSPA1B;HSPA1A,0.014187233213706423
6,3,Measles,0.0004015254683124459,12.76328502415459,99.81194689133622,CCND3;HSPA1B;HSPA1A;JAK1,0.014187233213706423
6,5,Antigen processing and presentation,0.0009802139911592198,16.914893617021278,117.18197921679685,HLA-A;HSPA1B;HSPA1A,0.020780536612575458
6,4,Protein processing in endoplasmic reticulum,0.0008744834203776795,10.300963290809685,72.53811876899752,PPP1R15A;DNAJB1;HSPA1B;HSPA1A,0.020780536612575458
6,6,Viral carcinogenesis,0.0016472867079228661,8.630544024470177,55.30992679300502,CCND3;PMAIP1;HLA-A;JAK1,0.029102065173303972
6,7,Asthma,0.0027192556482504363,28.62212643678161,169.08226656127547,FCER1G;FCER1A,0.036661905035062746
6,8,Toxoplasmosis,0.002766936229061339,11.618778059730626,68.43477270112554,HSPA1B;HSPA1A;JAK1,0.036661905035062746
6,9,Cell cycle,0.003686751554553751,10.460172322841569,58.60844537950275,CDKN2D;CDKN1C;CCND3,0.03907956647826976
6,10,Platelet activation,0.003686751554553751,10.460172322841569,58.60844537950275,FCER1G;GP1BB;GP1BA,0.03907956647826976
6,11,MAPK signaling pathway,0.006196027703171174,5.895052473763118,29.969544157417683,MEF2C;HSPA1B;EREG;HSPA1A,0.0597071760487404
6,12,Influenza A,0.00911156113502346,7.471106634772756,35.10083699792174,DNAJB1;CCND3;JAK1,0.08048545669270724
6,13,Viral myocarditis,0.009884320404054672,14.290229885057471,65.97521300057967,HLA-A;CD55,0.08059522790998425
6,15,Fc epsilon RI signaling pathway,0.01256089224520355,12.553030303030303,54.94671101969335,FCER1G;FCER1A,0.08876363853277175
6,14,Kaposi sarcoma-associated herpesvirus infection,0.012435473359891428,6.638297872340425,29.12355460303055,HLA-A;CXCL3;JAK1,0.08876363853277175
6,17,p53 signaling pathway,0.014376533555205991,11.666079812206572,49.48935398933624,CCND3;PMAIP1,0.08964191510893148
6,16,Epstein-Barr virus infection,0.01404639175527199,6.33518657115364,27.02203974302383,CCND3;HLA-A;JAK1,0.08964191510893148
6,18,Lipid and atherosclerosis,0.016574156104610556,5.942794058611,24.364924698932942,CXCL3;HSPA1B;HSPA1A,0.0970740091638826
6,19,Human T-cell leukemia virus 1 infection,0.017400058246356317,5.831560283687943,23.625293607147455,CCND3;HLA-A;JAK1,0.0970740091638826
6,20,Colorectal cancer,0.019588053045278837,9.854166666666666,38.754815869716495,PMAIP1;EREG,0.10322647409691892
6,21,ECM-receptor interaction,0.020450527887125446,9.624031007751938,37.43504172973695,GP1BB;GP1BA,0.10322647409691892
6,22,Endocytosis,0.025085456564103305,5.050243527300692,18.612505965510472,HLA-A;HSPA1B;HSPA1A,0.1208662907179523
6,23,Longevity regulating pathway,0.02691772640191098,8.270833333333334,29.898816321570965,HSPA1B;HSPA1A,0.123229455444951
6,24,C-type lectin receptor signaling pathway,0.0279010087799889,8.107843137254902,29.018720027145317,FCER1G;CLEC1B,0.123229455444951
6,25,Prion disease,0.030787813154406297,4.652482269503546,16.193598877553605,TUBA1A;HSPA1B;HSPA1A,0.13054032777468272
6,26,Sphingolipid signaling pathway,0.03572213956233325,7.063034188034188,23.533921331722766,FCER1G;FCER1A,0.14563641513874323
6,36,Renin-angiotensin system,0.05597578058787951,18.4860853432282,53.29235549319145,CPA3,0.16336468323525713
6,27,Natural killer cell mediated cytotoxicity,0.04251576774636915,6.4021317829457365,20.217165618082923,FCER1G;HLA-A,0.16336468323525713
6,29,Estrogen signaling pathway,0.046080253337353536,6.1157407407407405,18.820401760879264,HSPA1B;HSPA1A,0.16336468323525713
6,30,Apoptosis,0.04913219876441706,5.895833333333333,17.765564841290935,TUBA1A;PMAIP1,0.16336468323525713
6,32,Cell adhesion molecules,0.052889062238365064,5.651826484018265,16.61387585032132,PTPRC;HLA-A,0.16336468323525713
6,33,Phospholipase D signaling pathway,0.052889062238365064,5.651826484018265,16.61387585032132,FCER1G;FCER1A,0.16336468323525713
6,34,Spliceosome,0.05416366174115152,5.574887387387387,16.25495026487543,HSPA1B;HSPA1A,0.16336468323525713
6,35,Phagosome,0.0554491879134877,5.5,15.907585158720506,TUBA1A;HLA-A,0.16336468323525713
6,37,Cellular senescence,0.05805247754891302,5.356060606060606,15.245533180091437,CCND3;HLA-A,0.16336468323525713
6,31,Human papillomavirus infection,0.049767091383155396,3.81850025947068,11.457033253248003,CCND3;HLA-A;JAK1,0.16336468323525713
6,38,PI3K-Akt signaling pathway,0.05856469776358275,3.5641025641025643,10.113580091620108,CCND3;EREG;JAK1,0.16336468323525713
6,28,Pathways in cancer,0.04334694919746572,3.2048510848939857,10.058485875648007,CCND3;NCOA4;PMAIP1;JAK1,0.16336468323525713
6,39,JAK-STAT signaling pathway,0.062035997186313606,5.153645833333333,14.327343946785978,CCND3;JAK1,0.16861065901921135
6,40,Tuberculosis,0.07451958870561042,4.628277153558052,12.018216055401327,FCER1G;JAK1,0.19451081020647254
6,41,NOD-like receptor signaling pathway,0.07523531338174881,4.602188081936685,11.90647986328784,CXCL3;JAK1,0.19451081020647254
6,42,Transcriptional misregulation in cancer,0.08325238225198861,4.333333333333333,10.772140317863167,MEF2C;MLLT3,0.21011315520739982
6,43,Thyroid cancer,0.08853222789026767,11.289115646258503,27.36920368672352,NCOA4,0.21392005250939866
6,44,Allograft rejection,0.09081511663134849,10.983452840595698,26.34852930034076,HLA-A,0.21392005250939866
6,45,Primary immunodeficiency,0.09081511663134849,10.983452840595698,26.34852930034076,PTPRC,0.21392005250939866
6,46,Ferroptosis,0.09763021468476817,10.158163265306122,23.633660200289185,NCOA4,0.22497397296924837
6,47,Graft-versus-host disease,0.09989076947033614,9.909905425584869,22.829231064333683,HLA-A,0.22528556518841766
6,48,Type I diabetes mellitus,0.10214577427941592,9.673469387755102,22.068611238785657,HLA-A,0.22557191820037684
6,49,Human cytomegalovirus infection,0.10873228209474609,3.685911808669656,8.178546402117632,HLA-A;JAK1,0.2352167735110834
6,50,Chemical carcinogenesis,0.12010318686503207,3.465717299578059,7.345255160108276,HPGDS;CCND3,0.25461875615386803
6,51,Autoimmune thyroid disease,0.12439349491287167,7.8092621664050235,16.276887238960814,HLA-A,0.25854334236792936
6,52,Salmonella infection,0.12840111300152676,3.323717948717949,6.822250896314676,PTPRC;TUBA1A,0.2617407303492661
6,53,Glutathione metabolism,0.13314051228520932,7.25,14.618539131965724,HPGDS,0.26628102457041863
6,54,Mineral absorption,0.13964452305344063,6.88031822898651,13.544974303558986,MT2A,0.27329089714236665
6,55,Arachidonic acid metabolism,0.1418018805927374,6.76530612244898,13.214837540593157,HPGDS,0.27329089714236665
6,56,Retinol metabolism,0.15675564908065587,6.0563508985683825,11.222824361971771,ALDH1A1,0.29671605004552715
6,57,Epithelial cell signaling in Helicobacter pylori infection,0.16098104828531062,5.880212954747116,10.740024519792764,CXCL3,0.29936826523233206
6,58,Metabolism of xenobiotics by cytochrome P450,0.17353313536390655,5.408163265306122,9.4717853003048,HPGDS,0.3102393529443038
6,59,Pancreatic cancer,0.17353313536390655,5.408163265306122,9.4717853003048,JAK1,0.3102393529443038
6,60,Leishmaniasis,0.1756071809118701,5.336734693877551,9.283280446293812,JAK1,0.3102393529443038
6,61,Complement and coagulation cascades,0.19201693664513086,4.826530612244898,7.964604221414354,CD55,0.32266455307901876
6,62,ErbB signaling pathway,0.19201693664513086,4.826530612244898,7.964604221414354,EREG,0.32266455307901876
6,63,Gap junction,0.19808770290364253,4.659394792399718,7.5437717166037235,TUBA1A,0.32266455307901876
6,64,PD-L1 expression and PD-1 checkpoint pathway in cancer,0.20010134077429026,4.6062152133580705,7.411084001248333,JAK1,0.32266455307901876
6,65,Th1 and Th2 cell differentiation,0.20611256943631576,4.453689167974883,7.03385741012878,JAK1,0.32266455307901876
6,66,Salivary secretion,0.2081064570390282,4.40505767524401,6.914643337844717,CST3,0.32266455307901876
6,67,Rheumatoid arthritis,0.2081064570390282,4.40505767524401,6.914643337844717,CXCL3,0.32266455307901876
6,68,IL-17 signaling pathway,0.2100954368002021,4.357472021066491,6.79849904676328,CXCL3,0.32266455307901876
6,69,Fc gamma R-mediated phagocytosis,0.2160330472811356,4.220663265306122,6.46742313757927,PTPRC,0.32266455307901876
6,70,Viral protein interaction with cytokine and cytokine receptor,0.22192691156038513,4.092145949288806,6.1603458876211565,CXCL3,0.32266455307901876
6,71,Amoebiasis,0.2258320069783284,4.010709234188725,5.967790506031058,CXCL3,0.32266455307901876
6,72,Pancreatic secretion,0.2258320069783284,4.010709234188725,5.967790506031058,CPA3,0.32266455307901876
6,73,Protein digestion and absorption,0.2277773453985499,3.971188475390156,5.874923343943355,CPA3,0.32266455307901876
6,74,T cell receptor signaling pathway,0.22971789307458146,3.932435109966317,5.78423168094792,PTPRC,0.32266455307901876
6,75,NF-kappa B signaling pathway,0.22971789307458146,3.932435109966317,5.78423168094792,CXCL3,0.32266455307901876
6,76,"Parathyroid hormone synthesis, secretion and action",0.2335846623503299,3.857142857142857,5.6090983677319475,MEF2C,0.32266455307901876
6,77,Th17 cell differentiation,0.23551090700841826,3.8205621871390067,5.524525481436682,JAK1,0.32266455307901876
6,78,Drug metabolism,0.23743240698267418,3.7846652679763495,5.441865346754643,HPGDS,0.32266455307901876
6,79,TNF signaling pathway,0.24507118869589983,3.647545504688362,5.129202360192396,CXCL3,0.3288296962248783
6,80,Osteoclast differentiation,0.2730544838638846,3.2108843537414966,4.167997377843627,JAK1,0.3617971911196471
6,81,FoxO signaling pathway,0.28034336849839514,3.111459968602826,3.956968446025251,CDKN2D,0.36686909951641833
6,82,Apelin signaling pathway,0.2911425929329805,2.9732893157262907,3.668866926816198,MEF2C,0.37635505915726747
6,83,Fluid shear stress and atherosclerosis,0.29470691822637646,2.929902395740905,3.579678317757992,MEF2C,0.3763726907469386
6,84,Signaling pathways regulating pluripotency of stem cells,0.3017829564686885,2.8467950560505892,3.410594866305226,JAK1,0.3808213498295355
6,85,Oxytocin signaling pathway,0.32088526962227143,2.640656262505002,3.0015590720273457,MEF2C,0.39877969841887706
6,86,Hepatitis C,0.3260054815208176,2.5894819466248036,2.902397750177957,JAK1,0.39877969841887706
6,87,Necroptosis,0.32939791820297204,2.5564453629553086,2.8389038953772054,JAK1,0.39877969841887706
6,88,Hepatitis B,0.3344552195120095,2.5084294587400175,2.747363087126053,JAK1,0.39877969841887706
6,89,Hippo signaling pathway,0.33613266608727643,2.492819349962207,2.717794694415788,CCND3,0.39877969841887706
6,90,Wnt signaling pathway,0.34114018472714763,2.4471243042671613,2.6317886779390967,CCND3,0.39877969841887706
6,91,cGMP-PKG signaling pathway,0.34280111726084433,2.432259650848291,2.603988937414043,MEF2C,0.39877969841887706
6,92,Tight junction,0.34611068164657255,2.4030612244897958,2.5496399471999527,TUBA1A,0.39877969841887706
6,93,Herpes simplex virus 1 infection,0.3547702995313325,1.6342405913978495,1.6935385904454354,HLA-A;JAK1,0.4043618467776478
6,94,Neutrophil extracellular trap formation,0.37832081798382067,2.1452453321754232,2.085205747179162,GP1BA,0.4266170926200531
6,95,Chemokine signaling pathway,0.38301625183987076,2.111229832247035,2.02610052252205,CXCL3,0.4273655020529084
6,96,Pathogenic Escherichia coli infection,0.3907648554462843,2.056851311953353,1.9327188803146698,TUBA1A,0.4314695278886056
6,97,Focal adhesion,0.39689500106482833,2.0153061224489797,1.8623111638641865,CCND3,0.4337203104419773
6,98,Human immunodeficiency virus 1 infection,0.41344290663735483,1.909178837411742,1.6862551884518757,HLA-A,0.4471933479955063
6,99,Coronavirus disease,0.4423976147030889,1.7421150278293136,1.420775326637273,JAK1,0.47367825412653963
6,100,Parkinson disease,0.4659040445720373,1.6212969058591178,1.2383069829953701,TUBA1A,0.4938582872463596
6,101,Cytokine-cytokine receptor interaction,0.5247480242056516,1.3644314868804666,0.8798360233634043,CXCL3,0.5507256491663274
6,102,Huntington disease,0.5378493420766995,1.314486450317832,0.8152139890333826,TUBA1A,0.5583268594280784
6,103,MicroRNAs in cancer,0.5425251558593591,1.2972062611452349,0.7932686422257892,ZEB2,0.5583268594280784
6,104,Amyotrophic lateral sclerosis,0.6012889018007975,1.1011975037949064,0.560156879867711,TUBA1A,0.6121145541613287
6,105,Alzheimer disease,0.6063398885560332,1.0859582963620231,0.5433207667028247,TUBA1A,0.6121145541613287
6,106,Pathways of neurodegeneration,0.6998036112134204,0.8385430121415655,0.29932257263147394,TUBA1A,0.6998036112134204
7,1,Protein processing in endoplasmic reticulum,4.162830651888298e-06,16.35123966942149,202.58066331854243,DNAJB1;HSP90AA1;HSPH1;HSPA6;HSPA1B;HSPA1A,0.00033718928280295217
7,2,Antigen processing and presentation,4.301512988997168e-05,23.356051703877792,234.82077797050783,HSP90AA1;HSPA6;HSPA1B;HSPA1A,0.0017421127605438528
7,5,Legionellosis,0.0003911590889551034,23.5177304964539,184.52943128485038,HSPA6;HSPA1B;HSPA1A,0.006336777241072675
7,3,Cell cycle,0.0002599994355607027,14.369565217391305,118.61833381941406,CDC20;CCNB1;PTTG1;MYC,0.006336777241072675
7,4,Estrogen signaling pathway,0.00038005762975849497,12.956521739130435,102.03504010982898,HSP90AA1;HSPA6;HSPA1B;HSPA1A,0.006336777241072675
7,6,MAPK signaling pathway,0.0008182334000673111,7.559015763168012,53.73222745258755,MYC;HSPA6;HSPB1;HSPA1B;HSPA1A,0.0110461509009087
7,8,Longevity regulating pathway,0.002121212982648662,12.798839458413926,78.78667603753651,HSPA6;HSPA1B;HSPA1A,0.021477281449317702
7,7,Lipid and atherosclerosis,0.0020311501276339306,8.134762002884813,50.42863493362163,HSP90AA1;HSPA6;HSPA1B;HSPA1A,0.021477281449317702
7,9,Toxoplasmosis,0.002766936229061339,11.618778059730626,68.43477270112554,HSPA6;HSPA1B;HSPA1A,0.024902426061552053
7,10,Oocyte meiosis,0.0041187773755245296,10.042553191489361,55.15569972379198,CDC20;CCNB1;PTTG1,0.03336209674174869
7,11,Measles,0.005072238171854362,9.299436795994994,49.137973919606814,HSPA6;HSPA1B;HSPA1A,0.03735011744729121
7,12,Spliceosome,0.006263172330545126,8.598784194528875,43.62222089301041,HSPA6;HSPA1B;HSPA1A,0.0422764132311796
7,13,Cholesterol metabolism,0.006950299465156898,17.276041666666668,85.84414194819459,APOC1;APOE,0.04330571205213144
7,14,Neutrophil extracellular trap formation,0.011755691339677188,6.782429649965683,30.13716854116709,H3C10;HMGB1;H4C3,0.06801507132241802
7,15,Human T-cell leukemia virus 1 infection,0.017400058246356317,5.831560283687943,23.625293607147455,CDC20;PTTG1;MYC,0.09396031453032412
7,16,Synthesis and degradation of ketone bodies,0.02472594881725805,45.21768707482993,167.3010120823387,HMGCS1,0.11677032875678893
7,18,Progesterone-mediated oocyte maturation,0.025948961945953097,8.44047619047619,30.82144266223132,HSP90AA1;CCNB1,0.11677032875678893
7,17,Endocytosis,0.025085456564103305,5.050243527300692,18.612505965510472,HSPA6;HSPA1B;HSPA1A,0.11677032875678893
7,19,Prion disease,0.030787813154406297,4.652482269503546,16.193598877553605,HSPA6;HSPA1B;HSPA1A,0.13125330871089003
7,20,Systemic lupus erythematosus,0.04488006324931198,6.208333333333333,19.26918665258641,H3C10;H4C3,0.1763689811334196
7,21,Autophagy,0.046080253337353536,6.1157407407407405,18.820401760879264,DDIT4;HMGB1,0.1763689811334196
7,22,Ubiquitin mediated proteolysis,0.04790268623376828,5.981884057971015,18.176455370515885,CDC20;UBE2C,0.1763689811334196
7,23,Terpenoid backbone biosynthesis,0.05360719859925478,19.367346938775512,56.67024999786951,HMGCS1,0.18702471254629144
7,24,Cellular senescence,0.05805247754891302,5.356060606060606,15.245533180091437,CCNB1;MYC,0.18702471254629144
7,26,Necroptosis,0.060032623780291075,5.25291932059448,14.775764118949981,HSP90AA1;HMGB1,0.18702471254629144
7,25,PI3K-Akt signaling pathway,0.05856469776358275,3.5641025641025643,10.113580091620108,HSP90AA1;MYC;DDIT4,0.18702471254629144
7,27,Butanoate metabolism,0.0677318256109869,15.058956916099774,40.541710435272364,HMGCS1,0.2031954768329607
7,28,Asthma,0.07471646000262763,13.551020408163266,35.15209038871121,PRG2,0.20731914910260985
7,31,Base excision repair,0.0793443657059371,12.70280612244898,32.18837516559274,HMGB1,0.20731914910260985
7,29,NOD-like receptor signaling pathway,0.07523531338174881,4.602188081936685,11.90647986328784,HSP90AA1;TXNIP,0.20731914910260985
7,30,Alcoholism,0.07884713359091254,4.475996376811594,11.37012436768999,H3C10;H4C3,0.20731914910260985
7,32,Transcriptional misregulation in cancer,0.08325238225198861,4.333333333333333,10.772140317863167,MYC;H3C10,0.21073259257534616
7,33,Thyroid cancer,0.08853222789026767,11.289115646258503,27.36920368672352,MYC,0.21534118790463144
7,34,Viral carcinogenesis,0.09152002195394623,4.093905472636816,9.789336578359592,CDC20;H4C3,0.21534118790463144
7,35,Proteoglycans in cancer,0.09304866144027284,4.05316091954023,9.62476838242684,MYC;ANK1,0.21534118790463144
7,36,Bladder cancer,0.09763021468476817,10.158163265306122,23.633660200289185,MYC,0.21966798304072838
7,37,"Valine, leucine and isoleucine degradation",0.11333801483691312,8.642205818497612,18.81737166641443,HMGCS1,0.2481183568051341
7,38,Arginine and proline metabolism,0.1177765260040411,8.28862973760933,17.7290996615035,OAT,0.2494450804119897
7,39,Chemical carcinogenesis,0.12010318686503207,3.465717299578059,7.345255160108276,HSP90AA1;MYC,0.2494450804119897
7,40,Salmonella infection,0.12840111300152676,3.323717948717949,6.822250896314676,HSP90AA1;MYC,0.2600122538280917
7,41,Endometrial cancer,0.13531385173981347,7.122448979591836,14.246025949065045,MYC,0.2651435698729922
7,42,VEGF signaling pathway,0.1374818510452552,6.9992962702322306,13.8884471557023,HSPB1,0.2651435698729922
7,43,Acute myeloid leukemia,0.15463513630999146,6.148423005565863,11.477180657220888,MYC,0.28857289944393466
7,44,Retinol metabolism,0.15675564908065587,6.0563508985683825,11.222824361971771,DHRS9,0.28857289944393466
7,45,Central carbon metabolism in cancer,0.16098104828531062,5.880212954747116,10.740024519792764,MYC,0.28976588691355915
7,46,p53 signaling pathway,0.1672802691231711,5.634353741496598,10.074701240888364,CCNB1,0.2918924476161147
7,47,PPAR signaling pathway,0.16936969182663447,5.556891249650545,9.867213018330611,HMGCS1,0.2918924476161147
7,48,Chronic myeloid leukemia,0.17353313536390655,5.408163265306122,9.4717853003048,MYC,0.2928371659265923
7,49,MicroRNAs in cancer,0.181502535739734,2.6571969696969697,4.53446850958879,MYC;DDIT4,0.30003480397792764
7,50,ErbB signaling pathway,0.19201693664513086,4.826530612244898,7.964604221414354,MYC,0.303888042514578
7,51,Colorectal cancer,0.19404551285483848,4.769507803121249,7.820383303288144,MYC,0.303888042514578
7,52,ECM-receptor interaction,0.19808770290364253,4.659394792399718,7.5437717166037235,HMMR,0.303888042514578
7,53,Small cell lung cancer,0.20611256943631576,4.453689167974883,7.03385741012878,MYC,0.303888042514578
7,54,Salivary secretion,0.2081064570390282,4.40505767524401,6.914643337844717,CST3,0.303888042514578
7,55,IL-17 signaling pathway,0.2100954368002021,4.357472021066491,6.79849904676328,HSP90AA1,0.303888042514578
7,56,TGF-beta signaling pathway,0.2100954368002021,4.357472021066491,6.79849904676328,MYC,0.303888042514578
7,57,Prostate cancer,0.2160330472811356,4.220663265306122,6.46742313757927,HSP90AA1,0.3069943303468769
7,58,Amoebiasis,0.2258320069783284,4.010709234188725,5.967790506031058,HSPB1,0.3153860787111138
7,59,Th17 cell differentiation,0.23551090700841826,3.8205621871390067,5.524525481436682,HSP90AA1,0.3233285333505403
7,60,Thyroid hormone signaling pathway,0.26198531339212133,3.372448979591837,4.517283552621874,MYC,0.35368017307936384
7,61,FoxO signaling pathway,0.28034336849839514,3.111459968602826,3.956968446025251,CCNB1,0.3722592270224591
7,62,Fluid shear stress and atherosclerosis,0.29470691822637646,2.929902395740905,3.579678317757992,HSP90AA1,0.3850203286505886
7,63,Signaling pathways regulating pluripotency of stem cells,0.3017829564686885,2.8467950560505892,3.410594866305226,MYC,0.3875151895249014
7,64,Breast cancer,0.30878940825208556,2.7682415431926195,3.252948903166252,MYC,0.3875151895249014
7,65,Gastric cancer,0.3122667490151626,2.7305570876999448,3.1780885451938787,MYC,0.3875151895249014
7,66,mTOR signaling pathway,0.32088526962227143,2.640656262505002,3.0015590720273457,DDIT4,0.3875151895249014
7,67,Hepatitis C,0.3260054815208176,2.5894819466248036,2.902397750177957,MYC,0.3875151895249014
7,68,JAK-STAT signaling pathway,0.3344552195120095,2.5084294587400175,2.747363087126053,MYC,0.3875151895249014
7,69,Hepatitis B,0.3344552195120095,2.5084294587400175,2.747363087126053,MYC,0.3875151895249014
7,70,Hippo signaling pathway,0.33613266608727643,2.492819349962207,2.717794694415788,MYC,0.3875151895249014
7,71,Wnt signaling pathway,0.34114018472714763,2.4471243042671613,2.6317886779390967,MYC,0.3875151895249014
7,72,Hepatocellular carcinoma,0.34445794624435677,2.4175730172308443,2.5766088705447237,MYC,0.3875151895249014
7,73,Influenza A,0.35104442503680444,2.360544217687075,2.4711180018684864,DNAJB1,0.389515046958646
7,75,Kaposi sarcoma-associated herpesvirus infection,0.38457365959084777,2.100127551020408,2.006923755847897,MYC,0.4153395523581156
7,74,Pathways in cancer,0.3845658411934332,1.5296943919344677,1.461837555945949,HSP90AA1;MYC,0.4153395523581156
7,76,Epstein-Barr virus infection,0.398418067592006,2.0051781906792567,1.8452720554356252,MYC,0.4246297825651643
7,77,Human immunodeficiency virus 1 infection,0.41344290663735483,1.909178837411742,1.6862551884518757,CCNB1,0.43492046022890574
7,78,Human cytomegalovirus infection,0.4324264624271356,1.7971938775510203,1.5066648999451786,MYC,0.44905824944356393
7,79,Shigellosis,0.4618276248188864,1.641399416909621,1.2680853834334544,H3C10,0.47351946342189616
7,80,Human papillomavirus infection,0.5663227960028818,1.2133580705009277,0.6899045422263055,HES6,0.5734018309529179
7,81,Alzheimer disease,0.6063398885560332,1.0859582963620231,0.5433207667028247,APOE,0.6063398885560332
8,1,Primary immunodeficiency,3.749933142127253e-08,67.06060606060606,1146.6654626635375,CD79A;IGLL1;BLNK;IL7R;RAG1,4.537419101973977e-06
8,2,Hematopoietic cell lineage,1.6815980520974084e-07,29.1158357771261,454.15902867743614,MME;CD9;HLA-DRA;CD38;CD24;IL7R,1.0173668215189321e-05
8,3,Antigen processing and presentation,1.4632300848257573e-06,30.254185692541856,406.4608756286082,CD74;HLA-B;HLA-DRA;HLA-C;HLA-A,5.901694675463888e-05
8,4,Allograft rejection,2.395747292225211e-06,50.93606138107417,659.2051012520457,HLA-B;HLA-C;HLA-DRA;HLA-A,7.247135558981263e-05
8,5,Graft-versus-host disease,3.606194149215101e-06,45.56521739130435,571.0623808062053,HLA-B;HLA-C;HLA-DRA;HLA-A,8.003660483882177e-05
8,6,Type I diabetes mellitus,3.968757264734964e-06,44.39464882943144,552.1388021294391,HLA-B;HLA-C;HLA-DRA;HLA-A,8.003660483882177e-05
8,7,Autoimmune thyroid disease,9.245471658529457e-06,35.316770186335404,409.36998623560845,HLA-B;HLA-DRA;HLA-C;HLA-A,0.00015981458152600916
8,8,Epstein-Barr virus infection,1.0815798581625677e-05,13.743506493506494,157.15016157281767,CCND3;BLNK;HLA-B;HLA-DRA;HLA-C;HLA-A,0.00016358895354708837
8,10,Viral myocarditis,1.5199477972841366e-05,30.891304347826086,342.71583703038743,HLA-B;HLA-DRA;HLA-C;HLA-A,0.00018391368347138052
8,9,Human immunodeficiency virus 1 infection,1.4233504112830499e-05,13.06972639011474,145.85699543556507,PRKCB;GNG7;HLA-B;HLA-C;CXCR4;HLA-A,0.00018391368347138052
8,11,Human cytomegalovirus infection,1.9931238009979885e-05,12.285803237858032,132.97197967269972,PRKCB;GNG7;HLA-B;HLA-C;CXCR4;HLA-A,0.00021924361810977873
8,12,Cell adhesion molecules,3.359740343521294e-05,15.39005439005439,158.53390095708875,HLA-B;HLA-DRA;HLA-C;HLA-A;CD99,0.0003387738179717305
8,13,B cell receptor signaling pathway,4.98959147333325e-05,22.442687747035574,222.30764650625184,CD79B;CD79A;PRKCB;BLNK,0.00046441582174871023
8,14,Human T-cell leukemia virus 1 infection,0.0002133819652192262,10.247144340602285,86.61323677466518,CCND3;HLA-B;HLA-DRA;HLA-C;HLA-A,0.0018442298422518834
8,15,Natural killer cell mediated cytotoxicity,0.00032058377475969313,13.572749058541595,109.19774639836137,PRKCB;HLA-B;HLA-C;HLA-A,0.002586042449728191
8,16,Phagosome,0.0005627493829057265,11.63454759106933,87.05755206365639,HLA-B;HLA-DRA;HLA-C;HLA-A,0.004255792208224557
8,17,Cellular senescence,0.0006204461969792592,11.326086956521738,83.64396387173055,CCND3;HLA-B;HLA-C;HLA-A,0.004416117049087668
8,18,Kaposi sarcoma-associated herpesvirus infection,0.001368609638449118,9.091787439613526,59.950881949873555,GNG7;HLA-B;HLA-C;HLA-A,0.009200098125130183
8,19,Viral carcinogenesis,0.0016472867079228661,8.630544024470177,55.30992679300502,CCND3;HLA-B;HLA-C;HLA-A,0.010490615350456147
8,20,NF-kappa B signaling pathway,0.0022418858798504493,12.544133136717926,76.5247046664134,PRKCB;BLNK;LTB,0.013563409573095217
8,21,Leukocyte transendothelial migration,0.002909029312170023,11.408280621046579,66.623626679358,PRKCB;CXCR4;CD99,0.01676154984631299
8,22,Endocytosis,0.003598013122623987,6.9081346423562415,38.87465379499725,HLA-B;HLA-C;CXCR4;HLA-A,0.01978907217443193
8,23,Intestinal immune network for IgA production,0.0064203200925442745,18.028985507246375,91.01549863791358,CXCR4;HLA-DRA,0.03377646657381988
8,24,MicroRNAs in cancer,0.007447180642930774,5.58226768968457,27.352663732653347,PRKCB;MDM4;SOX4;FOXP1,0.03754620240810932
8,25,Herpes simplex virus 1 infection,0.00791009103749492,4.38517016001803,21.222539616979105,CD74;HLA-B;HLA-DRA;HLA-C;HLA-A,0.03828484062147541
8,26,Wnt signaling pathway,0.008271589822049126,7.748466257668712,37.153342067959336,TLE4;CCND3;PRKCB,0.03849470647953632
8,27,Influenza A,0.00911156113502346,7.471106634772756,35.10083699792174,CCND3;PRKCB;HLA-DRA,0.04031317877270244
8,28,Human papillomavirus infection,0.009328669468063376,5.218189070602314,24.39327476073492,CCND3;HLA-B;HLA-C;HLA-A,0.04031317877270244
8,29,Pathways in cancer,0.010266134723991405,4.103084072665822,18.78763091040504,CCND3;PRKCB;GNG7;CXCR4;IL7R,0.04283456212424
8,30,Chemokine signaling pathway,0.012263449135789773,6.673758865248227,29.37209407315179,PRKCB;GNG7;CXCR4,0.04946257818101875
8,31,p53 signaling pathway,0.014376533555205991,11.666079812206572,49.48935398933624,CCND3;MDM4,0.05611485677999758
8,32,Leishmaniasis,0.01590577711096841,11.041666666666666,45.72434655376785,PRKCB;HLA-DRA,0.06014371970084931
8,33,RNA degradation,0.016695477638347864,10.753787878787879,44.01113934918422,ZCCHC7;BTG1,0.06121675134060883
8,34,GABAergic synapse,0.020887660803435404,9.512931034482758,36.80169347929862,PRKCB;GNG7,0.07220195906574335
8,35,Morphine addiction,0.02177361021578966,9.298220973782772,35.5848177883064,PRKCB;GNG7,0.07220195906574335
8,37,Salivary secretion,0.022674995409076425,9.092948717948717,34.43038199107018,PRKCB;CD38,0.07220195906574335
8,38,Rheumatoid arthritis,0.022674995409076425,9.092948717948717,34.43038199107018,HLA-DRA;LTB,0.07220195906574335
8,36,Calcium signaling pathway,0.022110403168695048,5.3091839482897925,20.237053883333374,PRKCB;CD38;CXCR4,0.07220195906574335
8,39,Circadian entrainment,0.024523395696302068,8.708333333333334,32.29161197321332,PRKCB;GNG7,0.0760854071603218
8,40,Pancreatic secretion,0.02691772640191098,8.270833333333334,29.898816321570965,PRKCB;CD38,0.08142612236578071
8,41,Serotonergic synapse,0.03250109931246501,7.447072072072072,25.517253680402074,PRKCB;GNG7,0.09294356166748487
8,42,Cholinergic synapse,0.03250109931246501,7.447072072072072,25.517253680402074,PRKCB;GNG7,0.09294356166748487
8,43,Glutamatergic synapse,0.03302953017935412,7.380208333333333,25.169117576656426,PRKCB;GNG7,0.09294356166748487
8,44,Cytokine-cytokine receptor interaction,0.037434417090324794,4.29714368988633,14.116824995762398,CXCR4;LTB;IL7R,0.10294464699839319
8,45,FoxO signaling pathway,0.04251576774636915,6.4021317829457365,20.217165618082923,IL7R;RAG1,0.11337775144572473
8,46,Dopaminergic synapse,0.0431022856735813,6.352564102564102,19.973600244527297,PRKCB;GNG7,0.11337775144572473
8,47,Retrograde endocannabinoid signaling,0.052889062238365064,5.651826484018265,16.61387585032132,PRKCB;GNG7,0.136161202783876
8,48,Renin-angiotensin system,0.05597578058787951,18.4860853432282,53.29235549319145,MME,0.1401266547349651
8,49,Oxytocin signaling pathway,0.0567455048100272,5.427083333333333,15.571272642043727,PRKCB;CD38,0.1401266547349651
8,50,PI3K-Akt signaling pathway,0.05856469776358275,3.5641025641025643,10.113580091620108,CCND3;GNG7;IL7R,0.14172656858787025
8,51,JAK-STAT signaling pathway,0.062035997186313606,5.153645833333333,14.327343946785978,CCND3;IL7R,0.14718344430478325
8,53,Asthma,0.07471646000262763,13.551020408163266,35.15209038871121,HLA-DRA,0.17057908793052726
8,52,Tuberculosis,0.07451958870561042,4.628277153558052,12.018216055401327,CD74;HLA-DRA,0.17057908793052726
8,54,Nicotinate and nicotinamide metabolism,0.08394958536129378,11.95438175270108,29.617445035780882,CD38,0.1881092560873435
8,55,African trypanosomiasis,0.08853222789026767,11.289115646258503,27.36920368672352,PRKCB,0.19105059239908115
8,56,Aldosterone-regulated sodium reabsorption,0.08853222789026767,11.289115646258503,27.36920368672352,PRKCB,0.19105059239908115
8,57,Focal adhesion,0.08999903939460847,4.135469011725293,9.958028586222369,CCND3;PRKCB,0.19105059239908115
8,58,Carbohydrate digestion and absorption,0.11111056030365549,8.830523513753327,19.402687070536402,PRKCB,0.2317996171852123
8,59,Ras signaling pathway,0.11438014460998691,3.572463768115942,7.745915171502187,PRKCB;GNG7,0.23457622877641382
8,60,Chemical carcinogenesis,0.12010318686503207,3.465717299578059,7.345255160108276,CCND3;PRKCB,0.242208093511148
8,61,Endocrine and other factor-regulated calcium reabsorption,0.12439349491287167,7.8092621664050235,16.276887238960814,PRKCB,0.24674775220422085
8,62,VEGF signaling pathway,0.1374818510452552,6.9992962702322306,13.8884471557023,PRKCB,0.2640154263979112
8,63,Notch signaling pathway,0.1374818510452552,6.9992962702322306,13.8884471557023,TLE4,0.2640154263979112
8,64,Long-term depression,0.13964452305344063,6.88031822898651,13.544974303558986,PRKCB,0.2640154263979112
8,65,GnRH secretion,0.14824219418025958,6.442176870748299,12.297522293260638,PRKCB,0.2756937727342136
8,66,Inflammatory bowel disease,0.15037842149138922,6.341198979591836,12.01403781811508,HLA-DRA,0.2756937727342136
8,67,Long-term potentiation,0.15463513630999146,6.148423005565863,11.477180657220888,PRKCB,0.2792664402016264
8,68,Amphetamine addiction,0.15887094888113906,5.966986794717887,10.977245117600177,PRKCB,0.28269683550908564
8,69,Non-small cell lung cancer,0.16518569591012358,5.713998275366484,10.289111031016239,PRKCB,0.28967346674094135
8,70,Thyroid hormone synthesis,0.1714539764404576,5.4815223386651954,9.666337985731483,PRKCB,0.2916320747087874
8,71,Glioma,0.1714539764404576,5.4815223386651954,9.666337985731483,PRKCB,0.2916320747087874
8,72,Gastric acid secretion,0.17353313536390655,5.408163265306122,9.4717853003048,PRKCB,0.2916320747087874
8,73,ErbB signaling pathway,0.19201693664513086,4.826530612244898,7.964604221414354,PRKCB,0.31319384992300614
8,74,Insulin secretion,0.19404551285483848,4.769507803121249,7.820383303288144,PRKCB,0.31319384992300614
8,75,Gap junction,0.19808770290364253,4.659394792399718,7.5437717166037235,PRKCB,0.31319384992300614
8,76,Th1 and Th2 cell differentiation,0.20611256943631576,4.453689167974883,7.03385741012878,HLA-DRA,0.31319384992300614
8,77,GnRH signaling pathway,0.2081064570390282,4.40505767524401,6.914643337844717,PRKCB,0.31319384992300614
8,78,Staphylococcus aureus infection,0.2120795205832498,4.310898827616153,6.685315939697291,HLA-DRA,0.31319384992300614
8,79,Fc gamma R-mediated phagocytosis,0.2160330472811356,4.220663265306122,6.46742313757927,PRKCB,0.31319384992300614
8,80,Phosphatidylinositol signaling system,0.2160330472811356,4.220663265306122,6.46742313757927,PRKCB,0.31319384992300614
8,81,Aldosterone synthesis and secretion,0.21800251374840374,4.176940879444562,6.362519703204576,PRKCB,0.31319384992300614
8,82,Choline metabolism in cancer,0.21800251374840374,4.176940879444562,6.362519703204576,PRKCB,0.31319384992300614
8,83,Inflammatory mediator regulation of TRP channels,0.21800251374840374,4.176940879444562,6.362519703204576,PRKCB,0.31319384992300614
8,84,AGE-RAGE signaling pathway in diabetic complications,0.22192691156038513,4.092145949288806,6.1603458876211565,PRKCB,0.31319384992300614
8,85,Viral protein interaction with cytokine and cytokine receptor,0.22192691156038513,4.092145949288806,6.1603458876211565,CXCR4,0.31319384992300614
8,86,Melanogenesis,0.22388186624120487,4.051020408163265,6.062906014187368,PRKCB,0.31319384992300614
8,87,Amoebiasis,0.2258320069783284,4.010709234188725,5.967790506031058,PRKCB,0.31319384992300614
8,88,Protein digestion and absorption,0.2277773453985499,3.971188475390156,5.874923343943355,MME,0.31319384992300614
8,89,"Parathyroid hormone synthesis, secretion and action",0.2335846623503299,3.857142857142857,5.6090983677319475,PRKCB,0.3147961958969912
8,90,Th17 cell differentiation,0.23551090700841826,3.8205621871390067,5.524525481436682,HLA-DRA,0.3147961958969912
8,91,Insulin resistance,0.23743240698267418,3.7846652679763495,5.441865346754643,PRKCB,0.3147961958969912
8,92,HIF-1 signaling pathway,0.23934917373986106,3.749433106575964,5.361058744932435,PRKCB,0.3147961958969912
8,93,Toxoplasmosis,0.24507118869589983,3.647545504688362,5.129202360192396,HLA-DRA,0.31885606271186967
8,94,Sphingolipid signaling pathway,0.25825901303237825,3.429955032860602,4.6434466139665425,PRKCB,0.3289404271254502
8,95,"Growth hormone synthesis, secretion and action",0.25825901303237825,3.429955032860602,4.6434466139665425,PRKCB,0.3289404271254502
8,96,Thyroid hormone signaling pathway,0.26198531339212133,3.372448979591837,4.517283552621874,PRKCB,0.3302106554213196
8,97,Cell cycle,0.2675403902734135,3.2896963663514187,4.337414433160371,CCND3,0.3337359507534333
8,98,Osteoclast differentiation,0.2730544838638846,3.2108843537414966,4.167997377843627,BLNK,0.33481658816816295
8,99,Lysosome,0.27488345891042104,3.1854411055760887,4.113704308580095,LAPTM5,0.33481658816816295
8,100,Relaxin signaling pathway,0.2767079241059198,3.1603954081632653,4.060453122404681,GNG7,0.33481658816816295
8,101,Vascular smooth muscle contraction,0.28396090387727224,3.0640074211502784,3.857336278341556,PRKCB,0.3401907858331677
8,102,Systemic lupus erythematosus,0.2875606166970605,3.0179713676515383,3.7613629045399737,HLA-DRA,0.34112582961121884
8,103,Apelin signaling pathway,0.2911425929329805,2.9732893157262907,3.668866926816198,GNG7,0.34202188101835573
8,104,Measles,0.29470691822637646,2.929902395740905,3.579678317757992,CCND3,0.3428801644749188
8,105,Spinocerebellar ataxia,0.3017829564686885,2.8467950560505892,3.410594866305226,PRKCB,0.34776893078772675
8,106,mTOR signaling pathway,0.32088526962227143,2.640656262505002,3.0015590720273457,PRKCB,0.3662935624933476
8,107,Hepatitis B,0.3344552195120095,2.5084294587400175,2.747363087126053,PRKCB,0.37659307959778193
8,108,Hippo signaling pathway,0.33613266608727643,2.492819349962207,2.717794694415788,CCND3,0.37659307959778193
8,109,Hepatocellular carcinoma,0.34445794624435677,2.4175730172308443,2.5766088705447237,PRKCB,0.38237992197768045
8,110,Axon guidance,0.36722819876446505,2.2289998872477166,2.2329492942532405,CXCR4,0.4039510186409116
8,111,Alcoholism,0.3735903703808139,2.1803640375068944,2.146776288649915,GNG7,0.40724716050521154
8,112,Neutrophil extracellular trap formation,0.37832081798382067,2.1452453321754232,2.085205747179162,PRKCB,0.40872159800037766
8,113,Diabetic cardiomyopathy,0.3999373645428959,1.9951505354617094,1.8284503867148747,PRKCB,0.42770813191658746
8,114,Proteoglycans in cancer,0.40296468626852044,1.975390156062425,1.7954446526222325,PRKCB,0.42770813191658746
8,115,Rap1 signaling pathway,0.41046765980788213,1.927643784786642,1.716486090768287,PRKCB,0.4318833637978586
8,116,Regulation of actin cytoskeleton,0.4222806321196029,1.8558262014483213,1.5998802666710514,CXCR4,0.44048238350406854
8,117,Coronavirus disease,0.4423976147030889,1.7421150278293136,1.420775326637273,PRKCB,0.4575223194792629
8,118,MAPK signaling pathway,0.5235391037893891,1.3691579020686773,0.8860417115990589,PRKCB,0.5368494199874243
8,119,Alzheimer disease,0.6063398885560332,1.0859582963620231,0.5433207667028247,MME,0.6165304749183194
8,120,Olfactory transduction,0.6716443233520003,0.9070243131421133,0.3610195851598624,GNG7,0.6772413593799336
8,121,Pathways of neurodegeneration,0.6998036112134204,0.8385430121415655,0.29932257263147394,PRKCB,0.6998036112134204
9,1,Protein processing in endoplasmic reticulum,6.687906280025875e-05,13.242302543507362,127.29328322267318,DNAJB1;HSP90AA1;HSPH1;HSPA1B;HSPA1A,0.007757971284830014
9,2,Antigen processing and presentation,0.0009802139911592198,16.914893617021278,117.18197921679685,HSP90AA1;HSPA1B;HSPA1A,0.056852411487234744
9,3,Lipid and atherosclerosis,0.0020311501276339306,8.134762002884813,50.42863493362163,HSP90AA1;HSPA1B;HSPA1A;BCL2L1,0.07853780493517865
9,4,Toxoplasmosis,0.002766936229061339,11.618778059730626,68.43477270112554,HSPA1B;HSPA1A;BCL2L1,0.08024115064277884
9,5,Autophagy,0.004871849321860696,9.439187043505875,50.256890616051635,DDIT4;HMGB1;BCL2L1,0.08405423256215801
9,6,Estrogen signaling pathway,0.004871849321860696,9.439187043505875,50.256890616051635,HSP90AA1;HSPA1B;HSPA1A,0.08405423256215801
9,7,Measles,0.005072238171854362,9.299436795994994,49.137973919606814,HSPA1B;HSPA1A;BCL2L1,0.08405423256215801
9,9,Cholesterol metabolism,0.006950299465156898,17.276041666666668,85.84414194819459,APOC1;APOE,0.08958163755091114
9,8,MAPK signaling pathway,0.006196027703171174,5.895052473763118,29.969544157417683,DUSP2;MYC;HSPA1B;HSPA1A,0.08958163755091114
9,11,Legionellosis,0.008955160836496808,15.071969696969697,71.07225417227201,HSPA1B;HSPA1A,0.09443624154851178
9,10,Hepatocellular carcinoma,0.008546246482462378,7.653771760154739,36.4492748316928,MYC;PLCG2;BCL2L1,0.09443624154851178
9,13,Neutrophil extracellular trap formation,0.011755691339677188,6.782429649965683,30.13716854116709,PLCG2;HMGB1;H4C3,0.10489693810788876
9,12,PI3K-Akt signaling pathway,0.011719336488002824,4.869565217391305,21.652595318687055,HSP90AA1;MYC;DDIT4;BCL2L1,0.10489693810788876
9,14,Chronic myeloid leukemia,0.015517162822490733,11.191441441441441,46.62140287744705,MYC;BCL2L1,0.1285707776720661
9,15,ErbB signaling pathway,0.019162754331397695,9.973393574297189,39.44264488506008,MYC;PLCG2,0.1481919668294755
9,17,Synthesis and degradation of ketone bodies,0.02472594881725805,45.21768707482993,167.3010120823387,HMGCS1,0.15411985802279585
9,16,Small cell lung cancer,0.022222383975626977,9.194444444444445,35.00007985571613,MYC;BCL2L1,0.15411985802279585
9,19,Hematopoietic cell lineage,0.025470075176232815,8.527920962199312,31.299610767204847,TFRC;CD55,0.15411985802279585
9,20,Longevity regulating pathway,0.02691772640191098,8.270833333333334,29.898816321570965,HSPA1B;HSPA1A,0.15411985802279585
9,21,NF-kappa B signaling pathway,0.0279010087799889,8.107843137254902,29.018720027145317,PLCG2;BCL2L1,0.15411985802279585
9,18,Endocytosis,0.025085456564103305,5.050243527300692,18.612505965510472,TFRC;HSPA1B;HSPA1A,0.15411985802279585
9,22,HIF-1 signaling pathway,0.030421664588174364,7.72702492211838,26.987409356009476,TFRC;PLCG2,0.16040514055582847
9,23,Thyroid hormone signaling pathway,0.0368223679095263,6.943627450980392,22.92542614889691,MYC;PLCG2,0.18571281206543702
9,24,MicroRNAs in cancer,0.04235590968519419,4.084066809896735,12.912378899302078,MYC;DDIT4;PLCG2,0.20112984427624092
9,25,Pathways in cancer,0.04334694919746572,3.2048510848939857,10.058485875648007,HSP90AA1;MYC;PLCG2;BCL2L1,0.20112984427624092
9,26,Terpenoid backbone biosynthesis,0.05360719859925478,19.367346938775512,56.67024999786951,HMGCS1,0.22439231292762774
9,27,Histidine metabolism,0.05360719859925478,19.367346938775512,56.67024999786951,HDC,0.22439231292762774
9,28,Spliceosome,0.05416366174115152,5.574887387387387,16.25495026487543,HSPA1B;HSPA1A,0.22439231292762774
9,29,Necroptosis,0.060032623780291075,5.25291932059448,14.775764118949981,HSP90AA1;HMGB1,0.23987252245374593
9,30,JAK-STAT signaling pathway,0.062035997186313606,5.153645833333333,14.327343946785978,MYC;BCL2L1,0.23987252245374593
9,31,Butanoate metabolism,0.0677318256109869,15.058956916099774,40.541710435272364,HMGCS1,0.25344812164111225
9,32,Asthma,0.07471646000262763,13.551020408163266,35.15209038871121,PRG2,0.2644635258267534
9,33,NOD-like receptor signaling pathway,0.07523531338174881,4.602188081936685,11.90647986328784,HSP90AA1;BCL2L1,0.2644635258267534
9,34,Base excision repair,0.0793443657059371,12.70280612244898,32.18837516559274,HMGB1,0.2706470798683427
9,35,Transcriptional misregulation in cancer,0.08325238225198861,4.333333333333333,10.772140317863167,MYC;BCL2L1,0.2706470798683427
9,36,Kaposi sarcoma-associated herpesvirus infection,0.08399392133845118,4.31042757417103,10.676975859773291,MYC;PLCG2,0.2706470798683427
9,37,Thyroid cancer,0.08853222789026767,11.289115646258503,27.36920368672352,MYC,0.2719305389296673
9,40,Bladder cancer,0.09763021468476817,10.158163265306122,23.633660200289185,MYC,0.2719305389296673
9,41,Ferroptosis,0.09763021468476817,10.158163265306122,23.633660200289185,TFRC,0.2719305389296673
9,38,Epstein-Barr virus infection,0.09075856660544276,4.114583333333333,9.87315836367001,MYC;PLCG2,0.2719305389296673
9,39,Proteoglycans in cancer,0.09304866144027284,4.05316091954023,9.62476838242684,MYC;PLCG2,0.2719305389296673
9,42,Human immunodeficiency virus 1 infection,0.09845760892281058,3.9166666666666665,9.079339326341122,PLCG2;BCL2L1,0.2719305389296673
9,43,Human T-cell leukemia virus 1 infection,0.10395435029691961,3.788978494623656,8.577502457974575,MYC;BCL2L1,0.28043499149866685
9,44,"Valine, leucine and isoleucine degradation",0.11333801483691312,8.642205818497612,18.81737166641443,HMGCS1,0.2884368864077931
9,45,Coronavirus disease,0.11438014460998691,3.572463768115942,7.745915171502187,PLCG2;RPS4Y1,0.2884368864077931
9,46,Ras signaling pathway,0.11438014460998691,3.572463768115942,7.745915171502187,PLCG2;BCL2L1,0.2884368864077931
9,47,Vibrio cholerae infection,0.1177765260040411,8.28862973760933,17.7290996615035,PLCG2,0.29024936825716086
9,48,Chemical carcinogenesis,0.12010318686503207,3.465717299578059,7.345255160108276,HSP90AA1;MYC,0.29024936825716086
9,49,Shigellosis,0.12589722864430564,3.3650956284153004,6.973451834282437,PLCG2;BCL2L1,0.2978905821635421
9,50,Salmonella infection,0.12840111300152676,3.323717948717949,6.822250896314676,HSP90AA1;MYC,0.2978905821635421
9,51,Endometrial cancer,0.13531385173981347,7.122448979591836,14.246025949065045,MYC,0.3049976318517145
9,52,VEGF signaling pathway,0.1374818510452552,6.9992962702322306,13.8884471557023,PLCG2,0.3049976318517145
9,53,Viral myocarditis,0.13964452305344063,6.88031822898651,13.544974303558986,CD55,0.3049976318517145
9,55,Acute myeloid leukemia,0.15463513630999146,6.148423005565863,11.477180657220888,MYC,0.3049976318517145
9,56,Fc epsilon RI signaling pathway,0.15675564908065587,6.0563508985683825,11.222824361971771,PLCG2,0.3049976318517145
9,57,Mitophagy,0.15675564908065587,6.0563508985683825,11.222824361971771,BCL2L1,0.3049976318517145
9,58,Retinol metabolism,0.15675564908065587,6.0563508985683825,11.222824361971771,DHRS9,0.3049976318517145
9,59,Central carbon metabolism in cancer,0.16098104828531062,5.880212954747116,10.740024519792764,MYC,0.3049976318517145
9,60,Epithelial cell signaling in Helicobacter pylori infection,0.16098104828531062,5.880212954747116,10.740024519792764,PLCG2,0.3049976318517145
9,61,Non-small cell lung cancer,0.16518569591012358,5.713998275366484,10.289111031016239,PLCG2,0.3049976318517145
9,62,p53 signaling pathway,0.1672802691231711,5.634353741496598,10.074701240888364,BCL2L1,0.3049976318517145
9,63,Inositol phosphate metabolism,0.1672802691231711,5.634353741496598,10.074701240888364,PLCG2,0.3049976318517145
9,64,PPAR signaling pathway,0.16936969182663447,5.556891249650545,9.867213018330611,HMGCS1,0.3049976318517145
9,65,Glioma,0.1714539764404576,5.4815223386651954,9.666337985731483,PLCG2,0.3049976318517145
9,66,Pancreatic cancer,0.17353313536390655,5.408163265306122,9.4717853003048,BCL2L1,0.3049976318517145
9,54,Prion disease,0.14883793051696106,3.0256765067650675,5.763602946924966,HSPA1B;HSPA1A,0.3049976318517145
9,67,B cell receptor signaling pathway,0.18385247549919195,5.0688775510204085,8.584760541358477,PLCG2,0.31831174862546663
9,68,Complement and coagulation cascades,0.19201693664513086,4.826530612244898,7.964604221414354,CD55,0.32622144190088787
9,69,Colorectal cancer,0.19404551285483848,4.769507803121249,7.820383303288144,MYC,0.32622144190088787
9,70,Salivary secretion,0.2081064570390282,4.40505767524401,6.914643337844717,CST3,0.330045150525701
9,71,TGF-beta signaling pathway,0.2100954368002021,4.357472021066491,6.79849904676328,MYC,0.330045150525701
9,72,IL-17 signaling pathway,0.2100954368002021,4.357472021066491,6.79849904676328,HSP90AA1,0.330045150525701
9,73,Fc gamma R-mediated phagocytosis,0.2160330472811356,4.220663265306122,6.46742313757927,PLCG2,0.330045150525701
9,74,Phosphatidylinositol signaling system,0.2160330472811356,4.220663265306122,6.46742313757927,PLCG2,0.330045150525701
9,75,Prostate cancer,0.2160330472811356,4.220663265306122,6.46742313757927,HSP90AA1,0.330045150525701
9,76,Inflammatory mediator regulation of TRP channels,0.21800251374840374,4.176940879444562,6.362519703204576,PLCG2,0.330045150525701
9,77,AGE-RAGE signaling pathway in diabetic complications,0.22192691156038513,4.092145949288806,6.1603458876211565,PLCG2,0.330045150525701
9,78,Progesterone-mediated oocyte maturation,0.22192691156038513,4.092145949288806,6.1603458876211565,HSP90AA1,0.330045150525701
9,79,C-type lectin receptor signaling pathway,0.22971789307458146,3.932435109966317,5.78423168094792,PLCG2,0.33730728603356264
9,80,Th17 cell differentiation,0.23551090700841826,3.8205621871390067,5.524525481436682,HSP90AA1,0.3414908151622065
9,81,Leukocyte transendothelial migration,0.24886240785882746,3.582625970742279,4.982913653406146,PLCG2,0.3563955470570862
9,82,"Growth hormone synthesis, secretion and action",0.25825901303237825,3.429955032860602,4.6434466139665425,PLCG2,0.36094030737055277
9,83,Neurotrophin signaling pathway,0.25825901303237825,3.429955032860602,4.6434466139665425,PLCG2,0.36094030737055277
9,84,Cell cycle,0.2675403902734135,3.2896963663514187,4.337414433160371,MYC,0.365113944373129
9,85,Platelet activation,0.2675403902734135,3.2896963663514187,4.337414433160371,PLCG2,0.365113944373129
9,86,Osteoclast differentiation,0.2730544838638846,3.2108843537414966,4.167997377843627,PLCG2,0.368306048002449
9,87,Natural killer cell mediated cytotoxicity,0.28034336849839514,3.111459968602826,3.956968446025251,PLCG2,0.37379115799786017
9,88,Systemic lupus erythematosus,0.2875606166970605,3.0179713676515383,3.7613629045399737,H4C3,0.3790571765552161
9,89,Fluid shear stress and atherosclerosis,0.29470691822637646,2.929902395740905,3.579678317757992,HSP90AA1,0.38397616601222256
9,90,Apoptosis,0.30002049698269956,2.8671298306556667,3.4517504575709377,BCL2L1,0.38397616601222256
9,91,Signaling pathways regulating pluripotency of stem cells,0.3017829564686885,2.8467950560505892,3.410594866305226,MYC,0.38397616601222256
9,92,Breast cancer,0.30878940825208556,2.7682415431926195,3.252948903166252,MYC,0.38397616601222256
9,93,Phospholipase D signaling pathway,0.3105302270346101,2.749271137026239,3.215201203875706,PLCG2,0.38397616601222256
9,94,Gastric cancer,0.3122667490151626,2.7305570876999448,3.1780885451938787,MYC,0.38397616601222256
9,95,Phagosome,0.31745063788071526,2.6759021489390458,3.0704182805545575,TFRC,0.38397616601222256
9,96,mTOR signaling pathway,0.32088526962227143,2.640656262505002,3.0015590720273457,DDIT4,0.38397616601222256
9,97,Cellular senescence,0.32430296197565434,2.6063199473337724,2.934917292064671,MYC,0.38397616601222256
9,98,Hepatitis C,0.3260054815208176,2.5894819466248036,2.902397750177957,MYC,0.38397616601222256
9,99,Ribosome,0.3277037968552589,2.5728584427401535,2.8703970097526006,RPS4Y1,0.38397616601222256
9,100,Hepatitis B,0.3344552195120095,2.5084294587400175,2.747363087126053,MYC,0.3860533590705353
9,101,Hippo signaling pathway,0.33613266608727643,2.492819349962207,2.717794694415788,MYC,0.3860533590705353
9,102,Wnt signaling pathway,0.34114018472714763,2.4471243042671613,2.6317886779390967,MYC,0.38796334733675614
9,103,Influenza A,0.35104442503680444,2.360544217687075,2.4711180018684864,DNAJB1,0.395351002954071
9,104,Axon guidance,0.36722819876446505,2.2289998872477166,2.2329492942532405,PLCG2,0.40883474494504163
9,105,Alcoholism,0.3735903703808139,2.1803640375068944,2.146776288649915,H4C3,0.40883474494504163
9,106,RNA transport,0.3735903703808139,2.1803640375068944,2.146776288649915,EIF1AY,0.40883474494504163
9,107,Chemokine signaling pathway,0.38301625183987076,2.111229832247035,2.02610052252205,PLCG2,0.4152325720880842
9,108,Viral carcinogenesis,0.3999373645428959,1.9951505354617094,1.8284503867148747,H4C3,0.4295623545090364
9,109,Human cytomegalovirus infection,0.4324264624271356,1.7971938775510203,1.5066648999451786,MYC,0.46019696918851133
9,110,Calcium signaling pathway,0.45358310414097847,1.6831184356587823,1.3306343458644796,PLCG2,0.47832400073048637
9,111,Parkinson disease,0.4659040445720373,1.6212969058591178,1.2383069829953701,BCL2L1,0.4868907132464534
9,112,Human papillomavirus infection,0.5663227960028818,1.2133580705009277,0.6899045422263055,HES6,0.5865486101458419
9,113,Amyotrophic lateral sclerosis,0.6012889018007975,1.1011975037949064,0.560156879867711,BCL2L1,0.616977430460525
9,114,Alzheimer disease,0.6063398885560332,1.0859582963620231,0.5433207667028247,APOE,0.616977430460525
9,115,Pathways of neurodegeneration,0.6998036112134204,0.8385430121415655,0.29932257263147394,BCL2L1,0.7058888600065806
9,116,Herpes simplex virus 1 infection,0.7170049272413213,0.7987927565392354,0.2657364363252364,BCL2L1,0.7170049272413213
10,1,Natural killer cell mediated cytotoxicity,0.00032058377475969313,13.572749058541595,109.19774639836137,TYROBP;CD48;HLA-A;HCST,0.01538802118846527
10,2,Cell adhesion molecules,0.006035329465923697,8.718268525311812,44.55144049537493,SELL;HLA-A;CD99,0.10393772441033601
10,3,Phagosome,0.006496107775646001,8.482507496787091,42.72259082051396,HLA-A;MPO;CORO1A,0.10393772441033601
10,6,Pertussis,0.015517162822490733,11.191441441441441,46.62140287744705,IRF1;IRF8,0.1117615280445833
10,7,Antigen processing and presentation,0.0162985561731684,10.895833333333334,44.85464558420347,CD74;HLA-A,0.1117615280445833
10,4,Tuberculosis,0.01030679429305003,7.130544536602957,32.621898711524636,CD74;LSP1;CORO1A,0.1117615280445833
10,5,Neutrophil extracellular trap formation,0.011755691339677188,6.782429649965683,30.13716854116709,CTSG;AZU1;MPO,0.1117615280445833
10,8,C-type lectin receptor signaling pathway,0.0279010087799889,8.107843137254902,29.018720027145317,IRF1;LSP1,0.16740605267993341
10,9,Renin-angiotensin system,0.05597578058787951,18.4860853432282,53.29235549319145,CTSG,0.2985374964686907
10,10,Allograft rejection,0.09081511663134849,10.983452840595698,26.34852930034076,HLA-A,0.37715362810861264
10,11,Primary immunodeficiency,0.09081511663134849,10.983452840595698,26.34852930034076,IGLL1,0.37715362810861264
10,12,Graft-versus-host disease,0.09989076947033614,9.909905425584869,22.829231064333683,HLA-A,0.37715362810861264
10,13,Type I diabetes mellitus,0.10214577427941592,9.673469387755102,22.068611238785657,HLA-A,0.37715362810861264
10,14,Ether lipid metabolism,0.11555999902224065,8.46173469387755,18.260130793597916,PLD4,0.3962057109333965
10,15,Autoimmune thyroid disease,0.12439349491287167,7.8092621664050235,16.276887238960814,HLA-A,0.39805918372118937
10,16,Viral myocarditis,0.13964452305344063,6.88031822898651,13.544974303558986,HLA-A,0.39817985257412397
10,17,Acute myeloid leukemia,0.15463513630999146,6.148423005565863,11.477180657220888,MPO,0.39817985257412397
10,18,Prolactin signaling pathway,0.16098104828531062,5.880212954747116,10.740024519792764,IRF1,0.39817985257412397
10,19,Cardiac muscle contraction,0.19606909758966404,4.713811105837684,7.6801565438185,TPM4,0.39817985257412397
10,21,Hypertrophic cardiomyopathy,0.20211002319239676,4.55423068103646,7.281955543769811,TPM4,0.39817985257412397
10,22,Salivary secretion,0.2081064570390282,4.40505767524401,6.914643337844717,LYZ,0.39817985257412397
10,24,Dilated cardiomyopathy,0.2140587201245348,4.26530612244898,6.5749903239841245,TPM4,0.39817985257412397
10,25,Glycerophospholipid metabolism,0.21800251374840374,4.176940879444562,6.362519703204576,PLD4,0.39817985257412397
10,26,Amoebiasis,0.2258320069783284,4.010709234188725,5.967790506031058,CTSG,0.39817985257412397
10,27,"Parathyroid hormone synthesis, secretion and action",0.2335846623503299,3.857142857142857,5.6090983677319475,MEF2D,0.39817985257412397
10,28,Drug metabolism,0.23743240698267418,3.7846652679763495,5.441865346754643,MPO,0.39817985257412397
10,29,TNF signaling pathway,0.24507118869589983,3.647545504688362,5.129202360192396,IRF1,0.39817985257412397
10,30,Leukocyte transendothelial migration,0.24886240785882746,3.582625970742279,4.982913653406146,CD99,0.39817985257412397
10,20,Human papillomavirus infection,0.20050517153183683,2.4849290780141846,3.993070404269077,IRF1;HLA-A,0.39817985257412397
10,23,Neuroactive ligand-receptor interaction,0.20964106712931346,2.4103982300884956,3.765905957717639,CTSG;TRH,0.39817985257412397
10,31,Thyroid hormone signaling pathway,0.26198531339212133,3.372448979591837,4.517283552621874,MED13L,0.3992812703080876
10,32,Osteoclast differentiation,0.2730544838638846,3.2108843537414966,4.167997377843627,TYROBP,0.3992812703080876
10,33,Lysosome,0.27488345891042104,3.1854411055760887,4.113704308580095,CTSG,0.3992812703080876
10,34,Systemic lupus erythematosus,0.2875606166970605,3.0179713676515383,3.7613629045399737,CTSG,0.3992812703080876
10,35,Apelin signaling pathway,0.2911425929329805,2.9732893157262907,3.668866926816198,MEF2D,0.3992812703080876
10,36,Adrenergic signaling in cardiomyocytes,0.3139989845586295,2.712094233666621,3.141596466170354,TPM4,0.4186653127448393
10,37,Cellular senescence,0.32430296197565434,2.6063199473337724,2.934917292064671,HLA-A,0.42071735607652455
10,38,cGMP-PKG signaling pathway,0.34280111726084433,2.432259650848291,2.603988937414043,MEF2D,0.43301193759264545
10,39,Herpes simplex virus 1 infection,0.3547702995313325,1.6342405913978495,1.6935385904454354,CD74;HLA-A,0.43664036865394773
10,40,Transcriptional misregulation in cancer,0.38301625183987076,2.111229832247035,2.02610052252205,MPO,0.4464417092571861
10,41,Kaposi sarcoma-associated herpesvirus infection,0.38457365959084777,2.100127551020408,2.006923755847897,HLA-A,0.4464417092571861
10,42,Epstein-Barr virus infection,0.398418067592006,2.0051781906792567,1.8452720554356252,HLA-A,0.4464417092571861
10,43,Viral carcinogenesis,0.3999373645428959,1.9951505354617094,1.8284503867148747,HLA-A,0.4464417092571861
10,44,Human immunodeficiency virus 1 infection,0.41344290663735483,1.909178837411742,1.6862551884518757,HLA-A,0.4510286254225689
10,45,Human T-cell leukemia virus 1 infection,0.42374084404297946,1.8472196217936716,1.5860841457604238,HLA-A,0.45122761296744585
10,46,Human cytomegalovirus infection,0.4324264624271356,1.7971938775510203,1.5066648999451786,HLA-A,0.45122761296744585
10,47,Endocytosis,0.4699502001103142,1.6016749329213757,1.2094704650298027,HLA-A,0.47994914053819315
10,48,MicroRNAs in cancer,0.5425251558593591,1.2972062611452349,0.7932686422257892,SOX4,0.5425251558593591
11,1,Rheumatoid arthritis,3.1711257412888533e-09,37.60086533261222,735.8180713426998,HLA-DRB5;CXCL8;HLA-DPB1;HLA-DRA;CXCL3;CXCL2;HLA-DPA1,3.45652705800485e-07
11,2,Allograft rejection,3.749933142127253e-08,67.06060606060606,1146.6654626635375,HLA-DRB5;HLA-DPB1;HLA-DRA;HLA-A;HLA-DPA1,1.4571406334537849e-06
11,3,Antigen processing and presentation,4.010478807670967e-08,37.64772727272727,641.2074359357551,CD74;HLA-DRB5;HLA-DPB1;HLA-DRA;HLA-A;HLA-DPA1,1.4571406334537849e-06
11,4,Graft-versus-host disease,6.307741223974447e-08,59.7987987987988,991.3984907314136,HLA-DRB5;HLA-DPB1;HLA-DRA;HLA-A;HLA-DPA1,1.5531060706608936e-06
11,5,Type I diabetes mellitus,7.124339773673824e-08,58.22222222222222,958.1726412408931,HLA-DRB5;HLA-DPB1;HLA-DRA;HLA-A;HLA-DPA1,1.5531060706608936e-06
11,6,IL-17 signaling pathway,1.2334973200470086e-07,30.77789256198347,489.62216825408126,NFKBIA;CXCL8;TNFAIP3;FOSB;CXCL3;CXCL2,2.240853464752066e-06
11,7,Hematopoietic cell lineage,1.6815980520974084e-07,29.1158357771261,454.15902867743614,HLA-DRB5;GP1BB;HLA-DPB1;HLA-DRA;CD37;HLA-DPA1,2.6184883954088217e-06
11,8,Autoimmune thyroid disease,2.0844532470415453e-07,46.06944444444444,708.713401635581,HLA-DRB5;HLA-DPB1;HLA-DRA;HLA-A;HLA-DPA1,2.7319857190568014e-06
11,9,NF-kappa B signaling pathway,2.2557680249092858e-07,27.623376623376622,422.76487208763496,NFKBIA;CXCL8;TNFAIP3;CXCL3;CXCL2;BIRC3,2.7319857190568014e-06
11,11,TNF signaling pathway,3.503285267596868e-07,25.528301886792452,379.462749517896,NFKBIA;TNFAIP3;CXCL3;CXCL2;JUNB;BIRC3,3.182150784733822e-06
11,12,Toxoplasmosis,3.503285267596868e-07,25.528301886792452,379.462749517896,NFKBIA;HLA-DRB5;HLA-DPB1;HLA-DRA;BIRC3;HLA-DPA1,3.182150784733822e-06
11,10,NOD-like receptor signaling pathway,3.183683766823358e-07,18.502004811547714,276.7910411808551,NFKBIA;CXCL8;TNFAIP3;CXCL3;CXCL2;GBP4;BIRC3,3.182150784733822e-06
11,13,Viral myocarditis,3.9153553392430127e-07,40.19191919191919,592.9590027029255,HLA-DRB5;HLA-DPB1;HLA-DRA;HLA-A;HLA-DPA1,3.2828748613652954e-06
11,14,Epstein-Barr virus infection,6.68009515064277e-07,16.491949910554563,234.49843249280212,NFKBIA;HLA-DRB5;HLA-DPB1;HLA-DRA;TNFAIP3;HLA-A;HLA-DPA1,5.200931224429014e-06
11,15,Asthma,1.0344595095127406e-06,64.16425120772946,884.2880643786286,HLA-DRB5;HLA-DPB1;HLA-DRA;HLA-DPA1,7.517072435792581e-06
11,16,Human T-cell leukemia virus 1 infection,1.1483367272312394e-06,15.156428258007898,207.29743974271116,NFKBIA;ZFP36;HLA-DRB5;HLA-DPB1;HLA-DRA;HLA-A;HLA-DPA1,7.823043954262818e-06
11,17,Leishmaniasis,1.3720031205746515e-06,30.675925925925927,414.1016480799777,NFKBIA;HLA-DRB5;HLA-DPB1;HLA-DRA;HLA-DPA1,8.796961184861001e-06
11,18,Phagosome,2.1046659143065444e-06,18.496886674968867,241.77935018540649,HLA-DRB5;TUBA1A;HLA-DPB1;HLA-DRA;HLA-A;HLA-DPA1,1.2744921369967408e-05
11,19,Th1 and Th2 cell differentiation,3.320217744689286e-06,25.367816091954023,320.02718140805626,NFKBIA;HLA-DRB5;HLA-DPB1;HLA-DRA;HLA-DPA1,1.904756495637538e-05
11,20,Influenza A,4.3051563053862945e-06,16.251916757940855,200.803760964731,NFKBIA;HLA-DRB5;CXCL8;HLA-DPB1;HLA-DRA;HLA-DPA1,2.3463101864355305e-05
11,21,Tuberculosis,5.592564428638942e-06,15.498432601880877,187.43916943144694,CD74;HLA-DRB5;HLA-DPB1;HLA-DRA;LSP1;HLA-DPA1,2.902807251055451e-05
11,22,Intestinal immune network for IgA production,6.2002690053006694e-06,39.3399209486166,471.7217614573871,HLA-DRB5;HLA-DPB1;HLA-DRA;HLA-DPA1,3.0719514617171497e-05
11,23,Th17 cell differentiation,6.978471871693315e-06,21.62091503267974,256.69821834848716,NFKBIA;HLA-DRB5;HLA-DPB1;HLA-DRA;HLA-DPA1,3.3071888435416146e-05
11,24,Kaposi sarcoma-associated herpesvirus infection,8.339574595605604e-06,14.411521633446768,168.5355159722058,NFKBIA;ZFP36;CXCL8;HLA-A;CXCL3;CXCL2,3.787556795504212e-05
11,25,Legionellosis,1.2380444596031718e-05,32.644790812141096,368.8663005138405,NFKBIA;CXCL8;CXCL3;CXCL2,5.3978738438698295e-05
11,26,Inflammatory bowel disease,2.091019166526525e-05,28.352102637205988,305.5016709433986,HLA-DRB5;HLA-DPB1;HLA-DRA;HLA-DPA1,8.766195736591971e-05
11,27,Epithelial cell signaling in Helicobacter pylori infection,2.8059102879129766e-05,26.197628458498023,274.5825167346738,NFKBIA;CXCL8;CXCL3;CXCL2,0.00011327563754907944
11,28,Herpes simplex virus 1 infection,2.990832845520439e-05,7.5646258503401365,78.80353342070714,NFKBIA;CD74;HLA-DRB5;HLA-DPB1;HLA-DRA;HLA-A;BIRC3;HLA-DPA1,0.00011642885005775994
11,29,Cell adhesion molecules,3.359740343521294e-05,15.39005439005439,158.53390095708875,HLA-DRB5;HLA-DPB1;HLA-DRA;HLA-A;HLA-DPA1,0.00012627989567028314
11,30,Staphylococcus aureus infection,9.305240181747403e-05,18.976588628762542,176.14729500931637,HLA-DRB5;HLA-DPB1;HLA-DRA;HLA-DPA1,0.00033809039327015563
11,31,Systemic lupus erythematosus,0.0003594242355042837,13.155658811815467,104.33762413438907,HLA-DRB5;HLA-DPB1;HLA-DRA;HLA-DPA1,0.0012637819893537717
11,32,Apoptosis,0.00043533416409246277,12.483931947069943,96.61810082119014,NFKBIA;TUBA1A;PMAIP1;BIRC3,0.0014828569964399512
11,33,Transcriptional misregulation in cancer,0.0013426972995517978,9.140610545790935,60.44754105675969,CXCL8;NFKBIZ;REL;BIRC3,0.004304529577974881
11,34,Chemokine signaling pathway,0.0013426972995517978,9.140610545790935,60.44754105675969,NFKBIA;CXCL8;CXCL3;CXCL2,0.004304529577974881
11,35,Viral carcinogenesis,0.0016472867079228661,8.630544024470177,55.30992679300502,NFKBIA;REL;PMAIP1;HLA-A,0.005130121461816926
11,36,Viral protein interaction with cytokine and cytokine receptor,0.0020046761378758565,13.064049133581927,81.15743654844592,CXCL8;CXCL3;CXCL2,0.005983658484110769
11,37,Lipid and atherosclerosis,0.0020311501276339306,8.134762002884813,50.42863493362163,NFKBIA;CXCL8;CXCL3;CXCL2,0.005983658484110769
11,38,Amoebiasis,0.002121212982648662,12.798839458413926,78.78667603753651,CXCL8;CXCL3;CXCL2,0.006084531976544846
11,39,Salmonella infection,0.003447530150958652,6.9937888198757765,39.65546242307768,NFKBIA;CXCL8;TUBA1A;BIRC3,0.009635404780884437
11,40,Osteoclast differentiation,0.003942447615787695,10.205559368565545,56.49750237396662,NFKBIA;FOSB;JUNB,0.01074316975302147
11,41,Cytokine-cytokine receptor interaction,0.006269776932341495,5.874495741819811,29.79552759414897,IL1RL1;CXCL8;CXCL3;CXCL2,0.016668431356712757
11,43,RIG-I-like receptor signaling pathway,0.013274200561286012,12.182598039215685,52.65237170003471,NFKBIA;CXCL8,0.03364855491116687
11,42,Pathogenic Escherichia coli infection,0.013137476004219155,6.500109673173942,28.160336535989156,NFKBIA;CXCL8;TUBA1A,0.03364855491116687
11,44,Human cytomegalovirus infection,0.018681598748238135,5.672225416906268,22.576683856024196,NFKBIA;CXCL8;HLA-A,0.04627941508086265
11,45,Small cell lung cancer,0.022222383975626977,9.194444444444445,35.00007985571613,NFKBIA;BIRC3,0.05382755229651867
11,46,Chagas disease,0.02691772640191098,8.270833333333334,29.898816321570965,NFKBIA;CXCL8,0.0633585407712248
11,47,Toll-like receptor signaling pathway,0.0279010087799889,8.107843137254902,29.018720027145317,NFKBIA;CXCL8,0.0633585407712248
11,48,C-type lectin receptor signaling pathway,0.0279010087799889,8.107843137254902,29.018720027145317,NFKBIA;LSP1,0.0633585407712248
11,49,Pathways in cancer,0.04334694919746572,3.2048510848939857,10.058485875648007,NFKBIA;CXCL8;PMAIP1;BIRC3,0.09642484617395436
11,50,Yersinia infection,0.046080253337353536,6.1157407407407405,18.820401760879264,NFKBIA;CXCL8,0.10045495227543072
11,51,Measles,0.04729227939443079,6.025851581508515,18.3873330672393,NFKBIA;TNFAIP3,0.1010756559606462
11,52,Cellular senescence,0.05805247754891302,5.356060606060606,15.245533180091437,CXCL8;HLA-A,0.12168692409291383
11,53,Necroptosis,0.060032623780291075,5.25291932059448,14.775764118949981,TNFAIP3;BIRC3,0.12346332060474959
11,54,Hepatitis B,0.062035997186313606,5.153645833333333,14.327343946785978,NFKBIA;CXCL8,0.12522080913533673
11,55,Bladder cancer,0.09763021468476817,10.158163265306122,23.633660200289185,CXCL8,0.19164070308189915
11,56,Human immunodeficiency virus 1 infection,0.09845760892281058,3.9166666666666665,9.079339326341122,NFKBIA;HLA-A,0.19164070308189915
11,58,Cocaine addiction,0.11555999902224065,8.46173469387755,18.260130793597916,FOSB,0.21717310161076261
11,57,Coronavirus disease,0.11438014460998691,3.572463768115942,7.745915171502187,NFKBIA;CXCL8,0.21717310161076261
11,59,Malaria,0.1177765260040411,8.28862973760933,17.7290996615035,CXCL8,0.21758714126170303
11,60,Shigellosis,0.12589722864430564,3.3650956284153004,6.973451834282437,NFKBIA;CXCL8,0.2287132987038219
11,61,Glutathione metabolism,0.13314051228520932,7.25,14.618539131965724,HPGDS,0.23790681703422648
11,62,Arachidonic acid metabolism,0.1418018805927374,6.76530612244898,13.214837540593157,HPGDS,0.2492968545904577
11,63,Cytosolic DNA-sensing pathway,0.1461007034145454,6.54641211323239,12.591756250239605,NFKBIA,0.2527774074950071
11,64,Retinol metabolism,0.15675564908065587,6.0563508985683825,11.222824361971771,ALDH1A1,0.26237777921279026
11,65,Adipocytokine signaling pathway,0.15887094888113906,5.966986794717887,10.977245117600177,NFKBIA,0.26237777921279026
11,66,Amphetamine addiction,0.15887094888113906,5.966986794717887,10.977245117600177,FOSB,0.26237777921279026
11,67,p53 signaling pathway,0.1672802691231711,5.634353741496598,10.074701240888364,PMAIP1,0.27021588220951165
11,68,Chronic myeloid leukemia,0.17353313536390655,5.408163265306122,9.4717853003048,NFKBIA,0.27021588220951165
11,69,Metabolism of xenobiotics by cytochrome P450,0.17353313536390655,5.408163265306122,9.4717853003048,HPGDS,0.27021588220951165
11,70,Pertussis,0.17353313536390655,5.408163265306122,9.4717853003048,CXCL8,0.27021588220951165
11,71,RNA degradation,0.17973998119355442,5.199372056514914,8.923391206941128,BTG2,0.27593884436756944
11,72,B cell receptor signaling pathway,0.18385247549919195,5.0688775510204085,8.584760541358477,NFKBIA,0.2783322198529434
11,73,Colorectal cancer,0.19404551285483848,4.769507803121249,7.820383303288144,PMAIP1,0.28698744926839
11,74,ECM-receptor interaction,0.19808770290364253,4.659394792399718,7.5437717166037235,GP1BB,0.28698744926839
11,75,Gap junction,0.19808770290364253,4.659394792399718,7.5437717166037235,TUBA1A,0.28698744926839
11,76,PD-L1 expression and PD-1 checkpoint pathway in cancer,0.20010134077429026,4.6062152133580705,7.411084001248333,NFKBIA,0.28698744926839
11,77,Prostate cancer,0.2160330472811356,4.220663265306122,6.46742313757927,NFKBIA,0.30464453844328215
11,78,mRNA surveillance pathway,0.21800251374840374,4.176940879444562,6.362519703204576,MSI2,0.30464453844328215
11,79,AGE-RAGE signaling pathway in diabetic complications,0.22192691156038513,4.092145949288806,6.1603458876211565,CXCL8,0.30620295392508834
11,80,T cell receptor signaling pathway,0.22971789307458146,3.932435109966317,5.78423168094792,NFKBIA,0.31299062931411725
11,81,Drug metabolism,0.23743240698267418,3.7846652679763495,5.441865346754643,HPGDS,0.31561137025745717
11,82,Insulin resistance,0.23743240698267418,3.7846652679763495,5.441865346754643,NFKBIA,0.31561137025745717
11,83,"Growth hormone synthesis, secretion and action",0.25825901303237825,3.429955032860602,4.6434466139665425,JUNB,0.33512181453010986
11,84,Neurotrophin signaling pathway,0.25825901303237825,3.429955032860602,4.6434466139665425,NFKBIA,0.33512181453010986
11,85,Platelet activation,0.2675403902734135,3.2896963663514187,4.337414433160371,GP1BB,0.3430812063506126
11,86,Relaxin signaling pathway,0.2767079241059198,3.1603954081632653,4.060453122404681,NFKBIA,0.3507112061342472
11,87,Natural killer cell mediated cytotoxicity,0.28034336849839514,3.111459968602826,3.956968446025251,HLA-A,0.3512347950152307
11,88,Ubiquitin mediated proteolysis,0.2964824884084789,2.9086771399207163,3.5362740390257685,BIRC3,0.36723399132413864
11,89,Phospholipase D signaling pathway,0.3105302270346101,2.749271137026239,3.215201203875706,CXCL8,0.3803123005255337
11,90,Non-alcoholic fatty liver disease,0.3225962281219006,2.6233766233766236,2.9679671260643183,CXCL8,0.3904900822611991
11,91,Hepatitis C,0.3260054815208176,2.5894819466248036,2.902397750177957,NFKBIA,0.3904900822611991
11,92,Hippo signaling pathway,0.33613266608727643,2.492819349962207,2.717794694415788,BIRC3,0.3982441369947079
11,93,Tight junction,0.34611068164657255,2.4030612244897958,2.5496399471999527,TUBA1A,0.40515985445437236
11,94,Protein processing in endoplasmic reticulum,0.3494039111808349,2.3745498199279713,2.4969025061029213,PPP1R15A,0.40515985445437236
11,95,Alcoholism,0.3735903703808139,2.1803640375068944,2.146776288649915,FOSB,0.42864579338430225
11,96,Focal adhesion,0.39689500106482833,2.0153061224489797,1.8623111638641865,BIRC3,0.45064119912569056
11,97,cAMP signaling pathway,0.41934932166703004,1.8732795443758898,1.627975467192003,NFKBIA,0.47122758826501315
11,98,Ras signaling pathway,0.4423976147030889,1.7421150278293136,1.420775326637273,REL,0.4920544898228234
11,99,Chemical carcinogenesis,0.4521970360135466,1.6902761104441777,1.3414661241804442,HPGDS,0.49787350429774324
11,100,Parkinson disease,0.4659040445720373,1.6212969058591178,1.2383069829953701,TUBA1A,0.5071739783368737
11,101,Endocytosis,0.4699502001103142,1.6016749329213757,1.2094704650298027,HLA-A,0.5071739783368737
11,102,Prion disease,0.4974441859988057,1.4764405762304922,1.0309569924227397,TUBA1A,0.5315825124889197
11,103,MAPK signaling pathway,0.5235391037893891,1.3691579020686773,0.8860417115990589,DUSP2,0.554036527311101
11,104,Huntington disease,0.5378493420766995,1.314486450317832,0.8152139890333826,TUBA1A,0.5631927808444777
11,105,MicroRNAs in cancer,0.5425251558593591,1.2972062611452349,0.7932686422257892,SOX4,0.5631927808444777
11,106,Human papillomavirus infection,0.5663227960028818,1.2133580705009277,0.6899045422263055,HLA-A,0.5823507996633408
11,107,Amyotrophic lateral sclerosis,0.6012889018007975,1.1011975037949064,0.560156879867711,TUBA1A,0.6119541467834039
11,108,Alzheimer disease,0.6063398885560332,1.0859582963620231,0.5433207667028247,TUBA1A,0.6119541467834039
11,109,Pathways of neurodegeneration,0.6998036112134204,0.8385430121415655,0.29932257263147394,TUBA1A,0.6998036112134204
12,1,Allograft rejection,2.7468339834827947e-16,150.7897392767031,5402.933956664262,HLA-DMB;HLA-B;HLA-C;HLA-DRA;HLA-A;HLA-DQA1;HLA-DRB1;HLA-DPA1;HLA-DQB1,2.2798722062907196e-14
12,2,Graft-versus-host disease,7.45840123788539e-16,132.48558758314857,4614.740690453149,HLA-DMB;HLA-B;HLA-C;HLA-DRA;HLA-A;HLA-DQA1;HLA-DRB1;HLA-DPA1;HLA-DQB1,2.6049079164943042e-14
12,3,Type I diabetes mellitus,9.41532981865411e-16,128.58249641319944,4448.828660175225,HLA-DMB;HLA-B;HLA-C;HLA-DRA;HLA-A;HLA-DQA1;HLA-DRB1;HLA-DPA1;HLA-DQB1,2.6049079164943042e-14
12,4,Antigen processing and presentation,4.053619233566249e-15,73.09558823529412,2422.326852493323,CD74;HLA-DMB;HLA-B;HLA-DRA;HLA-C;HLA-A;HLA-DQA1;HLA-DRB1;HLA-DQB1;HLA-DPA1,8.411259909649968e-14
12,5,Autoimmune thyroid disease,7.263980918462105e-15,99.30931263858093,3233.0989250312123,HLA-DMB;HLA-B;HLA-DRA;HLA-C;HLA-A;HLA-DQA1;HLA-DRB1;HLA-DQB1;HLA-DPA1,1.2058208324647096e-13
12,6,Viral myocarditis,2.3920575449988176e-14,85.64849354375897,2686.2825555175796,HLA-DMB;HLA-B;HLA-DRA;HLA-C;HLA-A;HLA-DQA1;HLA-DRB1;HLA-DQB1;HLA-DPA1,3.3090129372483645e-13
12,7,Phagosome,9.806674076812712e-14,39.62520458265139,1186.8988296369844,HLA-DMB;NCF1;HLA-B;HLA-DRA;HLA-C;HLA-A;CORO1A;HLA-DQA1;HLA-DRB1;HLA-DQB1;HLA-DPA1,1.1627913548220788e-12
12,8,Intestinal immune network for IgA production,2.963812372040184e-13,94.80952380952381,2734.9826401568657,HLA-DMB;CXCR4;HLA-DRA;TNFRSF13C;HLA-DQA1;HLA-DRB1;HLA-DPA1;HLA-DQB1,3.074955335991691e-12
12,9,Hematopoietic cell lineage,2.606242769813883e-12,48.4390243902439,1292.0194977148672,HLA-DMB;HLA-DRA;CD37;CD24;MS4A1;HLA-DQA1;HLA-DRB1;HLA-DQB1;HLA-DPA1,2.3964750876680214e-11
12,10,Cell adhesion molecules,2.8873193827325558e-12,35.891304347826086,953.6568146048203,PTPRC;HLA-DMB;HLA-B;HLA-DRA;HLA-C;HLA-A;HLA-DQA1;HLA-DRB1;HLA-DQB1;HLA-DPA1,2.3964750876680214e-11
12,11,Epstein-Barr virus infection,6.385223973711247e-11,25.7265625,603.9168910818081,HLA-DMB;GADD45B;HLA-B;HLA-DRA;HLA-C;HLA-A;HLA-DQA1;HLA-DRB1;HLA-DQB1;HLA-DPA1,4.817941725618487e-10
12,12,Asthma,1.2561930305527887e-10,108.68181818181819,2477.7025710006665,HLA-DMB;HLA-DRA;HLA-DQA1;HLA-DRB1;HLA-DPA1;HLA-DQB1,8.688668461323456e-10
12,13,Human T-cell leukemia virus 1 infection,1.4136160236029713e-10,23.613636363636363,535.5501875186159,HLA-DMB;HLA-B;HLA-DRA;HLA-C;HLA-A;TNFRSF13C;HLA-DQA1;HLA-DRB1;HLA-DQB1;HLA-DPA1,9.025394612234355e-10
12,14,Leishmaniasis,8.29602613023403e-10,46.23255813953488,966.7262262057488,HLA-DMB;NCF1;HLA-DRA;HLA-DQA1;HLA-DRB1;HLA-DQB1;HLA-DPA1,4.918358348638747e-09
12,15,Rheumatoid arthritis,3.1711257412888533e-09,37.60086533261222,735.8180713426998,HLA-DMB;HLA-DRA;LTB;HLA-DQA1;HLA-DRB1;HLA-DQB1;HLA-DPA1,1.7546895768464988e-08
12,16,Toxoplasmosis,1.1700021010097365e-08,30.767441860465116,561.9265648562503,HLA-DMB;HLA-DRA;HLA-DQA1;HLA-DRB1;HLA-DQB1;BIRC3;HLA-DPA1,6.069385898988008e-08
12,17,Inflammatory bowel disease,1.3217289136015829e-08,45.973035439137135,834.030859687064,HLA-DMB;HLA-DRA;HLA-DQA1;HLA-DRB1;HLA-DQB1;HLA-DPA1,6.45314704876067e-08
12,18,Tuberculosis,1.4320695645998255e-08,21.902547065337764,395.5941701190535,CD74;HLA-DMB;HLA-DRA;CORO1A;HLA-DQA1;HLA-DRB1;HLA-DQB1;HLA-DPA1,6.603431881210307e-08
12,19,Herpes simplex virus 1 infection,3.174542197897543e-08,11.272205549412941,194.62046005378298,CD74;HLA-DMB;HLA-B;HLA-DRA;HLA-C;HLA-A;HLA-DQA1;HLA-DRB1;HLA-DQB1;BIRC3;HLA-DPA1,1.386773696976295e-07
12,20,Th1 and Th2 cell differentiation,1.0843486507975927e-07,31.496828752642706,505.1183015691571,HLA-DMB;HLA-DRA;HLA-DQA1;HLA-DRB1;HLA-DQB1;HLA-DPA1,4.50004690081001e-07
12,21,Staphylococcus aureus infection,1.314171337019725e-07,30.430541368743615,482.16856072437463,HLA-DMB;HLA-DRA;HLA-DQA1;HLA-DRB1;HLA-DQB1;HLA-DPA1,5.19410576060177e-07
12,22,Th17 cell differentiation,2.671511845408456e-07,26.798829882988297,405.6123793534149,HLA-DMB;HLA-DRA;HLA-DQA1;HLA-DRB1;HLA-DQB1;HLA-DPA1,1.0078885598586447e-06
12,23,Systemic lupus erythematosus,1.0532377929330136e-06,20.952431289640593,288.3817533699955,HLA-DMB;HLA-DRA;HLA-DQA1;HLA-DRB1;HLA-DQB1;HLA-DPA1,3.8008146440626142e-06
12,24,Influenza A,4.3051563053862945e-06,16.251916757940855,200.803760964731,HLA-DMB;HLA-DRA;HLA-DQA1;HLA-DRB1;HLA-DQB1;HLA-DPA1,1.4888665556127602e-05
12,25,Primary immunodeficiency,0.00011660554961914327,36.319148936170215,328.93213337279053,CD79A;PTPRC;TNFRSF13C,0.00038713042473555566
12,26,NF-kappa B signaling pathway,0.00013219781074871336,17.26086956521739,154.16047142432132,GADD45B;LTB;TNFRSF13C;BIRC3,0.0004220160881593542
12,27,Cellular senescence,0.0006204461969792592,11.326086956521738,83.64396387173055,GADD45B;HLA-B;HLA-C;HLA-A,0.0019072975684917967
12,28,Human immunodeficiency virus 1 infection,0.0019299146354208596,8.253344481605351,51.585709880853,HLA-B;HLA-C;CXCR4;HLA-A,0.005720818383568977
12,29,Human cytomegalovirus infection,0.002395146562760475,7.762738540232147,46.84277743540076,HLA-B;HLA-C;CXCR4;HLA-A,0.006855074645142049
12,30,Endocytosis,0.003598013122623987,6.9081346423562415,38.87465379499725,HLA-B;HLA-C;CXCR4;HLA-A,0.009954502972593031
12,31,Natural killer cell mediated cytotoxicity,0.004299845025739212,9.884640957446809,53.86315121420032,HLA-B;HLA-C;HLA-A,0.011512488294721115
12,32,Transcriptional misregulation in cancer,0.012263449135789773,6.673758865248227,29.37209407315179,GADD45B;PAX5;BIRC3,0.03127709966275723
12,33,Kaposi sarcoma-associated herpesvirus infection,0.012435473359891428,6.638297872340425,29.12355460303055,HLA-B;HLA-C;HLA-A,0.03127709966275723
12,34,Viral carcinogenesis,0.014232378783234469,6.303191489361702,26.802655963713278,HLA-B;HLA-C;HLA-A,0.03474374820613121
12,35,RNA degradation,0.016695477638347864,10.753787878787879,44.01113934918422,BTG2;BTG1,0.039592132685224934
12,36,B cell receptor signaling pathway,0.017501658697958892,10.48048523206751,42.398379802278754,CD79B;CD79A,0.04035104644251633
12,37,Small cell lung cancer,0.022222383975626977,9.194444444444445,35.00007985571613,GADD45B;BIRC3,0.04985021270208214
12,38,Fc gamma R-mediated phagocytosis,0.024523395696302068,8.708333333333334,32.29161197321332,PTPRC;NCF1,0.0535642590208703
12,39,Leukocyte transendothelial migration,0.03302953017935412,7.380208333333333,25.169117576656426,NCF1;CXCR4,0.0702936155099075
12,40,Cytokine-cytokine receptor interaction,0.037434417090324794,4.29714368988633,14.116824995762398,CXCR4;LTB;TNFRSF13C,0.07767641546242396
12,41,Apoptosis,0.04913219876441706,5.895833333333333,17.765564841290935,GADD45B;BIRC3,0.09834925201909281
12,42,Human papillomavirus infection,0.049767091383155396,3.81850025947068,11.457033253248003,HLA-B;HLA-C;HLA-A,0.09834925201909281
12,43,Chemokine signaling pathway,0.08325238225198861,4.333333333333333,10.772140317863167,NCF1;CXCR4,0.1606964587654664
12,44,Thyroid cancer,0.08853222789026767,11.289115646258503,27.36920368672352,GADD45B,0.16700397533845948
12,45,Salmonella infection,0.12840111300152676,3.323717948717949,6.822250896314676,PTPRC;BIRC3,0.23682871953614937
12,46,Endometrial cancer,0.13531385173981347,7.122448979591836,14.246025949065045,GADD45B,0.2441532542261852
12,47,Basal cell carcinoma,0.1461007034145454,6.54641211323239,12.591756250239605,GADD45B,0.254038975945047
12,48,Pathways in cancer,0.1469141065706296,2.3479206963249517,4.503093942820027,GADD45B;CXCR4;BIRC3,0.254038975945047
12,49,Cortisol synthesis and secretion,0.15037842149138922,6.341198979591836,12.01403781811508,NR4A1,0.2547226323221491
12,50,Melanoma,0.16518569591012358,5.713998275366484,10.289111031016239,GADD45B,0.25720089705721866
12,51,Non-small cell lung cancer,0.16518569591012358,5.713998275366484,10.289111031016239,GADD45B,0.25720089705721866
12,53,p53 signaling pathway,0.1672802691231711,5.634353741496598,10.074701240888364,GADD45B,0.25720089705721866
12,54,Glioma,0.1714539764404576,5.4815223386651954,9.666337985731483,GADD45B,0.25720089705721866
12,55,Chronic myeloid leukemia,0.17353313536390655,5.408163265306122,9.4717853003048,GADD45B,0.25720089705721866
12,56,Pancreatic cancer,0.17353313536390655,5.408163265306122,9.4717853003048,GADD45B,0.25720089705721866
12,52,MAPK signaling pathway,0.16723034908925283,2.805079908675799,5.016557449841448,NR4A1;GADD45B,0.25720089705721866
12,57,Colorectal cancer,0.19404551285483848,4.769507803121249,7.820383303288144,GADD45B,0.2825575011745894
12,58,Aldosterone synthesis and secretion,0.21800251374840374,4.176940879444562,6.362519703204576,NR4A1,0.30699889432519945
12,60,Viral protein interaction with cytokine and cytokine receptor,0.22192691156038513,4.092145949288806,6.1603458876211565,CXCR4,0.30699889432519945
12,59,PI3K-Akt signaling pathway,0.2215840331594591,2.319839015151515,3.495889243162455,NR4A1;TCL1A,0.30699889432519945
12,61,T cell receptor signaling pathway,0.22971789307458146,3.932435109966317,5.78423168094792,PTPRC,0.3125669692654141
12,62,TNF signaling pathway,0.24507118869589983,3.647545504688362,5.129202360192396,BIRC3,0.3280791719638659
12,63,Cell cycle,0.2675403902734135,3.2896963663514187,4.337414433160371,GADD45B,0.35247384750306854
12,64,Osteoclast differentiation,0.2730544838638846,3.2108843537414966,4.167997377843627,NCF1,0.3541175337609753
12,65,FoxO signaling pathway,0.28034336849839514,3.111459968602826,3.956968446025251,GADD45B,0.3579769166979507
12,66,Fluid shear stress and atherosclerosis,0.29470691822637646,2.929902395740905,3.579678317757992,NCF1,0.3672842766851306
12,67,Ubiquitin mediated proteolysis,0.2964824884084789,2.9086771399207163,3.5362740390257685,BIRC3,0.3672842766851306
12,68,Breast cancer,0.30878940825208556,2.7682415431926195,3.252948903166252,GADD45B,0.37562521982983327
12,69,Gastric cancer,0.3122667490151626,2.7305570876999448,3.1780885451938787,GADD45B,0.37562521982983327
12,70,Cushing syndrome,0.3225962281219006,2.6233766233766236,2.9679671260643183,NR4A1,0.3825069562016821
12,71,Necroptosis,0.32939791820297204,2.5564453629553086,2.8389038953772054,BIRC3,0.38507080578657293
12,72,Hippo signaling pathway,0.33613266608727643,2.492819349962207,2.717794694415788,BIRC3,0.3874862678506103
12,73,Hepatocellular carcinoma,0.34445794624435677,2.4175730172308443,2.5766088705447237,GADD45B,0.3916439662778303
12,74,Protein processing in endoplasmic reticulum,0.3494039111808349,2.3745498199279713,2.4969025061029213,HERPUD1,0.3918989814595851
12,75,NOD-like receptor signaling pathway,0.36562778723674233,2.241496598639456,2.2552581276159067,BIRC3,0.4010518486506658
12,76,Axon guidance,0.36722819876446505,2.2289998872477166,2.2329492942532405,CXCR4,0.4010518486506658
12,77,Neutrophil extracellular trap formation,0.37832081798382067,2.1452453321754232,2.085205747179162,NCF1,0.4078003622423002
12,78,Focal adhesion,0.39689500106482833,2.0153061224489797,1.8623111638641865,BIRC3,0.42018735768430837
12,79,Diabetic cardiomyopathy,0.3999373645428959,1.9951505354617094,1.8284503867148747,NCF1,0.42018735768430837
12,80,Lipid and atherosclerosis,0.41787820546444665,1.8821285523555216,1.6422799960427914,NCF1,0.432707314394161
12,81,Regulation of actin cytoskeleton,0.4222806321196029,1.8558262014483213,1.5998802666710514,CXCR4,0.432707314394161
12,82,Calcium signaling pathway,0.45358310414097847,1.6831184356587823,1.3306343458644796,CXCR4,0.4591146054109904
12,83,Prion disease,0.4974441859988057,1.4764405762304922,1.0309569924227397,NCF1,0.4974441859988057
13,1,Allograft rejection,4.6483674541555455e-10,84.8778409090909,1823.9683452442905,HLA-DMA;HLA-DPB1;HLA-DRA;HLA-A;HLA-DRB1;HLA-DPA1,2.033751445625169e-08
13,2,Graft-versus-host disease,8.766373567479814e-10,75.43181818181819,1573.1251154684599,HLA-DMA;HLA-DPB1;HLA-DRA;HLA-A;HLA-DRB1;HLA-DPA1,2.033751445625169e-08
13,4,Type I diabetes mellitus,1.0168757228125846e-09,73.3894348894349,1519.6406032632613,HLA-DMA;HLA-DPB1;HLA-DRA;HLA-A;HLA-DRB1;HLA-DPA1,2.033751445625169e-08
13,3,Antigen processing and presentation,9.096792238439311e-10,45.5791025221094,948.8625238276305,CD74;HLA-DMA;HLA-DPB1;HLA-DRA;HLA-A;HLA-DRB1;HLA-DPA1,2.033751445625169e-08
13,5,Cell adhesion molecules,3.067992940982824e-09,26.952380952380953,528.3271007586743,HLA-DMA;SELL;HLA-DPB1;HLA-DRA;HLA-A;HLA-DRB1;CD99;HLA-DPA1,4.908788705572518e-08
13,6,Autoimmune thyroid disease,3.75772036429404e-09,57.74564796905222,1120.2340039124138,HLA-DMA;HLA-DPB1;HLA-DRA;HLA-A;HLA-DRB1;HLA-DPA1,5.01029381905872e-08
13,7,Viral myocarditis,8.087040431801317e-09,50.24242424242424,936.1672417991872,HLA-DMA;HLA-DPB1;HLA-DRA;HLA-A;HLA-DRB1;HLA-DPA1,9.242331922058649e-08
13,8,Asthma,1.2861415497107111e-08,85.14529914529915,1547.0078397459679,HLA-DMA;HLA-DPB1;HLA-DRA;HLA-DRB1;HLA-DPA1,1.2861415497107112e-07
13,9,Human T-cell leukemia virus 1 infection,6.575174979453356e-08,17.819002482509593,294.679607316203,CDC20;HLA-DMA;PTTG1;HLA-DPB1;HLA-DRA;HLA-A;HLA-DRB1;HLA-DPA1,5.844599981736317e-07
13,10,Phagosome,9.682314073043412e-08,22.234963913392143,359.10311235411035,HLA-DMA;TUBA1A;HLA-DPB1;HLA-DRA;HLA-A;HLA-DRB1;HLA-DPA1,7.74585125843473e-07
13,11,Intestinal immune network for IgA production,1.2554800113082946e-07,51.43927648578811,817.3998184079808,HLA-DMA;HLA-DPB1;HLA-DRA;HLA-DRB1;HLA-DPA1,9.130763718605779e-07
13,12,Tuberculosis,3.0663401756322646e-07,18.6098938029305,279.10394662507593,CD74;HLA-DMA;HLA-DPB1;HLA-DRA;LSP1;HLA-DRB1;HLA-DPA1,2.0442267837548433e-06
13,13,Inflammatory bowel disease,5.866258673378237e-07,36.833333333333336,528.5170278554614,HLA-DMA;HLA-DPB1;HLA-DRA;HLA-DRB1;HLA-DPA1,3.6100053374635307e-06
13,14,Systemic lupus erythematosus,1.0532377929330136e-06,20.952431289640593,288.3817533699955,HLA-DMA;HLA-DPB1;HLA-DRA;H4C3;HLA-DRB1;HLA-DPA1,6.018501673902935e-06
13,15,Leishmaniasis,1.3720031205746515e-06,30.675925925925927,414.1016480799777,HLA-DMA;HLA-DPB1;HLA-DRA;HLA-DRB1;HLA-DPA1,7.317349976398141e-06
13,16,Th1 and Th2 cell differentiation,3.320217744689286e-06,25.367816091954023,320.02718140805626,HLA-DMA;HLA-DPB1;HLA-DRA;HLA-DRB1;HLA-DPA1,1.6481387458062952e-05
13,17,Rheumatoid arthritis,3.502294834838377e-06,25.078282828282827,315.0356995323513,HLA-DMA;HLA-DPB1;HLA-DRA;HLA-DRB1;HLA-DPA1,1.6481387458062952e-05
13,18,Staphylococcus aureus infection,3.889944352383521e-06,24.51851851851852,305.43002211841866,HLA-DMA;HLA-DPB1;HLA-DRA;HLA-DRB1;HLA-DPA1,1.7288641566148983e-05
13,19,Influenza A,4.3051563053862945e-06,16.251916757940855,200.803760964731,HLA-DMA;HLA-DPB1;TNFSF10;HLA-DRA;HLA-DRB1;HLA-DPA1,1.8126973917415975e-05
13,20,Hematopoietic cell lineage,4.765968552006924e-06,23.47044917257683,287.60711364808213,HLA-DMA;HLA-DPB1;HLA-DRA;HLA-DRB1;HLA-DPA1,1.9063874208027695e-05
13,21,Th17 cell differentiation,6.978471871693315e-06,21.62091503267974,256.69821834848716,HLA-DMA;HLA-DPB1;HLA-DRA;HLA-DRB1;HLA-DPA1,2.6584654749307867e-05
13,22,Toxoplasmosis,8.724181958097535e-06,20.60539979231568,240.04078856930977,HLA-DMA;HLA-DPB1;HLA-DRA;HLA-DRB1;HLA-DPA1,3.172429802944558e-05
13,23,Epstein-Barr virus infection,1.0815798581625677e-05,13.743506493506494,157.15016157281767,HLA-DMA;HLA-DPB1;HLA-DRA;HLA-A;HLA-DRB1;HLA-DPA1,3.762016897956757e-05
13,24,Herpes simplex virus 1 infection,0.00022493619137527925,6.451617486856439,54.19161133895087,CD74;HLA-DMA;HLA-DPB1;HLA-DRA;HLA-A;HLA-DRB1;HLA-DPA1,0.0007497873045842642
13,25,Cell cycle,0.003686751554553751,10.460172322841569,58.60844537950275,CDC20;CCNB1;PTTG1,0.011797604974572003
13,26,Oocyte meiosis,0.0041187773755245296,10.042553191489361,55.15569972379198,CDC20;CCNB1;PTTG1,0.012673161155460091
13,27,Natural killer cell mediated cytotoxicity,0.004299845025739212,9.884640957446809,53.86315121420032,TNFSF10;CD48;HLA-A,0.012740281557745812
13,28,Cellular senescence,0.0069773717976026935,8.259073842302879,41.00698685273265,CCNB1;HLA-A;ZFP36L2,0.019935347993150554
13,29,Viral carcinogenesis,0.014232378783234469,6.303191489361702,26.802655963713278,CDC20;HLA-A;H4C3,0.03926173457443992
13,30,Human immunodeficiency virus 1 infection,0.015969630257828295,6.029013539651838,24.942429757967023,CCNB1;HLA-A;GNG11,0.04258568068754212
13,31,FoxO signaling pathway,0.04251576774636915,6.4021317829457365,20.217165618082923,CCNB1;TNFSF10,0.1097181103132107
13,32,Ubiquitin mediated proteolysis,0.04790268623376828,5.981884057971015,18.176455370515885,CDC20;UBE2C,0.11910836064101106
13,33,Apoptosis,0.04913219876441706,5.895833333333333,17.765564841290935,TUBA1A;TNFSF10,0.11910836064101106
13,34,Alcoholism,0.07884713359091254,4.475996376811594,11.37012436768999,GNG11;H4C3,0.1855226672727354
13,35,Kaposi sarcoma-associated herpesvirus infection,0.08399392133845118,4.31042757417103,10.676975859773291,HLA-A;GNG11,0.19198610591645984
13,36,Pathogenic Escherichia coli infection,0.08698049185623569,4.221153846153846,10.308359154488748,TUBA1A;TNFSF10,0.193289981902746
13,37,Human cytomegalovirus infection,0.10873228209474609,3.685911808669656,8.178546402117632,HLA-A;GNG11,0.23509682615080235
13,38,Salmonella infection,0.12840111300152676,3.323717948717949,6.822250896314676,TUBA1A;TNFSF10,0.27031813263479315
13,39,p53 signaling pathway,0.1672802691231711,5.634353741496598,10.074701240888364,CCNB1,0.3414260177852079
13,41,Cardiac muscle contraction,0.19606909758966404,4.713811105837684,7.6801565438185,TPM4,0.3414260177852079
13,42,ECM-receptor interaction,0.19808770290364253,4.659394792399718,7.5437717166037235,HMMR,0.3414260177852079
13,43,Gap junction,0.19808770290364253,4.659394792399718,7.5437717166037235,TUBA1A,0.3414260177852079
13,44,GABAergic synapse,0.20010134077429026,4.6062152133580705,7.411084001248333,GNG11,0.3414260177852079
13,45,Hypertrophic cardiomyopathy,0.20211002319239676,4.55423068103646,7.281955543769811,TPM4,0.3414260177852079
13,46,Morphine addiction,0.20411376209311863,4.503401360544218,7.156255051106618,GNG11,0.3414260177852079
13,47,Dilated cardiomyopathy,0.2140587201245348,4.26530612244898,6.5749903239841245,TPM4,0.3414260177852079
13,48,Circadian entrainment,0.2160330472811356,4.220663265306122,6.46742313757927,GNG11,0.3414260177852079
13,49,Fc gamma R-mediated phagocytosis,0.2160330472811356,4.220663265306122,6.46742313757927,MARCKS,0.3414260177852079
13,50,mRNA surveillance pathway,0.21800251374840374,4.176940879444562,6.362519703204576,MSI2,0.3414260177852079
13,51,Viral protein interaction with cytokine and cytokine receptor,0.22192691156038513,4.092145949288806,6.1603458876211565,TNFSF10,0.3414260177852079
13,52,Progesterone-mediated oocyte maturation,0.22192691156038513,4.092145949288806,6.1603458876211565,CCNB1,0.3414260177852079
13,40,MicroRNAs in cancer,0.181502535739734,2.6571969696969697,4.53446850958879,MARCKS;SOX4,0.3414260177852079
13,53,C-type lectin receptor signaling pathway,0.22971789307458146,3.932435109966317,5.78423168094792,LSP1,0.34674398954653807
13,54,Serotonergic synapse,0.2469691364760274,3.614795918367347,5.055262825364014,GNG11,0.349280572433442
13,55,Cholinergic synapse,0.2469691364760274,3.614795918367347,5.055262825364014,GNG11,0.349280572433442
13,56,Leukocyte transendothelial migration,0.24886240785882746,3.582625970742279,4.982913653406146,CD99,0.349280572433442
13,57,Glutamatergic synapse,0.24886240785882746,3.582625970742279,4.982913653406146,GNG11,0.349280572433442
13,58,Relaxin signaling pathway,0.2767079241059198,3.1603954081632653,4.060453122404681,GNG11,0.38166610221506186
13,59,Dopaminergic synapse,0.28215436939905053,3.087552578283222,3.906683206158155,GNG11,0.3825821957953227
13,60,Apelin signaling pathway,0.2911425929329805,2.9732893157262907,3.668866926816198,GNG11,0.38819012391064067
13,61,Retrograde endocannabinoid signaling,0.3105302270346101,2.749271137026239,3.215201203875706,GNG11,0.40515998007565096
13,62,Adrenergic signaling in cardiomyocytes,0.3139989845586295,2.712094233666621,3.141596466170354,TPM4,0.40515998007565096
13,63,Necroptosis,0.32939791820297204,2.5564453629553086,2.8389038953772054,TNFSF10,0.4182830707339327
13,64,Tight junction,0.34611068164657255,2.4030612244897958,2.5496399471999527,TUBA1A,0.43263835205821566
13,65,NOD-like receptor signaling pathway,0.36562778723674233,2.241496598639456,2.2552581276159067,GBP4,0.45000343044522134
13,66,Neutrophil extracellular trap formation,0.37832081798382067,2.1452453321754232,2.085205747179162,H4C3,0.4573328380177561
13,67,Chemokine signaling pathway,0.38301625183987076,2.111229832247035,2.02610052252205,GNG11,0.4573328380177561
13,68,Lipid and atherosclerosis,0.41787820546444665,1.8821285523555216,1.6422799960427914,TNFSF10,0.49162141819346666
13,69,Ras signaling pathway,0.4423976147030889,1.7421150278293136,1.420775326637273,GNG11,0.512924770670248
13,70,Parkinson disease,0.4659040445720373,1.6212969058591178,1.2383069829953701,TUBA1A,0.5295213522369737
13,71,Endocytosis,0.4699502001103142,1.6016749329213757,1.2094704650298027,HLA-A,0.5295213522369737
13,72,Prion disease,0.4974441859988057,1.4764405762304922,1.0309569924227397,TUBA1A,0.5527157622208952
13,73,Cytokine-cytokine receptor interaction,0.5247480242056516,1.3644314868804666,0.8798360233634043,TNFSF10,0.5750663278966045
13,74,Huntington disease,0.5378493420766995,1.314486450317832,0.8152139890333826,TUBA1A,0.5814587481910266
13,75,Human papillomavirus infection,0.5663227960028818,1.2133580705009277,0.6899045422263055,HLA-A,0.6040776490697406
13,76,PI3K-Akt signaling pathway,0.5909956578792304,1.1329710354396716,0.5958822738188654,GNG11,0.6218870651856749
13,77,Amyotrophic lateral sclerosis,0.6012889018007975,1.1011975037949064,0.560156879867711,TUBA1A,0.6218870651856749
13,78,Alzheimer disease,0.6063398885560332,1.0859582963620231,0.5433207667028247,TUBA1A,0.6218870651856749
13,79,Pathways of neurodegeneration,0.6998036112134204,0.8385430121415655,0.29932257263147394,TUBA1A,0.708661884773084
13,80,Pathways in cancer,0.7400095475471683,0.7477859068155565,0.2251524969148015,GNG11,0.7400095475471683
14,1,Asthma,1.0344595095127406e-06,64.16425120772946,884.2880643786286,FCER1G;PRG2;EPX;MS4A2,8.17223012515065e-05
14,2,Fc epsilon RI signaling pathway,0.0006571555344566322,19.527004909983635,143.08588265054038,FCER1G;ALOX5AP;MS4A2,0.025957643611036973
14,3,Natural killer cell mediated cytotoxicity,0.004299845025739212,9.884640957446809,53.86315121420032,TYROBP;FCER1G;TNFSF10,0.11322925234446592
14,4,Phospholipase D signaling pathway,0.006035329465923697,8.718268525311812,44.55144049537493,FCER1G;KIT;MS4A2,0.11766545415830623
14,5,MicroRNAs in cancer,0.007447180642930774,5.58226768968457,27.352663732653347,RPS6KA5;VIM;SOX4;FOXP1,0.11766545415830623
14,7,Hematopoietic cell lineage,0.025470075176232815,8.527920962199312,31.299610767204847,KIT;IL5RA,0.2874479912746275
14,6,Salmonella infection,0.02432234530488415,5.112610275038921,19.00029925474201,TUBA1A;AHNAK;TNFSF10,0.2874479912746275
14,8,Sphingolipid signaling pathway,0.03572213956233325,7.063034188034188,23.533921331722766,FCER1G;MS4A2,0.2957318950135659
14,9,MAPK signaling pathway,0.03711748806712986,4.312129853037947,14.202719986223858,NR4A1;RPS6KA5;KIT,0.2957318950135659
14,10,Cytokine-cytokine receptor interaction,0.037434417090324794,4.29714368988633,14.116824995762398,IL1RL1;TNFSF10;IL5RA,0.2957318950135659
14,12,Histidine metabolism,0.05360719859925478,19.367346938775512,56.67024999786951,HDC,0.31586333331732014
14,14,Renin-angiotensin system,0.05597578058787951,18.4860853432282,53.29235549319145,CPA3,0.31586333331732014
14,11,Apoptosis,0.04913219876441706,5.895833333333333,17.765564841290935,TUBA1A;TNFSF10,0.31586333331732014
14,13,Adrenergic signaling in cardiomyocytes,0.05416366174115152,5.574887387387387,16.25495026487543,RPS6KA5;TPM4,0.31586333331732014
14,15,Influenza A,0.06887601852794224,4.848039215686274,12.970673059288286,TNFSF10;TPSAB1,0.36274703091382915
14,18,Bladder cancer,0.09763021468476817,10.158163265306122,23.633660200289185,RPS6KA5,0.37807736568524863
14,19,Ferroptosis,0.09763021468476817,10.158163265306122,23.633660200289185,SAT1,0.37807736568524863
14,20,Cocaine addiction,0.11555999902224065,8.46173469387755,18.260130793597916,SLC18A2,0.37807736568524863
14,21,Arginine and proline metabolism,0.1177765260040411,8.28862973760933,17.7290996615035,SAT1,0.37807736568524863
14,23,Glutathione metabolism,0.13314051228520932,7.25,14.618539131965724,HPGDS,0.37807736568524863
14,24,Arachidonic acid metabolism,0.1418018805927374,6.76530612244898,13.214837540593157,HPGDS,0.37807736568524863
14,26,Cortisol synthesis and secretion,0.15037842149138922,6.341198979591836,12.01403781811508,NR4A1,0.37807736568524863
14,27,Acute myeloid leukemia,0.15463513630999146,6.148423005565863,11.477180657220888,KIT,0.37807736568524863
14,28,Mitophagy,0.15675564908065587,6.0563508985683825,11.222824361971771,BNIP3L,0.37807736568524863
14,29,Amphetamine addiction,0.15887094888113906,5.966986794717887,10.977245117600177,SLC18A2,0.37807736568524863
14,16,Transcriptional misregulation in cancer,0.08325238225198861,4.333333333333333,10.772140317863167,HPGD;ID2,0.37807736568524863
14,30,Central carbon metabolism in cancer,0.16098104828531062,5.880212954747116,10.740024519792764,KIT,0.37807736568524863
14,17,Pathogenic Escherichia coli infection,0.08698049185623569,4.221153846153846,10.308359154488748,TUBA1A;TNFSF10,0.37807736568524863
14,31,PPAR signaling pathway,0.16936969182663447,5.556891249650545,9.867213018330611,PLIN2,0.37807736568524863
14,32,Metabolism of xenobiotics by cytochrome P450,0.17353313536390655,5.408163265306122,9.4717853003048,HPGDS,0.37807736568524863
14,33,Synaptic vesicle cycle,0.17767612543797884,5.267161410018553,9.10056411919043,SLC18A2,0.37807736568524863
14,34,RNA degradation,0.17973998119355442,5.199372056514914,8.923391206941128,BTG2,0.37807736568524863
14,35,Cardiac muscle contraction,0.19606909758966404,4.713811105837684,7.6801565438185,TPM4,0.37807736568524863
14,36,Gap junction,0.19808770290364253,4.659394792399718,7.5437717166037235,TUBA1A,0.37807736568524863
14,37,Hypertrophic cardiomyopathy,0.20211002319239676,4.55423068103646,7.281955543769811,TPM4,0.37807736568524863
14,38,Salivary secretion,0.2081064570390282,4.40505767524401,6.914643337844717,CST3,0.37807736568524863
14,22,Parkinson disease,0.12840111300152676,3.323717948717949,6.822250896314676,TUBA1A;SLC18A2,0.37807736568524863
14,39,TGF-beta signaling pathway,0.2100954368002021,4.357472021066491,6.79849904676328,ID2,0.37807736568524863
14,40,Dilated cardiomyopathy,0.2140587201245348,4.26530612244898,6.5749903239841245,TPM4,0.37807736568524863
14,41,Circadian entrainment,0.2160330472811356,4.220663265306122,6.46742313757927,RPS6KA5,0.37807736568524863
14,42,Aldosterone synthesis and secretion,0.21800251374840374,4.176940879444562,6.362519703204576,NR4A1,0.37807736568524863
14,44,Viral protein interaction with cytokine and cytokine receptor,0.22192691156038513,4.092145949288806,6.1603458876211565,TNFSF10,0.37807736568524863
14,45,Melanogenesis,0.22388186624120487,4.051020408163265,6.062906014187368,KIT,0.37807736568524863
14,46,Pancreatic secretion,0.2258320069783284,4.010709234188725,5.967790506031058,CPA3,0.37807736568524863
14,47,Protein digestion and absorption,0.2277773453985499,3.971188475390156,5.874923343943355,CPA3,0.37807736568524863
14,48,C-type lectin receptor signaling pathway,0.22971789307458146,3.932435109966317,5.78423168094792,FCER1G,0.37807736568524863
14,25,Pathways in cancer,0.1469141065706296,2.3479206963249517,4.503093942820027,RPS6KA5;KIT;IL5RA,0.37807736568524863
14,43,PI3K-Akt signaling pathway,0.2215840331594591,2.319839015151515,3.495889243162455,NR4A1;KIT,0.37807736568524863
14,49,Drug metabolism,0.23743240698267418,3.7846652679763495,5.441865346754643,HPGDS,0.3825600349334542
14,50,TNF signaling pathway,0.24507118869589983,3.647545504688362,5.129202360192396,RPS6KA5,0.3825600349334542
14,51,Serotonergic synapse,0.2469691364760274,3.614795918367347,5.055262825364014,SLC18A2,0.3825600349334542
14,52,Neurotrophin signaling pathway,0.25825901303237825,3.429955032860602,4.6434466139665425,RPS6KA5,0.3910560558337718
14,53,Platelet activation,0.2675403902734135,3.2896963663514187,4.337414433160371,FCER1G,0.3910560558337718
14,54,Osteoclast differentiation,0.2730544838638846,3.2108843537414966,4.167997377843627,TYROBP,0.3910560558337718
14,55,Lysosome,0.27488345891042104,3.1854411055760887,4.113704308580095,LAPTM5,0.3910560558337718
14,56,FoxO signaling pathway,0.28034336849839514,3.111459968602826,3.956968446025251,TNFSF10,0.3910560558337718
14,57,Dopaminergic synapse,0.28215436939905053,3.087552578283222,3.906683206158155,SLC18A2,0.3910560558337718
14,58,Signaling pathways regulating pluripotency of stem cells,0.3017829564686885,2.8467950560505892,3.410594866305226,ID2,0.41104919932804124
14,59,Breast cancer,0.30878940825208556,2.7682415431926195,3.252948903166252,KIT,0.4134637839307586
14,60,Phagosome,0.31745063788071526,2.6759021489390458,3.0704182805545575,TUBA1A,0.41491375970148187
14,61,Cushing syndrome,0.3225962281219006,2.6233766233766236,2.9679671260643183,NR4A1,0.41491375970148187
14,62,Necroptosis,0.32939791820297204,2.5564453629553086,2.8389038953772054,TNFSF10,0.41491375970148187
14,63,JAK-STAT signaling pathway,0.3344552195120095,2.5084294587400175,2.747363087126053,IL5RA,0.41491375970148187
14,64,Hippo signaling pathway,0.33613266608727643,2.492819349962207,2.717794694415788,ID2,0.41491375970148187
14,65,Tight junction,0.34611068164657255,2.4030612244897958,2.5496399471999527,TUBA1A,0.4182258936861509
14,66,Protein processing in endoplasmic reticulum,0.3494039111808349,2.3745498199279713,2.4969025061029213,PPP1R15A,0.4182258936861509
14,67,Tuberculosis,0.3640234091355428,2.2541329380914377,2.2778849681371156,FCER1G,0.42922163166728183
14,68,Alcoholism,0.3735903703808139,2.1803640375068944,2.146776288649915,SLC18A2,0.43402410676594555
14,69,Epstein-Barr virus infection,0.398418067592006,2.0051781906792567,1.8452720554356252,VIM,0.45615981651838367
14,70,Rap1 signaling pathway,0.41046765980788213,1.927643784786642,1.716486090768287,KIT,0.4632420732117527
14,71,Lipid and atherosclerosis,0.41787820546444665,1.8821285523555216,1.6422799960427914,TNFSF10,0.46496307368579276
14,72,Ras signaling pathway,0.4423976147030889,1.7421150278293136,1.420775326637273,KIT,0.4854084939103337
14,73,Chemical carcinogenesis,0.4521970360135466,1.6902761104441777,1.3414661241804442,HPGDS,0.48936391568589294
14,74,Shigellosis,0.4618276248188864,1.641399416909621,1.2680853834334544,RPS6KA5,0.49303219406340576
14,75,Prion disease,0.4974441859988057,1.4764405762304922,1.0309569924227397,TUBA1A,0.5239745425854087
14,76,Huntington disease,0.5378493420766995,1.314486450317832,0.8152139890333826,TUBA1A,0.5590802371586745
14,77,Amyotrophic lateral sclerosis,0.6012889018007975,1.1011975037949064,0.560156879867711,TUBA1A,0.614113476870854
14,78,Alzheimer disease,0.6063398885560332,1.0859582963620231,0.5433207667028247,TUBA1A,0.614113476870854
14,79,Pathways of neurodegeneration,0.6998036112134204,0.8385430121415655,0.29932257263147394,TUBA1A,0.6998036112134204
15,1,Tuberculosis,8.5240167331515e-05,12.555555555555555,117.64603000077685,CD74;FCER1G;HLA-DRA;LSP1;CORO1A,0.008609256900483014
15,2,Phagosome,0.0005627493829057265,11.63454759106933,87.05755206365639,NCF1;HLA-DRA;CYBB;CORO1A,0.02841884383673919
15,3,Leishmaniasis,0.0009441676964961806,17.14433582518689,119.41384383677425,NCF1;HLA-DRA;CYBB,0.031786979115371414
15,5,Hematopoietic cell lineage,0.0019479426217578455,13.200797872340425,82.3859356912581,IL3RA;HLA-DRA;CD37,0.03934844095950848
15,4,Epstein-Barr virus infection,0.0016177816738448417,8.674571805006588,55.74886546020344,GADD45B;IRF7;HLA-DRA;VIM,0.03934844095950848
15,6,Asthma,0.0027192556482504363,28.62212643678161,169.08226656127547,FCER1G;HLA-DRA,0.045774136745549004
15,7,Natural killer cell mediated cytotoxicity,0.004299845025739212,9.884640957446809,53.86315121420032,TYROBP;FCER1G;HCST,0.06204062108566578
15,9,Fc epsilon RI signaling pathway,0.01256089224520355,12.553030303030303,54.94671101969335,FCER1G;ALOX5AP,0.14096112408506206
15,8,Transcriptional misregulation in cancer,0.012263449135789773,6.673758865248227,29.37209407315179,MEF2C;GADD45B;RUNX2,0.14096112408506206
15,10,Antigen processing and presentation,0.0162985561731684,10.895833333333334,44.85464558420347,CD74;HLA-DRA,0.152180887869606
15,11,Lipid and atherosclerosis,0.016574156104610556,5.942794058611,24.364924698932942,NCF1;IRF7;CYBB,0.152180887869606
15,12,C-type lectin receptor signaling pathway,0.0279010087799889,8.107843137254902,29.018720027145317,FCER1G;LSP1,0.22452025113863477
15,13,"Parathyroid hormone synthesis, secretion and action",0.028898646186160913,7.951121794871795,28.178461808105727,MEF2C;RUNX2,0.22452025113863477
15,14,Leukocyte transendothelial migration,0.03302953017935412,7.380208333333333,25.169117576656426,NCF1;CYBB,0.23828446772248332
15,15,Osteoclast differentiation,0.04020055744917771,6.608333333333333,21.238353436089685,TYROBP;NCF1,0.2706837534911299
15,16,Fluid shear stress and atherosclerosis,0.04729227939443079,6.025851581508515,18.3873330672393,MEF2C;NCF1,0.291903063247419
15,17,Apoptosis,0.04913219876441706,5.895833333333333,17.765564841290935,GADD45B;IL3RA,0.291903063247419
15,18,Oxytocin signaling pathway,0.0567455048100272,5.427083333333333,15.571272642043727,MEF2C;RGS2,0.3184053325451526
15,19,cGMP-PKG signaling pathway,0.06542536961901863,4.996212121212121,13.623896946353439,MEF2C;RGS2,0.347787491132678
15,20,Influenza A,0.06887601852794224,4.848039215686274,12.970673059288286,IRF7;HLA-DRA,0.3478238935661083
15,23,Thyroid cancer,0.08853222789026767,11.289115646258503,27.36920368672352,GADD45B,0.3569462646235804
15,24,Allograft rejection,0.09081511663134849,10.983452840595698,26.34852930034076,HLA-DRA,0.3569462646235804
15,26,Ferroptosis,0.09763021468476817,10.158163265306122,23.633660200289185,CYBB,0.3569462646235804
15,27,Graft-versus-host disease,0.09989076947033614,9.909905425584869,22.829231064333683,HLA-DRA,0.3569462646235804
15,28,Type I diabetes mellitus,0.10214577427941592,9.673469387755102,22.068611238785657,HLA-DRA,0.3569462646235804
15,29,Intestinal immune network for IgA production,0.11333801483691312,8.642205818497612,18.81737166641443,HLA-DRA,0.3569462646235804
15,30,Sphingolipid metabolism,0.11555999902224065,8.46173469387755,18.260130793597916,UGCG,0.3569462646235804
15,31,Ether lipid metabolism,0.11555999902224065,8.46173469387755,18.260130793597916,PLD4,0.3569462646235804
15,32,Autoimmune thyroid disease,0.12439349491287167,7.8092621664050235,16.276887238960814,HLA-DRA,0.3569462646235804
15,34,Endometrial cancer,0.13531385173981347,7.122448979591836,14.246025949065045,GADD45B,0.3569462646235804
15,35,Viral myocarditis,0.13964452305344063,6.88031822898651,13.544974303558986,HLA-DRA,0.3569462646235804
15,36,Basal cell carcinoma,0.1461007034145454,6.54641211323239,12.591756250239605,GADD45B,0.3569462646235804
15,37,Cytosolic DNA-sensing pathway,0.1461007034145454,6.54641211323239,12.591756250239605,IRF7,0.3569462646235804
15,39,Inflammatory bowel disease,0.15037842149138922,6.341198979591836,12.01403781811508,HLA-DRA,0.3569462646235804
15,21,NOD-like receptor signaling pathway,0.07523531338174881,4.602188081936685,11.90647986328784,IRF7;CYBB,0.3569462646235804
15,22,Neutrophil extracellular trap formation,0.08104024470756385,4.403520499108734,11.065207700859313,NCF1;CYBB,0.3569462646235804
15,40,RIG-I-like receptor signaling pathway,0.16098104828531062,5.880212954747116,10.740024519792764,IRF7,0.3569462646235804
15,41,Melanoma,0.16518569591012358,5.713998275366484,10.289111031016239,GADD45B,0.3569462646235804
15,42,Non-small cell lung cancer,0.16518569591012358,5.713998275366484,10.289111031016239,GADD45B,0.3569462646235804
15,44,p53 signaling pathway,0.1672802691231711,5.634353741496598,10.074701240888364,GADD45B,0.3569462646235804
15,25,Diabetic cardiomyopathy,0.09152002195394623,4.093905472636816,9.789336578359592,NCF1;CYBB,0.3569462646235804
15,45,Glioma,0.1714539764404576,5.4815223386651954,9.666337985731483,GADD45B,0.3569462646235804
15,46,Chronic myeloid leukemia,0.17353313536390655,5.408163265306122,9.4717853003048,GADD45B,0.3569462646235804
15,47,Pancreatic cancer,0.17353313536390655,5.408163265306122,9.4717853003048,GADD45B,0.3569462646235804
15,48,Pertussis,0.17353313536390655,5.408163265306122,9.4717853003048,IRF8,0.3569462646235804
15,49,RNA degradation,0.17973998119355442,5.199372056514914,8.923391206941128,BTG1,0.3569462646235804
15,50,Colorectal cancer,0.19404551285483848,4.769507803121249,7.820383303288144,GADD45B,0.3569462646235804
15,51,Cardiac muscle contraction,0.19606909758966404,4.713811105837684,7.6801565438185,TPM2,0.3569462646235804
15,52,Bile secretion,0.20211002319239676,4.55423068103646,7.281955543769811,SCT,0.3569462646235804
15,53,Hypertrophic cardiomyopathy,0.20211002319239676,4.55423068103646,7.281955543769811,TPM2,0.3569462646235804
15,54,Small cell lung cancer,0.20611256943631576,4.453689167974883,7.03385741012878,GADD45B,0.3569462646235804
15,55,Th1 and Th2 cell differentiation,0.20611256943631576,4.453689167974883,7.03385741012878,HLA-DRA,0.3569462646235804
15,56,Salivary secretion,0.2081064570390282,4.40505767524401,6.914643337844717,CST3,0.3569462646235804
15,57,Rheumatoid arthritis,0.2081064570390282,4.40505767524401,6.914643337844717,HLA-DRA,0.3569462646235804
15,58,Staphylococcus aureus infection,0.2120795205832498,4.310898827616153,6.685315939697291,HLA-DRA,0.3569462646235804
15,59,Dilated cardiomyopathy,0.2140587201245348,4.26530612244898,6.5749903239841245,TPM2,0.3569462646235804
15,60,Fc gamma R-mediated phagocytosis,0.2160330472811356,4.220663265306122,6.46742313757927,NCF1,0.3569462646235804
15,61,Glycerophospholipid metabolism,0.21800251374840374,4.176940879444562,6.362519703204576,PLD4,0.3569462646235804
15,62,AGE-RAGE signaling pathway in diabetic complications,0.22192691156038513,4.092145949288806,6.1603458876211565,CYBB,0.3569462646235804
15,63,Pancreatic secretion,0.2258320069783284,4.010709234188725,5.967790506031058,SCT,0.3569462646235804
15,64,Toll-like receptor signaling pathway,0.22971789307458146,3.932435109966317,5.78423168094792,IRF7,0.3569462646235804
15,65,NF-kappa B signaling pathway,0.22971789307458146,3.932435109966317,5.78423168094792,GADD45B,0.3569462646235804
15,38,Prion disease,0.14883793051696106,3.0256765067650675,5.763602946924966,NCF1;CYBB,0.3569462646235804
15,33,Herpes simplex virus 1 infection,0.12804327776642044,2.508704061895551,5.156357627004285,CD74;IRF7;HLA-DRA,0.3569462646235804
15,43,MAPK signaling pathway,0.16723034908925283,2.805079908675799,5.016557449841448,MEF2C;GADD45B,0.3569462646235804
15,66,Th17 cell differentiation,0.23551090700841826,3.8205621871390067,5.524525481436682,HLA-DRA,0.36040305466439765
15,67,HIF-1 signaling pathway,0.23934917373986106,3.749433106575964,5.361058744932435,CYBB,0.3608099484735219
15,68,Toxoplasmosis,0.24507118869589983,3.647545504688362,5.129202360192396,HLA-DRA,0.36400279497479243
15,69,Sphingolipid signaling pathway,0.25825901303237825,3.429955032860602,4.6434466139665425,FCER1G,0.37803130893145226
15,70,Cell cycle,0.2675403902734135,3.2896963663514187,4.337414433160371,GADD45B,0.3805856256002079
15,71,Platelet activation,0.2675403902734135,3.2896963663514187,4.337414433160371,FCER1G,0.3805856256002079
15,72,FoxO signaling pathway,0.28034336849839514,3.111459968602826,3.956968446025251,GADD45B,0.3932594474769154
15,73,Systemic lupus erythematosus,0.2875606166970605,3.0179713676515383,3.7613629045399737,HLA-DRA,0.39642371800526977
15,74,Apelin signaling pathway,0.2911425929329805,2.9732893157262907,3.668866926816198,MEF2C,0.39642371800526977
15,75,Measles,0.29470691822637646,2.929902395740905,3.579678317757992,IRF7,0.39642371800526977
15,76,Breast cancer,0.30878940825208556,2.7682415431926195,3.252948903166252,GADD45B,0.39642371800526977
15,77,Cell adhesion molecules,0.3105302270346101,2.749271137026239,3.215201203875706,HLA-DRA,0.39642371800526977
15,78,Phospholipase D signaling pathway,0.3105302270346101,2.749271137026239,3.215201203875706,FCER1G,0.39642371800526977
15,79,Gastric cancer,0.3122667490151626,2.7305570876999448,3.1780885451938787,GADD45B,0.39642371800526977
15,80,Adrenergic signaling in cardiomyocytes,0.3139989845586295,2.712094233666621,3.141596466170354,TPM2,0.39642371800526977
15,81,Cellular senescence,0.32430296197565434,2.6063199473337724,2.934917292064671,GADD45B,0.3974114961260348
15,82,Hepatitis C,0.3260054815208176,2.5894819466248036,2.902397750177957,IRF7,0.3974114961260348
15,83,Necroptosis,0.32939791820297204,2.5564453629553086,2.8389038953772054,CYBB,0.3974114961260348
15,84,Hepatitis B,0.3344552195120095,2.5084294587400175,2.747363087126053,IRF7,0.3974114961260348
15,85,JAK-STAT signaling pathway,0.3344552195120095,2.5084294587400175,2.747363087126053,IL3RA,0.3974114961260348
15,86,Hepatocellular carcinoma,0.34445794624435677,2.4175730172308443,2.5766088705447237,GADD45B,0.40453782058930277
15,87,Protein processing in endoplasmic reticulum,0.3494039111808349,2.3745498199279713,2.4969025061029213,HERPUD1,0.40562982792257846
15,88,Chemokine signaling pathway,0.38301625183987076,2.111229832247035,2.02610052252205,NCF1,0.4315771068741736
15,90,Kaposi sarcoma-associated herpesvirus infection,0.38457365959084777,2.100127551020408,2.006923755847897,IRF7,0.4315771068741736
15,89,Pathways in cancer,0.3845658411934332,1.5296943919344677,1.461837555945949,GADD45B;IL3RA,0.4315771068741736
15,91,Viral carcinogenesis,0.3999373645428959,1.9951505354617094,1.8284503867148747,IRF7,0.44388652548167573
15,92,Human immunodeficiency virus 1 infection,0.41344290663735483,1.909178837411742,1.6862551884518757,SAMHD1,0.4538884083736178
15,93,Human T-cell leukemia virus 1 infection,0.42374084404297946,1.8472196217936716,1.5860841457604238,HLA-DRA,0.4601916693369992
15,94,Coronavirus disease,0.4423976147030889,1.7421150278293136,1.420775326637273,CYBB,0.4753421179256594
15,95,Cytokine-cytokine receptor interaction,0.5247480242056516,1.3644314868804666,0.8798360233634043,IL3RA,0.557890004681798
15,96,MicroRNAs in cancer,0.5425251558593591,1.2972062611452349,0.7932686422257892,VIM,0.5707816743937008
15,97,Neuroactive ligand-receptor interaction,0.5772243543740008,1.1770708283313325,0.6468289747027046,SCT,0.6010274205337535
15,98,PI3K-Akt signaling pathway,0.5909956578792304,1.1329710354396716,0.5958822738188654,IL3RA,0.6090873616918598
15,99,Alzheimer disease,0.6063398885560332,1.0859582963620231,0.5433207667028247,CYBB,0.6185891792339328
15,100,Olfactory transduction,0.6716443233520003,0.9070243131421133,0.3610195851598624,RGS2,0.6783607665855204
15,101,Pathways of neurodegeneration,0.6998036112134204,0.8385430121415655,0.29932257263147394,CYBB,0.6998036112134204
16,1,Malaria,1.5476841009576738e-07,49.148148148148145,770.7086232062782,GYPA;GYPB;HBB;HBA2;HBA1,7.738420504788368e-06
16,2,African trypanosomiasis,0.00010758892051640563,37.3892365456821,341.6326661301949,HBB;HBA2;HBA1,0.0026897230129101406
16,3,"Glycine, serine and threonine metabolism",0.004496424806807151,21.833333333333332,117.99765363023795,ALAS2;BPGM,0.06475863953490507
16,4,Porphyrin and chlorophyll metabolism,0.005180691162792406,20.232723577235774,106.48111760263689,ALAS2;HMBS,0.06475863953490507
16,5,Mitophagy,0.01256089224520355,12.553030303030303,54.94671101969335,BNIP3L;BCL2L1,0.1256089224520355
16,6,Sulfur metabolism,0.02472594881725805,45.21768707482993,167.3010120823387,SELENBP1,0.20604957347715044
16,7,Collecting duct acid secretion,0.06539215225886762,15.638932496075354,42.652889831563165,SLC4A1,0.40845198115983306
16,8,Asthma,0.07471646000262763,13.551020408163266,35.15209038871121,PRG2,0.40845198115983306
16,10,Thyroid cancer,0.08853222789026767,11.289115646258503,27.36920368672352,NCOA4,0.40845198115983306
16,11,Ferroptosis,0.09763021468476817,10.158163265306122,23.633660200289185,NCOA4,0.40845198115983306
16,14,Glycolysis / Gluconeogenesis,0.15463513630999146,6.148423005565863,11.477180657220888,BPGM,0.40845198115983306
16,15,Adipocytokine signaling pathway,0.15887094888113906,5.966986794717887,10.977245117600177,SLC2A1,0.40845198115983306
16,16,Renal cell carcinoma,0.15887094888113906,5.966986794717887,10.977245117600177,SLC2A1,0.40845198115983306
16,9,Transcriptional misregulation in cancer,0.08325238225198861,4.333333333333333,10.772140317863167,NFKBIZ;BCL2L1,0.40845198115983306
16,17,Central carbon metabolism in cancer,0.16098104828531062,5.880212954747116,10.740024519792764,SLC2A1,0.40845198115983306
16,18,p53 signaling pathway,0.1672802691231711,5.634353741496598,10.074701240888364,BCL2L1,0.40845198115983306
16,19,Chronic myeloid leukemia,0.17353313536390655,5.408163265306122,9.4717853003048,BCL2L1,0.40845198115983306
16,20,Pancreatic cancer,0.17353313536390655,5.408163265306122,9.4717853003048,BCL2L1,0.40845198115983306
16,12,Human T-cell leukemia virus 1 infection,0.10395435029691961,3.788978494623656,8.577502457974575,SLC2A1;BCL2L1,0.40845198115983306
16,21,Insulin secretion,0.19404551285483848,4.769507803121249,7.820383303288144,SLC2A1,0.40845198115983306
16,22,Bile secretion,0.20211002319239676,4.55423068103646,7.281955543769811,SLC2A1,0.40845198115983306
16,23,Small cell lung cancer,0.20611256943631576,4.453689167974883,7.03385741012878,BCL2L1,0.40845198115983306
16,24,Hematopoietic cell lineage,0.2199671313012003,4.134110787172012,6.26018948804807,GYPA,0.40845198115983306
16,25,Progesterone-mediated oocyte maturation,0.22192691156038513,4.092145949288806,6.1603458876211565,CPEB4,0.40845198115983306
16,26,NF-kappa B signaling pathway,0.22971789307458146,3.932435109966317,5.78423168094792,BCL2L1,0.40845198115983306
16,27,Glucagon signaling pathway,0.23551090700841826,3.8205621871390067,5.524525481436682,SLC2A1,0.40845198115983306
16,28,Insulin resistance,0.23743240698267418,3.7846652679763495,5.441865346754643,SLC2A1,0.40845198115983306
16,29,HIF-1 signaling pathway,0.23934917373986106,3.749433106575964,5.361058744932435,SLC2A1,0.40845198115983306
16,30,Toxoplasmosis,0.24507118869589983,3.647545504688362,5.129202360192396,BCL2L1,0.40845198115983306
16,13,Pathways in cancer,0.1469141065706296,2.3479206963249517,4.503093942820027,NCOA4;SLC2A1;BCL2L1,0.40845198115983306
16,31,Thyroid hormone signaling pathway,0.26198531339212133,3.372448979591837,4.517283552621874,SLC2A1,0.4166951346981938
16,32,Oocyte meiosis,0.2767079241059198,3.1603954081632653,4.060453122404681,CPEB4,0.4166951346981938
16,33,Autophagy,0.2911425929329805,2.9732893157262907,3.668866926816198,BCL2L1,0.4166951346981938
16,34,Measles,0.29470691822637646,2.929902395740905,3.579678317757992,BCL2L1,0.4166951346981938
16,35,Ubiquitin mediated proteolysis,0.2964824884084789,2.9086771399207163,3.5362740390257685,FBXW7,0.4166951346981938
16,36,Apoptosis,0.30002049698269956,2.8671298306556667,3.4517504575709377,BCL2L1,0.4166951346981938
16,37,JAK-STAT signaling pathway,0.3344552195120095,2.5084294587400175,2.747363087126053,BCL2L1,0.4519665128540669
16,38,Hepatocellular carcinoma,0.34445794624435677,2.4175730172308443,2.5766088705447237,BCL2L1,0.4532341397952063
16,39,NOD-like receptor signaling pathway,0.36562778723674233,2.241496598639456,2.2552581276159067,BCL2L1,0.46875357338043894
16,40,Diabetic cardiomyopathy,0.3999373645428959,1.9951505354617094,1.8284503867148747,SLC2A1,0.49747405412434126
16,41,Human immunodeficiency virus 1 infection,0.41344290663735483,1.909178837411742,1.6862551884518757,BCL2L1,0.49747405412434126
16,42,Lipid and atherosclerosis,0.41787820546444665,1.8821285523555216,1.6422799960427914,BCL2L1,0.49747405412434126
16,43,Ras signaling pathway,0.4423976147030889,1.7421150278293136,1.420775326637273,BCL2L1,0.5144158310501035
16,44,Shigellosis,0.4618276248188864,1.641399416909621,1.2680853834334544,BCL2L1,0.517671160635597
16,45,Parkinson disease,0.4659040445720373,1.6212969058591178,1.2383069829953701,BCL2L1,0.517671160635597
16,46,Human papillomavirus infection,0.5663227960028818,1.2133580705009277,0.6899045422263055,HES6,0.6155682565248715
16,47,PI3K-Akt signaling pathway,0.5909956578792304,1.1329710354396716,0.5958822738188654,BCL2L1,0.6263426060424975
16,48,Amyotrophic lateral sclerosis,0.6012889018007975,1.1011975037949064,0.560156879867711,BCL2L1,0.6263426060424975
16,49,Pathways of neurodegeneration,0.6998036112134204,0.8385430121415655,0.29932257263147394,BCL2L1,0.7140853175647147
16,50,Herpes simplex virus 1 infection,0.7170049272413213,0.7987927565392354,0.2657364363252364,BCL2L1,0.7170049272413213
17,1,Fluid shear stress and atherosclerosis,0.0025313777538768715,32.201135442011356,192.53031695664313,CTSL;KDR,0.06328444384692179
17,2,Proteoglycans in cancer,0.005410636946465624,21.659551176792554,113.04961141831744,CTSL;KDR,0.06763296183082029
17,3,VEGF signaling pathway,0.03198325976038446,34.36379310344827,118.2988232215442,KDR,0.14427495403866902
17,4,Antigen processing and presentation,0.042083259330542556,25.85974025974026,81.92637908684091,CTSL,0.14427495403866902
17,5,Rheumatoid arthritis,0.049989170431872655,21.627173913043478,64.79390764349345,CTSL,0.14427495403866902
17,6,Viral protein interaction with cytokine and cytokine receptor,0.05365825675086383,20.09090909090909,58.768318421882675,CCL14,0.14427495403866902
17,7,C-type lectin receptor signaling pathway,0.05574908910260626,19.306796116504856,55.73667787879545,CLEC1B,0.14427495403866902
17,8,Leukocyte transendothelial migration,0.060957810539318535,17.58938053097345,49.20758106608857,CLDN5,0.14427495403866902
17,9,Lysosome,0.06820614339416273,15.639370078740157,41.99515931789825,CTSL,0.14427495403866902
17,10,Autophagy,0.07283888870776588,14.597794117647059,38.23899878007725,CTSL,0.14427495403866902
17,11,Apoptosis,0.07540357879431908,14.076595744680851,36.38659995556786,CTSL,0.14427495403866902
17,12,Cell adhesion molecules,0.07847269291023612,13.49795918367347,34.35236788543272,CLDN5,0.14427495403866902
17,13,Phagosome,0.08051362066732017,13.137748344370861,33.09830919045184,CTSL,0.14427495403866902
17,14,Hepatitis C,0.08305900162289738,12.713461538461539,31.63368662685563,CLDN5,0.14427495403866902
17,15,Tight junction,0.0891418019446807,11.798214285714286,28.52250037107005,CLDN5,0.14427495403866902
17,16,Chemokine signaling pathway,0.1006980759679046,10.36544502617801,23.7952119088621,CCL14,0.14427495403866902
17,17,Pathogenic Escherichia coli infection,0.10319260367144364,10.098469387755102,22.93522053097424,CLDN5,0.14427495403866902
17,18,Focal adhesion,0.10518369495092054,9.8945,22.28287885995274,KDR,0.14427495403866902
17,19,Rap1 signaling pathway,0.10964896506938845,9.464114832535886,20.920153674500032,KDR,0.14427495403866902
17,20,Ras signaling pathway,0.12047892105945494,8.553246753246754,18.101069061728012,KDR,0.14632425834420365
17,21,Calcium signaling pathway,0.12438729930510922,8.263598326359833,17.22427413818764,KDR,0.14632425834420365
17,22,Salmonella infection,0.1287653473428992,7.96008064516129,16.316283112788998,S100A10,0.14632425834420365
17,23,MAPK signaling pathway,0.15035857652347376,6.722184300341297,12.73673990495629,KDR,0.15711755257544124
17,24,Cytokine-cytokine receptor interaction,0.1508328504724236,6.698979591836735,12.671675952140754,CCL14,0.15711755257544124
17,25,PI3K-Akt signaling pathway,0.178392738967805,5.562606232294618,9.588641287683966,KDR,0.178392738967805
