cell_id,UMAP_1,UMAP_2,leiden,total_counts,n_genes_by_counts,pct_counts_mt,cell_type
0,7.8736577,2.236634,8,3905.0,2031,1.5620999,pro-B cell
1,6.08997,11.210613,9,11297.0,2435,4.0010624,erythroid progenitor cell
2,-3.5623152,4.568493,16,3940.0,536,1.9796954,erythroblast
3,11.255009,10.087348,11,10991.0,2799,3.0661452,megakaryocyte-erythroid progenitor cell
4,10.931603,10.093535,11,14368.0,3494,3.981069,megakaryocyte-erythroid progenitor cell
5,14.149842,3.0514338,0,11271.0,2867,0.6299352,hematopoietic multipotent progenitor cell
6,12.110477,8.539098,10,13377.0,2837,3.625626,myeloid lineage restricted progenitor cell
8,11.647387,9.991589,11,8371.0,2123,5.984948,megakaryocyte-erythroid progenitor cell
9,-0.44718584,9.453026,4,36956.0,4806,2.6815674,erythroid progenitor cell
10,9.32721,-0.5018821,12,2267.0,922,2.2055578,precursor B cell
11,5.9773464,10.3351345,7,7883.0,2392,7.9284534,erythroid progenitor cell
12,12.115623,6.253602,0,9607.0,2625,2.4149058,myeloid lineage restricted progenitor cell
13,14.227605,5.37478,0,14892.0,2916,0.81923175,hematopoietic multipotent progenitor cell
14,13.467278,7.4574203,10,17279.0,3318,2.2049887,myeloid lineage restricted progenitor cell
15,0.58775413,8.689503,4,38050.0,5478,4.0157685,proerythroblast
16,8.566809,8.500878,3,5577.0,2201,8.517124,lymphoid lineage restricted progenitor cell
17,7.9715123,11.711117,6,12247.0,3248,4.4337387,megakaryocyte-erythroid progenitor cell
19,15.448411,8.031023,2,14080.0,3213,3.2528408,hematopoietic multipotent progenitor cell
20,12.153192,4.0494494,0,14764.0,3402,3.115687,hematopoietic multipotent progenitor cell
21,-3.6242807,6.4048953,4,3831.0,1133,3.8371184,erythroblast
22,7.1764092,10.161438,6,25448.0,4629,2.1376925,erythroid progenitor cell
23,3.9141662,11.045041,7,18133.0,3798,5.7850327,erythroid progenitor cell
24,6.891047,7.3603196,3,30942.0,5103,4.4373345,erythroid progenitor cell
25,9.256052,9.87044,6,12916.0,3188,4.1731186,megakaryocyte-erythroid progenitor cell
26,-1.7698367,8.315337,4,14194.0,3175,7.622939,proerythroblast
27,8.176963,0.7169326,8,3723.0,1477,3.679828,precursor B cell
28,5.5205827,11.708488,9,24319.0,4142,2.175254,erythroid progenitor cell
29,4.0552297,11.127546,7,30005.0,4138,1.7063823,erythroid progenitor cell
30,8.587433,11.034274,6,10469.0,2500,3.591556,megakaryocyte-erythroid progenitor cell
31,2.1028297,9.883791,5,32374.0,4741,7.9384694,erythroid progenitor cell
32,14.611862,8.15676,2,17326.0,3664,1.3852015,hematopoietic multipotent progenitor cell
33,-1.9082714,8.248284,4,24161.0,3934,6.974049,erythroblast
34,1.7581269,10.310212,5,35787.0,5149,7.022103,proerythroblast
36,0.22704141,9.839608,4,29956.0,4566,4.8804913,proerythroblast
37,-3.4068909,5.9666195,4,4468.0,1142,3.133393,erythroblast
38,12.25866,4.3520274,0,19506.0,3971,3.04009,hematopoietic multipotent progenitor cell
39,7.4375253,2.6091344,8,851.0,530,2.1151586,pro-B cell
40,3.1403017,10.96555,5,19485.0,3107,5.2861176,erythroid progenitor cell
41,3.3537078,9.490455,7,44343.0,5181,1.9304061,erythroid progenitor cell
42,10.696757,9.971658,11,24775.0,4705,2.4661958,erythroid progenitor cell
43,5.751958,6.3094397,3,18168.0,3557,2.581462,erythroid progenitor cell
44,12.161828,4.047563,0,7908.0,2139,1.5553869,common lymphoid progenitor
45,6.038911,11.681771,1,20161.0,3714,9.999504,megakaryocyte-erythroid progenitor cell
47,5.261402,9.796577,7,28502.0,4884,4.9926324,erythroid progenitor cell
48,16.61732,10.006247,2,14329.0,3986,5.9948354,common lymphoid progenitor
50,5.843676,7.3298507,3,24450.0,4167,6.364008,erythroid progenitor cell
51,16.321732,5.2584076,10,14554.0,3446,4.3836746,common dendritic progenitor
52,8.682333,-0.7963667,12,848.0,461,7.5471697,precursor B cell
53,9.787354,-0.8244304,12,12475.0,3209,1.4509017,precursor B cell
54,12.602133,6.0567985,0,6526.0,1793,6.1446524,hematopoietic multipotent progenitor cell
56,7.45142,9.991477,6,19425.0,4132,3.953668,erythroid progenitor cell
57,13.345805,9.620778,11,17379.0,3620,2.186547,megakaryocyte-erythroid progenitor cell
58,12.245085,4.223272,0,12783.0,3050,1.7992648,hematopoietic multipotent progenitor cell
59,4.6894097,10.220992,7,45950.0,5920,5.336235,erythroid progenitor cell
60,-3.4058485,3.3318253,16,1426.0,317,3.7868164,proerythroblast
61,0.95947963,10.610777,5,26982.0,4337,4.4955897,proerythroblast
62,4.455507,10.253333,7,34216.0,5231,5.2636194,erythroid progenitor cell
65,14.074656,4.9259853,0,11802.0,2658,1.9488223,hematopoietic multipotent progenitor cell
66,9.395974,11.062558,6,13248.0,3142,2.7022946,megakaryocyte-erythroid progenitor cell
67,-0.85634506,8.218374,4,30971.0,4223,3.5549383,proerythroblast
69,0.5889842,9.873653,4,28813.0,4231,3.127061,proerythroblast
70,12.803566,4.0063505,0,17581.0,4482,2.8382914,hematopoietic multipotent progenitor cell
71,4.7821627,12.108193,1,26626.0,4527,4.356644,erythroid progenitor cell
73,2.2535396,12.410917,1,30880.0,4559,2.564767,erythroid progenitor cell
74,14.7121,6.836454,2,10416.0,2559,1.9777266,hematopoietic multipotent progenitor cell
75,6.6604366,11.826636,9,18037.0,4001,2.8995953,erythroid progenitor cell
76,3.8896978,7.885308,3,52908.0,6712,2.481666,erythroid progenitor cell
77,7.595666,8.326217,3,26177.0,4829,9.084311,erythroid progenitor cell
78,13.195206,3.5038264,0,14117.0,3189,2.5359497,hematopoietic multipotent progenitor cell
79,2.8792598,13.080701,1,28578.0,4677,2.6838827,erythroid progenitor cell
80,3.0855646,10.517148,7,52735.0,5646,1.4999526,erythroid progenitor cell
81,6.60304,2.5059214,8,2516.0,1185,1.1128776,pro-B cell
82,5.8026996,10.601009,7,22190.0,3907,2.4380352,erythroid progenitor cell
83,-2.6603096,7.9471626,4,15896.0,3062,7.0143433,erythroblast
84,11.927999,3.288789,0,7393.0,2500,3.503314,common lymphoid progenitor
85,7.540156,8.731968,3,26633.0,4949,5.786055,erythroid progenitor cell
86,11.106252,5.185932,13,19935.0,4437,3.707048,hematopoietic multipotent progenitor cell
87,7.1990047,9.689603,9,23910.0,4873,3.00711,erythroid progenitor cell
88,12.5039015,11.231279,11,10480.0,2796,2.2996182,megakaryocyte-erythroid progenitor cell
89,6.1853695,9.361552,7,27575.0,5050,5.472348,erythroid progenitor cell
91,13.472458,5.713462,0,15270.0,3721,2.2986248,hematopoietic multipotent progenitor cell
92,8.568222,9.7434025,6,31726.0,5730,5.200782,erythroid progenitor cell
93,14.320301,8.959489,2,13700.0,2647,1.781022,hematopoietic multipotent progenitor cell
94,16.119001,7.662077,2,16685.0,3723,2.619119,hematopoietic multipotent progenitor cell
96,15.570709,8.811545,2,9607.0,2516,0.7598626,hematopoietic multipotent progenitor cell
98,4.774082,10.496967,7,27384.0,4562,3.8234007,erythroid progenitor cell
99,16.42661,9.978055,2,9011.0,2795,2.3970702,hematopoietic multipotent progenitor cell
100,6.740793,11.183214,9,24935.0,4870,3.1602166,erythroid progenitor cell
101,6.9245977,6.3561277,3,25684.0,4297,3.001869,erythroid progenitor cell
102,4.5417156,11.366069,7,31093.0,4879,2.5986557,erythroid progenitor cell
103,8.704929,9.15229,6,23337.0,5072,3.8094015,megakaryocyte-erythroid progenitor cell
104,1.7824957,11.158597,5,27474.0,4158,5.314115,erythroid progenitor cell
105,6.8390136,2.5655236,8,2312.0,1150,1.9031141,pro-B cell
106,5.913678,10.35005,7,24840.0,4526,2.6368759,erythroid progenitor cell
107,4.4845643,10.511515,7,44790.0,6101,4.0299172,erythroid progenitor cell
108,5.997235,7.2922764,3,18207.0,3527,8.474763,erythroid progenitor cell
109,14.149033,2.7920504,0,14080.0,3101,0.5681818,hematopoietic multipotent progenitor cell
110,16.196012,6.3382897,2,9046.0,2694,2.210922,common lymphoid progenitor
111,9.43777,10.995497,6,16107.0,3757,3.9175515,megakaryocyte-erythroid progenitor cell
112,-3.6362762,4.756153,16,2367.0,493,0.9294465,erythroblast
113,2.4398115,9.959326,5,15142.0,3112,8.856162,hematopoietic multipotent progenitor cell
114,4.028528,12.479346,1,21075.0,3691,4.9157767,erythroid progenitor cell
115,9.6198435,14.112113,14,2734.0,1202,5.7425017,granulocyte
116,2.8426337,11.967213,5,20374.0,3686,5.0063806,erythroid progenitor cell
117,15.991217,11.220481,2,10420.0,2918,1.5163147,hematopoietic multipotent progenitor cell
118,-3.0492802,7.0013423,4,7936.0,1981,9.085181,erythroblast
119,13.342305,3.7338781,0,10009.0,2644,1.9982016,hematopoietic multipotent progenitor cell
120,7.0919676,7.1346006,3,10933.0,2793,5.0946674,erythroid progenitor cell
121,2.427479,13.842561,1,22757.0,4259,1.5423826,erythroid progenitor cell
122,9.207217,10.668049,6,14330.0,3698,4.319609,megakaryocyte-erythroid progenitor cell
123,5.0487614,11.045993,9,12911.0,2886,4.6472,erythroid progenitor cell
124,2.0643697,10.089247,5,40391.0,5610,5.8924017,proerythroblast
125,9.32158,3.8534055,8,5861.0,2100,2.627538,common lymphoid progenitor
126,3.0300786,14.555439,1,26223.0,4578,1.4338558,proerythroblast
127,-1.8867002,8.42045,4,16333.0,3338,3.3735383,erythroblast
128,13.732706,8.0475855,10,25728.0,4765,2.2776742,myeloid lineage restricted progenitor cell
129,7.1976085,7.756321,3,32537.0,5562,4.456465,erythroid progenitor cell
130,7.797488,11.560456,6,15887.0,3544,4.1354566,megakaryocyte-erythroid progenitor cell
131,15.264593,9.520114,2,9810.0,2766,1.5698267,hematopoietic multipotent progenitor cell
132,7.747282,7.8697333,3,22145.0,4430,2.4520206,erythroid progenitor cell
133,13.335817,10.491937,11,5326.0,1552,2.4971838,hematopoietic multipotent progenitor cell
134,-0.4847341,9.897059,4,31799.0,4298,4.1196265,proerythroblast
135,1.7035799,12.50618,1,16817.0,3048,4.2397575,erythroid progenitor cell
136,7.8669004,3.565896,8,6893.0,2682,2.8869867,lymphoid lineage restricted progenitor cell
137,3.5086253,10.868578,5,25410.0,4527,4.600551,erythroid progenitor cell
138,11.35488,6.3734727,13,8078.0,2594,2.0673432,hematopoietic multipotent progenitor cell
139,16.216612,5.5034404,10,18330.0,4132,4.3862524,common dendritic progenitor
140,0.51407456,8.51662,4,45693.0,5859,2.243232,proerythroblast
141,12.143704,4.9832616,0,6703.0,1877,2.4168282,hematopoietic multipotent progenitor cell
142,9.805609,11.200136,6,17230.0,4123,1.5844457,megakaryocyte-erythroid progenitor cell
143,6.199207,7.164198,3,16746.0,3438,4.568255,erythroid progenitor cell
144,6.1200027,6.596087,3,18787.0,3361,3.491776,erythroid progenitor cell
145,15.270974,7.3027053,2,9677.0,2309,2.6247804,hematopoietic multipotent progenitor cell
146,8.000873,0.9618705,8,6766.0,2469,3.517588,precursor B cell
147,11.842541,4.28565,0,9749.0,2622,6.3801417,common lymphoid progenitor
149,1.6078392,10.018744,5,23279.0,4062,3.251858,erythroid progenitor cell
150,5.0270677,12.281351,9,5960.0,1797,7.8020134,erythroid progenitor cell
151,8.410114,11.01902,6,18361.0,3713,3.5074341,hematopoietic multipotent progenitor cell
152,16.42854,5.161049,10,16337.0,3702,2.6810308,common dendritic progenitor
154,12.851551,10.511926,11,15415.0,3404,2.4781058,hematopoietic multipotent progenitor cell
155,5.6353498,7.8323903,3,24738.0,4673,5.885682,erythroid progenitor cell
156,9.079172,2.0707648,8,16867.0,3854,2.81615,precursor B cell
157,15.178802,10.307101,2,6597.0,2121,2.395028,hematopoietic multipotent progenitor cell
158,11.700533,9.906698,11,17713.0,3776,5.3011913,erythroid progenitor cell
159,8.908748,8.7034855,6,17411.0,3848,4.985354,megakaryocyte-erythroid progenitor cell
160,3.9390693,14.684148,1,26614.0,4697,0.7890584,erythroid progenitor cell
161,6.1672835,6.681472,3,34941.0,4813,0.9186915,erythroid progenitor cell
162,10.592637,9.651324,11,13192.0,3138,5.738326,erythroid progenitor cell
163,7.8965364,8.645098,3,21347.0,4546,5.42465,erythroid progenitor cell
164,13.80382,4.686809,0,8097.0,1933,5.545264,hematopoietic multipotent progenitor cell
165,7.629931,3.3915591,8,9268.0,2763,3.3556323,lymphoid lineage restricted progenitor cell
166,0.6914782,10.420476,5,36221.0,5243,3.379255,proerythroblast
167,7.145544,8.090365,3,22163.0,4122,3.7540045,granulocyte
168,-0.06424214,7.706737,4,14651.0,3350,8.757082,erythroblast
169,9.578107,3.5506094,8,3938.0,1777,8.329101,common lymphoid progenitor
170,13.431843,5.7291474,0,8883.0,2292,6.6756725,hematopoietic multipotent progenitor cell
171,1.6444514,12.546483,1,11703.0,2653,1.2389985,erythroid progenitor cell
172,2.8097577,9.863491,5,40540.0,5765,4.7360635,proerythroblast
173,8.308172,11.5393505,6,12845.0,3373,5.37174,megakaryocyte-erythroid progenitor cell
174,7.082858,6.2607193,3,5947.0,1690,4.186985,erythroid progenitor cell
175,11.965448,5.3190227,0,11392.0,2995,5.670646,myeloid lineage restricted progenitor cell
176,12.275265,5.092638,0,13279.0,3526,0.91121316,hematopoietic multipotent progenitor cell
177,12.440221,10.668893,11,11008.0,2746,2.1166425,hematopoietic multipotent progenitor cell
178,6.216001,11.364728,1,19382.0,3806,2.868641,erythroid progenitor cell
179,11.728392,3.5969625,0,10852.0,2955,1.437523,common lymphoid progenitor
180,-0.23445809,10.365414,4,23899.0,3560,5.075526,erythroid progenitor cell
181,7.188231,2.7983336,8,2654.0,1297,4.2577243,pro-B cell
182,14.671808,7.415281,2,9719.0,2337,0.6173475,hematopoietic multipotent progenitor cell
183,16.018963,9.230742,2,9030.0,2617,4.0863786,hematopoietic multipotent progenitor cell
184,-0.6313871,7.7549367,4,16002.0,3407,7.3490815,proerythroblast
185,15.561796,8.813458,2,9782.0,2358,2.381926,hematopoietic multipotent progenitor cell
186,5.640006,7.1937385,3,13466.0,2794,7.9533634,erythroid progenitor cell
187,12.025301,7.4942956,13,30952.0,5319,3.1403463,lymphoid lineage restricted progenitor cell
188,10.854509,5.179207,6,16378.0,3491,2.5522041,megakaryocyte-erythroid progenitor cell
189,6.749147,13.635496,14,17283.0,3226,3.7262049,granulocyte
190,5.650662,7.7345567,3,17961.0,3723,3.2180834,erythroid progenitor cell
191,5.788631,8.576464,3,37137.0,5524,4.997711,hematopoietic multipotent progenitor cell
193,6.2418747,7.6841803,3,16066.0,3450,5.745052,erythroid progenitor cell
194,4.6661415,8.694704,7,30629.0,4427,3.9276502,erythroid progenitor cell
195,-0.23823349,8.069066,4,34702.0,4707,5.3973837,proerythroblast
196,8.550921,2.5844126,8,18541.0,4518,4.1691384,lymphoid lineage restricted progenitor cell
197,14.539027,8.959703,2,23921.0,5068,3.5742652,hematopoietic multipotent progenitor cell
198,5.880177,11.019199,7,18612.0,3881,4.0726414,erythroid progenitor cell
199,11.565416,9.763092,11,17424.0,3606,2.9097795,erythroid progenitor cell
200,5.882429,13.639067,1,19154.0,3718,2.5425498,granulocyte
201,13.948995,3.8015032,0,7910.0,2107,1.9595448,hematopoietic multipotent progenitor cell
202,9.655499,-0.6188279,12,3216.0,1144,5.659204,precursor B cell
203,12.216979,8.850927,10,4945.0,1447,5.0960565,myeloid lineage restricted progenitor cell
204,6.0070157,12.475187,9,27597.0,4985,2.7285573,erythroid progenitor cell
205,7.434526,6.5401053,3,11785.0,2517,4.005091,pro-B cell
206,18.200838,4.0258455,15,4193.0,1444,0.69162893,common dendritic progenitor
208,12.485726,6.229482,0,12920.0,3317,4.0479875,hematopoietic multipotent progenitor cell
209,5.581943,9.864835,7,21375.0,4153,4.3415203,erythroid progenitor cell
210,8.732353,7.7403874,3,14197.0,3050,1.8102417,megakaryocyte-erythroid progenitor cell
211,4.3417997,12.467375,1,22565.0,4009,5.122978,erythroid progenitor cell
212,3.8389375,11.97728,1,15679.0,3258,7.8129983,erythroid progenitor cell
213,15.887002,8.811453,2,10594.0,2856,2.4636588,hematopoietic multipotent progenitor cell
215,13.119754,6.33989,0,10754.0,2540,3.6358566,hematopoietic multipotent progenitor cell
216,-3.4083538,4.54622,16,957.0,356,2.2988505,erythroblast
218,8.954166,3.539658,8,12110.0,2960,4.582989,pro-B cell
219,5.6767087,6.779071,3,24222.0,3868,0.8958798,erythroid progenitor cell
221,6.305043,6.3422766,3,23149.0,3505,2.8899736,erythroid progenitor cell
222,1.2807096,11.949012,5,25856.0,3894,3.90625,proerythroblast
224,4.093857,13.905669,1,16106.0,3870,2.8001986,erythroid progenitor cell
225,-1.9199985,6.726409,4,31324.0,4703,5.5803857,proerythroblast
226,0.9926441,10.356857,5,23598.0,3777,6.4666495,proerythroblast
227,-1.6169832,10.090176,4,22388.0,3238,2.2244058,erythroblast
228,-1.2078313,8.726912,4,9889.0,2494,7.29093,proerythroblast
229,-0.46303785,7.913899,4,37971.0,5293,5.3830557,proerythroblast
231,9.663877,11.104238,6,14889.0,3453,2.8410234,megakaryocyte-erythroid progenitor cell
232,5.5345025,10.506472,7,20724.0,4327,3.4066782,erythroid progenitor cell
233,12.680144,3.4928362,0,14209.0,3841,2.069111,hematopoietic multipotent progenitor cell
234,9.214734,14.424499,14,8923.0,2642,0.76207554,granulocyte
235,12.795409,3.0167928,0,13715.0,3715,1.2249361,hematopoietic multipotent progenitor cell
236,11.132151,10.251158,11,12667.0,3473,3.4893818,megakaryocyte-erythroid progenitor cell
237,3.0540738,13.094663,1,22268.0,3660,1.8142626,erythroid progenitor cell
238,12.830468,2.4224198,0,11447.0,2973,1.4414257,hematopoietic multipotent progenitor cell
239,16.239012,10.459076,2,12230.0,3142,2.5102208,hematopoietic multipotent progenitor cell
240,11.579643,6.481157,10,11478.0,3416,5.0357203,common dendritic progenitor
241,14.483068,5.787103,0,7692.0,2027,1.898076,hematopoietic multipotent progenitor cell
242,4.271263,10.554341,7,36286.0,5278,4.3735876,erythroid progenitor cell
243,14.963261,8.155734,2,3748.0,1342,2.9615796,hematopoietic multipotent progenitor cell
244,3.875193,12.161338,1,20810.0,3766,4.7188854,erythroid progenitor cell
246,13.452531,2.9954185,0,13303.0,3025,3.0068405,hematopoietic multipotent progenitor cell
248,8.342087,10.279331,6,20215.0,3662,9.131833,erythroid progenitor cell
249,8.58315,11.63607,6,28974.0,5256,3.4893353,erythroid progenitor cell
250,12.306782,8.889879,10,23187.0,4233,5.02868,myeloid lineage restricted progenitor cell
251,7.9473295,3.6687064,8,10377.0,2732,8.268286,lymphoid lineage restricted progenitor cell
252,-3.7576313,5.0338206,16,2414.0,514,1.4498757,erythroblast
253,7.3303866,10.380516,6,26890.0,4504,1.9412421,erythroid progenitor cell
254,6.294863,13.883242,6,13838.0,3443,2.2980201,megakaryocyte-erythroid progenitor cell
255,5.2633066,9.351957,7,28444.0,4932,1.5855716,erythroid progenitor cell
256,2.0813694,10.941908,5,27087.0,4543,3.3189352,proerythroblast
257,-2.969893,6.823216,4,10341.0,2438,7.1172996,erythroblast
258,5.3717003,13.08415,1,23947.0,4948,3.4534595,erythroid progenitor cell
259,16.178144,6.1306424,2,8091.0,2571,2.817946,common lymphoid progenitor
260,9.208748,0.6700769,12,933.0,514,6.430868,precursor B cell
261,3.9359941,11.760252,1,45052.0,5666,5.9020686,erythroid progenitor cell
262,-0.7710816,8.703021,4,33029.0,4345,5.3619547,proerythroblast
263,9.7343235,4.198895,8,11057.0,2848,2.3876278,common lymphoid progenitor
264,13.609406,4.0261755,0,13453.0,2941,2.0590203,hematopoietic multipotent progenitor cell
265,16.463036,7.244204,2,6867.0,2212,2.18436,hematopoietic multipotent progenitor cell
267,7.014981,7.68308,3,23265.0,4362,4.3068986,hematopoietic multipotent progenitor cell
269,6.8929105,10.815836,1,19128.0,3383,1.604977,erythroid progenitor cell
271,0.0069213468,11.352407,1,51081.0,5082,2.0281515,proerythroblast
272,2.4779012,11.43065,5,29511.0,4502,3.6596522,erythroid progenitor cell
273,8.266395,3.360989,8,8617.0,2675,1.717535,pro-B cell
274,13.655458,3.8951705,0,10038.0,2621,2.1617851,hematopoietic multipotent progenitor cell
275,12.466496,4.4317684,0,10378.0,2715,3.3725188,hematopoietic multipotent progenitor cell
276,2.833767,11.392361,5,29124.0,4310,3.4885316,erythroid progenitor cell
277,6.3798513,6.83621,3,15336.0,3151,4.675274,erythroid progenitor cell
278,11.726706,6.06823,10,12404.0,2858,3.8939052,myeloid lineage restricted progenitor cell
279,4.1454463,12.085789,1,19540.0,3448,5.368475,erythroid progenitor cell
280,18.085836,3.6902347,15,14761.0,3599,4.450918,common dendritic progenitor
281,6.5147424,11.4274845,1,7345.0,1904,4.642614,hematopoietic multipotent progenitor cell
282,3.393313,12.762552,1,22107.0,3809,2.492423,erythroid progenitor cell
283,3.6984625,10.457035,7,26645.0,4471,6.9131165,erythroid progenitor cell
284,15.347613,10.731793,2,10391.0,2754,1.9343663,hematopoietic multipotent progenitor cell
285,11.496272,6.2528744,13,18941.0,3931,1.7475318,hematopoietic multipotent progenitor cell
286,7.3492246,6.434337,3,17780.0,3263,2.4915636,erythroid progenitor cell
287,5.331777,6.6706376,3,23832.0,3511,2.156764,erythroid progenitor cell
288,14.704507,8.91532,2,8078.0,2053,2.12924,hematopoietic multipotent progenitor cell
289,15.201152,10.939575,2,12439.0,3267,4.1160865,hematopoietic multipotent progenitor cell
291,3.6635215,12.86102,1,16910.0,3020,2.2531047,erythroid progenitor cell
292,2.6256435,13.550367,1,22186.0,3423,2.0869017,erythroid progenitor cell
293,2.8646142,11.003228,5,25619.0,4243,5.1055856,erythroid progenitor cell
294,2.2781491,10.67826,5,29030.0,5017,7.9676194,proerythroblast
295,5.9976873,7.7823005,3,20218.0,4022,6.469483,erythroid progenitor cell
296,11.650198,5.1349645,6,7843.0,2044,2.3715415,hematopoietic multipotent progenitor cell
297,13.183736,3.481691,0,16299.0,3790,1.509295,hematopoietic multipotent progenitor cell
298,10.859721,9.637279,11,13788.0,3305,1.7551495,megakaryocyte-erythroid progenitor cell
299,7.8360977,7.270074,3,20047.0,4049,2.1449594,megakaryocyte-erythroid progenitor cell
300,13.413843,3.113832,0,16979.0,3760,1.0601331,hematopoietic multipotent progenitor cell
301,14.688732,9.621785,2,8945.0,2168,1.4756848,hematopoietic multipotent progenitor cell
302,15.146784,7.411953,2,13151.0,2985,3.1176336,hematopoietic multipotent progenitor cell
303,9.856351,5.434032,8,17308.0,4171,2.8888373,common dendritic progenitor
304,6.5836916,6.120417,3,24189.0,4333,3.5387986,erythroid progenitor cell
305,12.944781,5.0199575,0,7868.0,1839,2.5800712,hematopoietic multipotent progenitor cell
306,9.428041,4.981876,8,11858.0,3497,5.650194,common dendritic progenitor
307,3.2022903,9.953513,17,28776.0,4557,3.377815,erythroid progenitor cell
308,10.930002,5.937631,13,14387.0,3535,4.2607913,lymphoid lineage restricted progenitor cell
309,3.3659487,13.505326,1,26355.0,4556,2.1741605,erythroid progenitor cell
310,4.7883854,11.989708,1,19620.0,3738,2.6146789,erythroid progenitor cell
311,2.3936772,11.85266,5,6267.0,1557,4.3401947,erythroid progenitor cell
312,5.669418,6.4448824,3,16616.0,3278,6.4636493,erythroid progenitor cell
313,9.076475,-0.72302186,12,4983.0,1634,2.2877784,precursor B cell
314,7.701484,8.098822,3,8788.0,2843,9.604006,lymphoid lineage restricted progenitor cell
315,13.0775175,5.0642495,0,12711.0,2850,0.8889938,hematopoietic multipotent progenitor cell
316,15.498264,9.770853,2,11096.0,2872,1.8475126,hematopoietic multipotent progenitor cell
317,0.12249003,11.630927,1,31638.0,4240,1.864846,proerythroblast
318,11.663683,9.478864,11,16965.0,4127,3.2007072,erythroid progenitor cell
319,3.8253548,11.2147875,7,37919.0,4829,2.2046995,erythroid progenitor cell
320,3.5663195,11.93003,1,15754.0,3079,3.662562,erythroid progenitor cell
321,14.780838,9.209525,2,7470.0,1753,2.1820617,hematopoietic multipotent progenitor cell
322,-1.5159527,8.37231,4,21672.0,3532,6.7783318,proerythroblast
323,5.994613,12.275004,9,22081.0,4006,3.8902223,erythroid progenitor cell
324,1.3472733,11.025739,5,18792.0,3647,3.8952746,erythroid progenitor cell
325,2.1557145,10.243391,5,38299.0,4852,4.6319747,precursor B cell
327,7.6431255,11.483761,9,20990.0,4388,1.4101954,megakaryocyte-erythroid progenitor cell
329,12.237523,6.903384,10,22894.0,4348,1.2273958,myeloid lineage restricted progenitor cell
330,11.561006,3.3179545,0,5453.0,2015,4.676325,hematopoietic multipotent progenitor cell
331,4.248457,12.236428,1,18966.0,3557,3.0159233,erythroid progenitor cell
332,8.192238,10.406254,6,38150.0,6608,2.9777195,megakaryocyte-erythroid progenitor cell
333,13.243982,5.6608973,0,13895.0,3196,1.3170205,hematopoietic multipotent progenitor cell
334,7.690903,6.8147383,3,14647.0,3190,3.0108554,erythroid progenitor cell
335,14.470937,6.9734707,2,5507.0,1418,3.0143454,hematopoietic multipotent progenitor cell
336,9.79234,0.6678185,12,1021.0,507,8.423115,precursor B cell
337,12.747092,6.7316046,10,14418.0,2853,1.6368428,myeloid lineage restricted progenitor cell
338,14.0347185,4.222425,0,12502.0,2728,2.4076147,hematopoietic multipotent progenitor cell
339,3.7402165,13.154836,1,21543.0,3763,2.0609944,hematopoietic multipotent progenitor cell
340,7.9817123,10.217382,6,13971.0,3535,3.049173,megakaryocyte-erythroid progenitor cell
341,8.0526,7.856926,3,23023.0,4677,3.7440822,erythroid progenitor cell
342,4.648789,9.845213,7,16879.0,3455,8.786066,erythroid progenitor cell
343,8.322101,3.0386848,8,1909.0,1114,8.486118,lymphoid lineage restricted progenitor cell
344,4.845506,8.878687,7,33833.0,4756,1.3093724,erythroid progenitor cell
345,11.630105,4.568269,0,12690.0,3356,1.7809298,common lymphoid progenitor
346,15.562991,7.006819,2,9258.0,2115,2.1494923,hematopoietic multipotent progenitor cell
347,9.632314,0.48454627,12,855.0,534,8.654971,precursor B cell
348,10.963513,5.2257195,13,20219.0,4127,6.0586576,hematopoietic multipotent progenitor cell
349,15.643917,9.013051,2,8363.0,2260,5.452589,hematopoietic multipotent progenitor cell
350,11.435093,3.8504722,0,1056.0,615,6.723485,pro-B cell
351,0.30807772,9.2963915,4,38486.0,5057,3.902718,proerythroblast
353,2.272874,14.333465,1,20705.0,3492,0.15455204,erythroid progenitor cell
354,14.258006,5.08619,0,10409.0,2299,1.2681333,hematopoietic multipotent progenitor cell
355,-3.7123065,5.195269,16,3765.0,557,2.7357237,erythroblast
356,11.072258,10.276811,11,10331.0,2660,5.710967,megakaryocyte-erythroid progenitor cell
357,3.8933306,13.445558,1,27515.0,4793,2.086135,erythroid progenitor cell
358,12.569653,8.470299,10,33407.0,4841,3.1041398,myeloid lineage restricted progenitor cell
359,-0.67599297,8.444946,4,27621.0,4138,5.618913,erythroblast
360,3.3220828,11.052556,5,30295.0,4933,5.0173297,erythroid progenitor cell
361,14.957996,6.1833687,0,6723.0,1588,1.665923,hematopoietic multipotent progenitor cell
362,15.537976,6.9217772,2,10514.0,2316,2.292182,hematopoietic multipotent progenitor cell
363,5.4263263,6.168965,3,25621.0,3973,3.5751925,erythroid progenitor cell
364,12.384138,10.439811,11,8067.0,1825,4.8840957,megakaryocyte-erythroid progenitor cell
365,-3.6189861,6.3449955,4,9282.0,1930,3.1243267,erythroblast
366,10.549703,6.153849,13,14219.0,3345,0.9494338,erythroid progenitor cell
367,2.947257,12.073386,1,26993.0,3927,3.5379543,erythroid progenitor cell
368,8.389923,8.911707,3,27734.0,5232,4.0491815,erythroid progenitor cell
369,-0.3017416,8.965762,4,23741.0,4013,4.2584558,proerythroblast
370,12.026938,7.1846714,10,21483.0,4012,6.3026576,myeloid lineage restricted progenitor cell
371,15.624086,8.406921,2,18517.0,4139,2.4410002,hematopoietic multipotent progenitor cell
372,6.775391,11.4279995,1,15427.0,2957,1.374214,megakaryocyte-erythroid progenitor cell
373,10.09116,9.333839,17,14639.0,3414,2.5821435,megakaryocyte-erythroid progenitor cell
374,12.614821,5.635752,0,12982.0,3513,2.4649513,megakaryocyte-erythroid progenitor cell
375,4.0099354,10.401317,7,30870.0,4351,1.7622286,erythroid progenitor cell
376,6.8183575,2.374909,8,2782.0,1263,5.859094,pro-B cell
377,2.0942307,11.256192,5,26177.0,4457,5.96707,proerythroblast
378,3.5226142,14.000342,1,15513.0,3507,3.1586413,erythroid progenitor cell
379,15.764042,10.8553705,2,7039.0,2248,6.549226,hematopoietic multipotent progenitor cell
380,8.748295,3.6289675,8,9837.0,2777,2.785402,pro-B cell
381,6.652035,2.581287,8,2580.0,1309,3.5658915,pro-B cell
382,7.3360133,11.324063,6,12502.0,2898,3.7593982,megakaryocyte-erythroid progenitor cell
383,9.612806,5.1539936,8,8667.0,2582,9.588093,lymphoid lineage restricted progenitor cell
384,14.476218,5.134248,0,9895.0,2101,1.2632643,hematopoietic multipotent progenitor cell
385,6.62065,10.597061,9,20611.0,4587,4.7353354,erythroid progenitor cell
386,9.819354,-0.3704963,12,2020.0,867,9.752476,precursor B cell
387,6.521867,7.378189,3,26344.0,4657,4.718342,erythroid progenitor cell
388,11.896773,4.3548923,0,4927.0,1770,1.3192612,common lymphoid progenitor
389,14.658299,8.97227,2,6022.0,1578,5.695782,hematopoietic multipotent progenitor cell
390,2.036483,10.431532,5,22871.0,4108,8.718465,proerythroblast
391,14.732675,4.838411,0,7326.0,1896,1.4332514,hematopoietic multipotent progenitor cell
392,12.785299,11.031697,11,13377.0,3154,1.921208,megakaryocyte-erythroid progenitor cell
393,16.049047,10.509184,2,14061.0,3521,1.3583671,hematopoietic multipotent progenitor cell
394,10.080285,-0.9246226,12,6956.0,2073,4.226567,precursor B cell
395,14.7682705,8.607813,2,13307.0,2829,3.0510259,hematopoietic multipotent progenitor cell
396,6.403739,7.3087,3,24817.0,4515,6.4794292,erythroid progenitor cell
397,-2.4652972,7.9076843,4,10323.0,2210,5.6863317,erythroblast
398,0.112925716,8.831011,4,28007.0,4425,2.7421718,proerythroblast
399,9.374874,10.457987,6,15230.0,3538,4.78004,megakaryocyte-erythroid progenitor cell
400,8.89512,10.946662,6,24494.0,5064,2.033151,megakaryocyte-erythroid progenitor cell
401,14.782812,8.078706,2,9738.0,2355,2.5980694,hematopoietic multipotent progenitor cell
402,8.897655,11.106973,6,18794.0,4428,5.347451,erythroid progenitor cell
403,3.8975954,10.094869,7,39290.0,5632,4.543141,erythroid progenitor cell
404,10.812422,3.9780269,0,5474.0,1959,0.5297771,pro-B cell
405,-3.7121732,4.5634837,16,2429.0,479,1.4409221,erythroblast
406,4.56223,13.019662,1,20706.0,4266,3.8636143,erythroid progenitor cell
407,13.001997,3.0180466,0,7830.0,2352,0.9833972,hematopoietic multipotent progenitor cell
408,14.280353,4.0403376,0,7251.0,1925,0.92401046,hematopoietic multipotent progenitor cell
409,6.5838723,12.020621,9,16762.0,3700,8.775803,erythroid progenitor cell
410,12.633738,10.189008,11,9715.0,2096,2.9747813,hematopoietic multipotent progenitor cell
411,11.796366,5.775542,13,22638.0,5249,1.1838502,hematopoietic multipotent progenitor cell
412,5.7606587,6.4952025,3,19979.0,3428,6.136443,erythroid progenitor cell
413,12.705116,6.874341,10,13315.0,3309,4.4085617,common dendritic progenitor
414,5.1947637,7.9005084,3,16840.0,3755,9.851543,erythroid progenitor cell
415,-3.6814668,3.4783568,16,823.0,230,1.0935602,erythroid progenitor cell
416,8.084796,2.9003286,8,538.0,360,8.364312,pro-B cell
417,-2.7640665,7.950049,4,14948.0,2891,5.238159,erythroblast
418,1.5980896,11.030322,5,25242.0,4197,5.986055,proerythroblast
419,13.616918,7.8169537,10,17170.0,3378,4.8631334,myeloid lineage restricted progenitor cell
420,-3.569735,5.196536,16,2549.0,613,2.9815614,erythroblast
421,0.32918426,8.289904,4,32622.0,4652,3.0562198,proerythroblast
422,-2.8518343,7.0360093,4,2314.0,1007,6.6551423,erythroblast
423,12.099457,8.452136,10,7452.0,2168,4.1331186,myeloid lineage restricted progenitor cell
424,3.6198645,8.803253,7,51108.0,6282,2.7627769,erythroid progenitor cell
425,2.5119786,8.213965,3,33907.0,4964,1.1973928,erythroid progenitor cell
426,8.5511,9.923109,6,28078.0,5461,5.769642,megakaryocyte-erythroid progenitor cell
427,2.0597484,12.952327,5,24080.0,3579,1.8230896,erythroid progenitor cell
428,16.255785,7.529332,2,12098.0,3226,2.7029262,common lymphoid progenitor
430,10.94212,5.6829786,13,4635.0,1749,5.8899674,hematopoietic multipotent progenitor cell
431,-3.7549646,4.7627797,16,1300.0,342,2.5384617,erythroblast
432,4.0506196,10.080247,7,45248.0,5610,4.276432,erythroid progenitor cell
433,13.577433,7.923097,10,12453.0,2877,4.7056937,myeloid lineage restricted progenitor cell
434,3.123833,14.301576,1,16956.0,3762,1.834159,erythroid progenitor cell
435,13.458626,2.605981,0,9362.0,2633,3.012177,hematopoietic multipotent progenitor cell
436,7.106443,10.108649,7,22435.0,4584,2.9150882,erythroid progenitor cell
437,2.9614046,12.691448,1,22242.0,3648,2.9943352,erythroid progenitor cell
438,5.465864,12.924153,1,33360.0,4788,5.4496403,granulocyte
439,4.370075,10.845553,7,25410.0,4192,3.9551358,erythroid progenitor cell
440,11.0831,10.326921,11,15434.0,3669,2.9933913,erythroid progenitor cell
442,15.40289,7.899737,2,12121.0,3043,2.5905452,hematopoietic multipotent progenitor cell
443,3.2506242,10.13932,17,31136.0,4694,4.1720195,erythroid progenitor cell
444,14.575389,5.315522,0,9202.0,2234,2.7820039,hematopoietic multipotent progenitor cell
445,-0.28284442,10.022894,4,23964.0,3777,4.318979,proerythroblast
446,2.2961662,9.083461,7,33147.0,4818,3.6534228,erythroid progenitor cell
447,0.14748193,12.00787,1,28710.0,3923,1.8669453,proerythroblast
449,5.2516317,10.7843075,9,22438.0,4068,5.7001514,erythroid progenitor cell
450,9.445692,3.9028623,8,9425.0,2794,2.525199,common lymphoid progenitor
452,13.371486,3.3073144,0,5545.0,1773,2.9756536,hematopoietic multipotent progenitor cell
453,-0.6899715,9.007346,4,23753.0,3730,7.6706104,erythroblast
455,-2.9300485,7.2443733,4,20464.0,2907,3.5574667,erythroblast
456,16.242641,5.419366,10,14038.0,3620,9.80909,common dendritic progenitor
457,8.105772,7.902033,3,18686.0,3939,5.046559,erythroid progenitor cell
458,15.748465,7.5684967,2,12873.0,2994,1.8410627,hematopoietic multipotent progenitor cell
459,8.965576,10.330789,6,13261.0,3161,5.338964,megakaryocyte-erythroid progenitor cell
460,3.0582442,10.2959385,7,47278.0,5233,1.1316046,erythroid progenitor cell
462,-2.267511,6.72126,4,18983.0,3799,7.7859135,erythroblast
463,2.047457,11.87697,1,34110.0,4188,1.7355614,erythroid progenitor cell
464,13.833881,7.0741467,2,8733.0,2140,2.4504752,hematopoietic multipotent progenitor cell
465,17.000923,4.622651,15,3159.0,1302,6.964229,common dendritic progenitor
468,6.0198684,10.07667,7,41365.0,5524,2.9662757,erythroid progenitor cell
469,2.1720736,12.858491,1,22117.0,3459,2.1024551,erythroid progenitor cell
470,0.9292128,11.10374,5,8193.0,2021,5.5779324,erythroid progenitor cell
471,1.9686712,9.735777,5,35773.0,5186,2.378889,proerythroblast
472,15.744857,8.621799,2,12215.0,3307,3.8149815,common lymphoid progenitor
473,3.9153225,9.798667,7,43927.0,6022,3.1893823,erythroid progenitor cell
474,-1.4996401,10.338439,4,28624.0,3943,1.0899944,proerythroblast
475,13.671718,2.6623688,0,8722.0,2408,2.5911489,hematopoietic multipotent progenitor cell
476,4.4969606,8.08647,3,31054.0,4901,3.899659,erythroid progenitor cell
478,4.5279655,10.846363,7,37640.0,4943,3.3448458,erythroid progenitor cell
480,12.703196,2.9161258,0,10007.0,2810,3.9172578,hematopoietic multipotent progenitor cell
481,14.358351,9.624051,2,13881.0,3613,3.2202291,hematopoietic multipotent progenitor cell
482,3.480194,12.450204,1,18624.0,3642,3.484751,erythroid progenitor cell
483,6.6539063,9.590658,7,21031.0,4353,4.170035,lymphoid lineage restricted progenitor cell
484,1.8934723,12.7265,5,28530.0,4230,1.6894497,proerythroblast
485,3.4453652,12.28321,1,15311.0,2727,4.807001,erythroid progenitor cell
486,9.873222,5.4745374,8,16454.0,4026,3.907864,lymphoid lineage restricted progenitor cell
487,3.2549167,12.42449,1,19212.0,3711,3.7892983,erythroid progenitor cell
488,-2.506179,8.279176,4,30115.0,4302,3.3006806,erythroblast
489,2.3784919,11.146304,5,39352.0,5409,6.7976213,proerythroblast
490,16.048887,5.9939275,8,4456.0,1743,1.9748654,common lymphoid progenitor
491,9.27179,14.368795,14,5691.0,1920,2.7235987,granulocyte
492,16.386856,7.8022447,2,3244.0,1491,7.6140566,common lymphoid progenitor
493,16.392744,7.3811927,2,17012.0,4172,3.979544,common lymphoid progenitor
495,0.23197803,9.368804,4,18826.0,3715,4.6053333,proerythroblast
496,6.1414175,9.810931,7,33801.0,5566,5.1122746,erythroid progenitor cell
497,-3.6964679,3.65117,16,3603.0,381,2.997502,proerythroblast
498,13.843739,4.814062,0,5751.0,1550,2.7125719,hematopoietic multipotent progenitor cell
499,2.263325,9.437525,5,39266.0,5247,5.350685,erythroid progenitor cell
500,12.193811,3.3624535,0,10362.0,2823,2.1424434,hematopoietic multipotent progenitor cell
501,14.988171,7.86107,2,14039.0,3164,3.6327374,hematopoietic multipotent progenitor cell
502,-0.85573804,9.831279,4,42440.0,5063,2.3539114,proerythroblast
503,4.000747,10.852395,7,32248.0,4700,2.8963037,erythroid progenitor cell
504,5.921962,6.383165,3,24070.0,4068,3.236394,erythroid progenitor cell
505,15.913454,9.83557,2,13375.0,3208,3.1925235,hematopoietic multipotent progenitor cell
507,2.6780787,13.972586,1,22776.0,3700,1.0800843,hematopoietic multipotent progenitor cell
508,15.651246,6.0068307,10,22082.0,4357,4.252332,hematopoietic multipotent progenitor cell
509,4.113804,14.111015,1,16537.0,3118,1.3605853,erythroid progenitor cell
510,9.207176,14.370476,14,11131.0,2800,1.3565717,granulocyte
511,6.8931127,12.103715,9,13267.0,3004,4.635562,erythroid progenitor cell
512,15.785621,10.8307,2,10620.0,2809,3.032015,hematopoietic multipotent progenitor cell
513,15.422598,6.6434693,2,8775.0,2142,2.017094,hematopoietic multipotent progenitor cell
514,0.2779328,10.063074,4,21695.0,4327,2.9776447,proerythroblast
515,9.030122,1.948116,8,10786.0,3292,2.6793993,pro-B cell
516,12.310214,8.365218,10,6928.0,1757,1.0969977,myeloid lineage restricted progenitor cell
517,8.32462,12.7097225,14,18215.0,3771,5.352731,granulocyte
518,13.645058,6.1439466,0,9979.0,2371,1.1624411,hematopoietic multipotent progenitor cell
519,-2.7503226,8.030162,4,18530.0,3253,3.885591,erythroblast
520,12.628651,6.288269,10,10649.0,2567,3.155226,common dendritic progenitor
521,10.104441,7.291527,13,20706.0,4489,0.941756,lymphoid lineage restricted progenitor cell
522,12.868736,10.613174,11,13877.0,3206,2.349211,hematopoietic multipotent progenitor cell
523,15.75685,10.963456,2,7845.0,2312,4.71638,hematopoietic multipotent progenitor cell
524,15.088854,9.955763,2,24437.0,4594,3.2082498,megakaryocyte-erythroid progenitor cell
525,12.581408,5.2242546,0,16356.0,4111,1.2594765,myeloid lineage restricted progenitor cell
526,9.138678,14.418364,14,5856.0,1946,0.9392076,granulocyte
527,6.008801,8.003426,3,25636.0,4811,5.6327043,erythroid progenitor cell
528,1.3014544,10.726434,5,24065.0,3670,5.061292,proerythroblast
529,16.719032,7.0975857,2,11612.0,3268,3.4274888,common lymphoid progenitor
530,6.3127675,10.792358,9,28876.0,5162,5.430115,erythroid progenitor cell
531,15.702903,9.467499,2,10714.0,2726,2.6507373,hematopoietic multipotent progenitor cell
532,15.752763,7.0135846,2,8618.0,2471,3.8756092,common lymphoid progenitor
533,5.4768405,7.3510933,3,24395.0,4558,4.824759,erythroid progenitor cell
534,7.2170825,9.401666,7,28102.0,5151,4.408939,lymphoid lineage restricted progenitor cell
535,14.2905245,5.545463,0,9163.0,2226,4.2671614,hematopoietic multipotent progenitor cell
536,13.2659855,4.4646387,0,13621.0,2946,0.9764334,hematopoietic multipotent progenitor cell
537,15.516556,10.899824,2,11463.0,3051,1.7185727,hematopoietic multipotent progenitor cell
538,9.391365,0.31368515,12,1788.0,845,8.892617,precursor B cell
539,-2.618515,7.96545,4,10867.0,2746,6.9844484,proerythroblast
541,8.877089,9.00695,6,21220.0,4783,5.0848255,erythroid progenitor cell
542,12.534423,3.873645,0,9340.0,2639,0.7601713,hematopoietic multipotent progenitor cell
543,8.6328535,9.086888,6,16719.0,3563,2.7154734,hematopoietic multipotent progenitor cell
544,-3.9045527,4.35271,16,3301.0,460,1.0905787,erythroblast
545,13.707398,2.4775233,0,7370.0,2222,2.917232,hematopoietic multipotent progenitor cell
546,8.244273,2.9146473,8,4757.0,2173,8.324574,lymphoid lineage restricted progenitor cell
547,-3.5914931,6.3491693,4,31801.0,4892,4.3520646,erythroblast
548,3.0668187,9.912287,7,50349.0,6056,2.7388825,erythroid progenitor cell
549,-0.14076197,9.930033,4,23548.0,4145,5.720231,proerythroblast
550,12.376281,3.3795912,0,7860.0,2496,6.2468195,hematopoietic multipotent progenitor cell
551,15.494759,8.514588,2,9781.0,2467,3.0876188,hematopoietic multipotent progenitor cell
552,5.884527,13.253354,1,21944.0,3882,3.8051405,granulocyte
554,-1.3875052,10.386771,4,27407.0,3774,1.1238005,proerythroblast
555,3.798296,14.385503,1,29530.0,4769,2.0250592,erythroid progenitor cell
557,13.829639,2.6528983,0,10623.0,2835,2.1086323,hematopoietic multipotent progenitor cell
558,8.91478,3.4261868,8,1526.0,885,5.570118,pro-B cell
559,15.268353,10.799711,2,13092.0,3460,6.866789,hematopoietic multipotent progenitor cell
560,4.0580807,13.608794,1,26954.0,4906,2.8492987,erythroid progenitor cell
562,10.411356,9.25044,11,10326.0,2628,3.6606624,erythroid progenitor cell
564,12.736945,8.140502,10,25719.0,4415,4.984642,myeloid lineage restricted progenitor cell
565,2.7714999,10.711701,5,26791.0,4724,8.1445265,erythroid progenitor cell
567,6.366231,12.264639,9,20341.0,4140,4.783442,hematopoietic multipotent progenitor cell
569,8.23306,-0.6961131,12,1928.0,841,4.8236513,precursor B cell
570,8.377839,3.0287924,8,3399.0,1693,4.383642,lymphoid lineage restricted progenitor cell
571,16.89756,4.651593,15,11675.0,3259,1.4304069,common dendritic progenitor
572,11.289005,6.755111,13,12043.0,2949,0.6227684,hematopoietic multipotent progenitor cell
573,13.030687,7.5995765,13,15444.0,3239,2.033152,hematopoietic multipotent progenitor cell
574,13.013,4.400971,0,11190.0,3283,2.1179624,hematopoietic multipotent progenitor cell
575,9.6073065,11.284622,6,8290.0,2402,2.6537998,megakaryocyte-erythroid progenitor cell
576,0.57398957,8.387719,4,38262.0,4824,3.0683184,proerythroblast
577,5.809665,9.734488,9,30963.0,5438,7.970804,erythroid progenitor cell
578,0.17685719,9.078245,4,33221.0,4675,3.232895,proerythroblast
579,3.6119375,8.329955,3,48929.0,6281,3.3190951,erythroid progenitor cell
580,-0.7916909,9.179414,4,19506.0,3111,2.4966679,proerythroblast
581,12.363427,11.338522,11,10311.0,2726,3.3168461,megakaryocyte-erythroid progenitor cell
582,0.9902312,8.156475,4,37824.0,5281,7.4688034,proerythroblast
583,2.5851507,12.181861,5,25697.0,4493,3.3272367,hematopoietic multipotent progenitor cell
584,3.995598,12.717564,1,21918.0,3231,2.3816042,erythroid progenitor cell
585,15.316681,7.0098243,2,5692.0,1710,5.2178493,hematopoietic multipotent progenitor cell
586,6.438801,10.345227,7,37412.0,5466,3.2957342,erythroid progenitor cell
587,0.5019716,8.530056,4,43387.0,5167,1.6710075,proerythroblast
588,13.560021,4.8933973,0,7866.0,1953,2.2120519,hematopoietic multipotent progenitor cell
589,-0.49407184,7.7462764,4,34896.0,4926,1.0631591,erythroblast
590,3.8707,13.990641,1,23542.0,4283,2.3532412,erythroid progenitor cell
591,13.74793,4.536125,0,13175.0,3205,1.8216319,hematopoietic multipotent progenitor cell
592,-1.7716988,7.149787,4,22737.0,3731,8.022167,proerythroblast
593,-0.50046045,9.332315,4,16328.0,3017,3.6317983,proerythroblast
595,5.300874,7.7239995,3,18812.0,3613,5.4699125,erythroid progenitor cell
596,14.409498,2.6665444,0,8754.0,2310,1.1994517,hematopoietic multipotent progenitor cell
597,11.753364,6.286083,10,13224.0,3431,4.7867513,myeloid lineage restricted progenitor cell
598,2.9930768,11.386471,5,26558.0,4497,3.2984414,erythroid progenitor cell
599,13.517892,2.6021888,0,6612.0,1908,0.80157286,hematopoietic multipotent progenitor cell
600,13.710953,6.329997,0,9890.0,2057,1.1223458,myeloid lineage restricted progenitor cell
601,7.872028,3.3689642,8,14301.0,3777,5.5310817,lymphoid lineage restricted progenitor cell
602,8.4294,-1.0456864,12,1717.0,762,3.1450205,precursor B cell
603,1.6208279,13.027064,1,12956.0,2402,1.2812597,erythroid progenitor cell
604,0.23704502,8.316444,4,33590.0,4668,3.0663888,proerythroblast
605,-1.5060076,7.1396265,4,29510.0,4470,5.1609626,erythroblast
607,4.7827325,9.266564,7,30704.0,5042,5.621417,erythroid progenitor cell
608,5.975067,10.371674,9,11446.0,2669,5.3643193,erythroid progenitor cell
609,-1.7438269,9.395875,4,22761.0,3374,4.2528887,proerythroblast
610,6.6158743,2.3753443,8,2658.0,1203,2.0316026,pro-B cell
611,15.543943,7.295089,2,8234.0,2186,2.5139666,hematopoietic multipotent progenitor cell
612,9.000838,3.0928724,8,958.0,599,7.515658,pro-B cell
613,4.062347,11.519675,1,19077.0,3467,3.113697,erythroid progenitor cell
614,9.693869,10.094839,6,13265.0,2950,2.9325292,megakaryocyte-erythroid progenitor cell
615,5.0776877,9.015818,7,35792.0,5499,4.5568843,erythroid progenitor cell
616,-2.0353382,8.494545,4,28575.0,4222,3.5205598,proerythroblast
618,8.267393,7.4792967,3,13695.0,3169,3.2931726,megakaryocyte-erythroid progenitor cell
619,11.921011,8.073518,13,24264.0,4679,3.1981535,lymphoid lineage restricted progenitor cell
620,4.433683,13.50794,1,22826.0,4300,2.812582,erythroid progenitor cell
621,6.3855295,7.4192367,3,17754.0,3645,5.334009,erythroid progenitor cell
622,7.448912,7.38522,3,8537.0,2358,6.032564,megakaryocyte-erythroid progenitor cell
623,5.4893165,12.822626,1,28094.0,5139,2.7087634,erythroid progenitor cell
624,7.9978833,12.182783,6,18068.0,3986,3.5532434,megakaryocyte-erythroid progenitor cell
625,11.324033,6.271735,13,17766.0,4073,1.6210741,hematopoietic multipotent progenitor cell
626,15.440504,6.56434,2,7712.0,2001,1.1151452,hematopoietic multipotent progenitor cell
627,10.774859,5.007572,10,11602.0,3480,3.8872607,common dendritic progenitor
628,13.4995365,2.3951623,0,8946.0,2318,1.0619272,hematopoietic multipotent progenitor cell
629,0.41142905,10.147619,4,30978.0,4200,5.891278,proerythroblast
630,12.208058,5.606443,0,17393.0,3949,2.196286,hematopoietic multipotent progenitor cell
631,13.761206,7.660729,10,15168.0,3224,4.0018463,myeloid lineage restricted progenitor cell
632,7.259099,8.398197,3,16807.0,3644,5.700006,granulocyte
633,4.2447543,13.562799,1,16637.0,3684,4.5260563,erythroid progenitor cell
634,4.3626547,9.95663,7,4011.0,1897,6.282722,lymphoid lineage restricted progenitor cell
635,8.406764,9.771971,6,24757.0,5286,5.574181,erythroid progenitor cell
636,5.11733,11.172595,1,28882.0,5231,5.373589,erythroid progenitor cell
637,18.858,3.6408985,15,3225.0,1362,5.3333335,common dendritic progenitor
638,2.1931765,8.707124,3,35634.0,4940,5.5396533,erythroid progenitor cell
639,5.62379,8.265963,3,23992.0,4359,4.993331,erythroid progenitor cell
640,12.042249,5.437852,0,6878.0,1991,4.6525154,hematopoietic multipotent progenitor cell
641,1.6506592,10.29826,5,31095.0,4774,6.1585464,proerythroblast
642,10.998147,10.008037,11,14621.0,3632,4.4456606,erythroid progenitor cell
643,11.839231,8.388397,10,21484.0,4417,3.9657419,granulocyte
644,8.657828,3.5678763,8,9844.0,2794,2.6107273,pro-B cell
645,8.161633,7.723827,3,13298.0,3026,6.5724173,erythroid progenitor cell
646,-2.749228,8.234946,4,25864.0,3505,3.947572,erythroblast
647,4.608899,12.714495,1,21639.0,3963,4.866214,granulocyte
648,13.1863365,6.0979314,0,8875.0,2068,1.8253522,hematopoietic multipotent progenitor cell
649,15.154031,10.135549,2,14836.0,3639,4.1520624,hematopoietic multipotent progenitor cell
650,4.865017,8.981342,7,40027.0,5918,5.296425,erythroid progenitor cell
651,15.977398,8.19363,2,12370.0,3159,2.3120453,hematopoietic multipotent progenitor cell
652,6.999444,11.108979,6,19142.0,4071,3.8658447,erythroid progenitor cell
653,14.356832,7.7882333,2,7105.0,1882,4.1238565,hematopoietic multipotent progenitor cell
654,11.188634,5.109885,6,22206.0,4448,2.95866,megakaryocyte-erythroid progenitor cell
655,15.050593,7.822798,2,12454.0,2937,4.8096995,hematopoietic multipotent progenitor cell
656,10.955776,5.227128,6,15025.0,3726,1.8968387,megakaryocyte-erythroid progenitor cell
657,-0.09865904,10.087197,4,34769.0,4452,3.6843166,proerythroblast
658,11.258833,8.680289,17,19253.0,3973,6.8716564,myeloid lineage restricted progenitor cell
659,5.1446986,7.5178175,3,34448.0,4924,4.101835,erythroid progenitor cell
660,12.928453,4.362016,0,6531.0,1831,2.0670648,hematopoietic multipotent progenitor cell
661,3.703909,12.492687,1,9655.0,2328,5.147592,erythroid progenitor cell
662,3.298257,11.43639,5,24491.0,4184,5.1651626,erythroid progenitor cell
663,10.959996,8.565505,17,561.0,372,7.8431377,hematopoietic multipotent progenitor cell
664,4.6571527,9.177611,7,18152.0,3764,2.8536801,erythroid progenitor cell
665,5.9064665,10.770909,9,16823.0,3425,6.3425074,erythroid progenitor cell
666,14.505858,4.980601,0,8893.0,1954,1.8778814,hematopoietic multipotent progenitor cell
668,15.869229,9.675356,2,9101.0,2882,2.5052192,hematopoietic multipotent progenitor cell
669,14.96573,9.836019,2,14708.0,3299,2.930378,hematopoietic multipotent progenitor cell
670,3.02174,12.679925,1,23627.0,4027,2.6537435,erythroid progenitor cell
671,3.6095688,10.213301,7,30516.0,4987,6.619478,erythroid progenitor cell
672,10.506417,9.800884,11,12538.0,3323,6.739512,megakaryocyte-erythroid progenitor cell
673,6.096975,10.6425085,9,27908.0,4509,3.8806076,erythroid progenitor cell
674,2.3184922,12.142468,5,27325.0,4053,4.8197618,erythroid progenitor cell
675,14.93138,8.315783,2,14489.0,3187,2.7745185,erythroid progenitor cell
676,9.596709,-0.3744719,12,3862.0,1123,4.6090107,precursor B cell
677,13.242871,5.4104834,0,14438.0,3236,4.273445,hematopoietic multipotent progenitor cell
678,16.691877,8.800534,2,9823.0,2945,2.5959482,hematopoietic multipotent progenitor cell
679,3.6855211,11.189848,7,27464.0,4321,2.8473637,erythroid progenitor cell
680,5.8779354,14.275624,1,16602.0,4125,3.4092278,megakaryocyte-erythroid progenitor cell
681,4.1780047,10.103864,7,49298.0,6283,4.2780643,erythroid progenitor cell
682,8.458673,10.293493,6,19927.0,4272,3.63828,megakaryocyte-erythroid progenitor cell
683,14.861533,5.1775556,0,10622.0,2160,1.5627941,hematopoietic multipotent progenitor cell
684,13.552652,9.494621,2,16575.0,3644,1.9969834,lymphoid lineage restricted progenitor cell
685,15.37377,8.266998,2,9552.0,2476,2.3555276,hematopoietic multipotent progenitor cell
686,2.2497046,11.630075,5,10599.0,2365,7.1799226,erythroid progenitor cell
687,5.7646413,9.837234,9,17851.0,4175,8.526133,erythroid progenitor cell
688,8.950345,3.5666666,8,3374.0,1530,9.3361,common lymphoid progenitor
689,8.360129,-0.8433666,12,2988.0,1108,2.4431057,precursor B cell
690,14.462054,9.09775,2,8315.0,2063,1.4912808,hematopoietic multipotent progenitor cell
691,14.725757,10.061527,2,15806.0,3928,1.6449449,hematopoietic multipotent progenitor cell
692,-3.7113833,3.2813258,16,677.0,209,2.5110784,proerythroblast
693,12.125908,10.061453,11,8008.0,2418,3.1093907,megakaryocyte-erythroid progenitor cell
694,11.288601,4.1840024,0,2298.0,1203,7.1801567,common lymphoid progenitor
695,8.92074,10.659649,6,16421.0,3791,3.4346263,megakaryocyte-erythroid progenitor cell
696,11.84709,6.009303,0,6338.0,1921,5.3486905,myeloid lineage restricted progenitor cell
697,6.839067,9.804743,7,7319.0,2431,6.1483808,lymphoid lineage restricted progenitor cell
698,2.5343978,12.998487,1,25036.0,4006,2.9876976,erythroid progenitor cell
699,12.492409,5.647926,0,15810.0,3099,3.1562302,hematopoietic multipotent progenitor cell
700,1.5902594,12.04753,1,26999.0,3898,0.87040263,erythroid progenitor cell
701,14.675604,4.1851535,0,8764.0,2018,1.1296211,hematopoietic multipotent progenitor cell
702,6.286428,7.358249,3,34696.0,5419,2.3720312,erythroid progenitor cell
703,16.120956,9.686807,2,18146.0,4168,2.3255813,hematopoietic multipotent progenitor cell
704,13.972321,4.0630035,0,9342.0,2303,1.8090345,hematopoietic multipotent progenitor cell
705,7.274651,8.399288,3,13379.0,3389,7.8256974,granulocyte
707,8.218478,3.2996454,8,4843.0,1970,2.250671,pro-B cell
708,18.54853,3.3886094,15,4593.0,1538,1.6546919,common dendritic progenitor
709,0.946937,10.554639,5,31295.0,4831,4.9560633,proerythroblast
710,-3.4203215,4.797432,16,11267.0,2686,6.8696194,erythroblast
711,12.575525,7.860704,10,20136.0,4263,4.4000793,myeloid lineage restricted progenitor cell
712,7.469559,10.18434,6,19075.0,3906,3.2188728,megakaryocyte-erythroid progenitor cell
713,-0.62603766,8.161921,4,38186.0,4754,4.509506,erythroid progenitor cell
714,-1.1637774,10.497163,4,18959.0,2959,3.2227437,erythroid progenitor cell
715,2.381905,10.397221,5,20529.0,3934,7.6184907,proerythroblast
716,7.2832193,10.968434,9,23495.0,4742,2.3749733,erythroid progenitor cell
717,5.5794463,13.315859,1,15665.0,3395,4.717523,granulocyte
718,1.7267859,11.357335,5,8691.0,2180,5.580486,erythroid progenitor cell
719,0.7049304,10.728385,1,50620.0,5086,1.7088108,proerythroblast
720,11.399125,5.137018,6,9355.0,2409,2.362373,megakaryocyte-erythroid progenitor cell
721,-3.2957637,6.131814,4,1769.0,404,3.7874506,erythroblast
722,8.854723,3.7958224,8,7702.0,2057,1.9215789,lymphoid lineage restricted progenitor cell
723,12.534802,7.954057,10,15325.0,3363,4.228385,myeloid lineage restricted progenitor cell
724,-0.017110605,7.8066454,4,16611.0,3841,8.801397,erythroblast
725,-0.48817703,9.05144,4,25746.0,3604,1.5924804,proerythroblast
726,13.692983,8.499414,2,21255.0,4354,3.0110562,hematopoietic multipotent progenitor cell
727,12.069907,3.8978205,0,10613.0,2505,4.6358237,megakaryocyte-erythroid progenitor cell
728,-0.6579068,7.5154247,4,32025.0,4734,2.3075721,erythroblast
729,11.7552395,3.2165143,0,13226.0,3585,2.6689854,common lymphoid progenitor
730,3.704181,8.960112,7,28391.0,4558,3.332042,erythroid progenitor cell
731,2.7511258,8.924925,7,47447.0,5791,1.871562,erythroid progenitor cell
732,9.503968,-0.90712863,12,6976.0,2286,0.6880734,precursor B cell
734,3.3790927,13.635429,1,24372.0,4006,3.3111765,erythroid progenitor cell
735,3.5933156,10.91502,5,30648.0,5073,8.917384,erythroid progenitor cell
736,16.40646,10.973761,2,14376.0,3596,2.7685032,hematopoietic multipotent progenitor cell
737,-2.9765294,6.6659145,4,11450.0,2419,5.694323,erythroblast
738,8.905381,2.6942658,8,10878.0,2734,3.1899247,pro-B cell
739,1.856464,9.864433,5,24988.0,4433,4.654234,proerythroblast
740,2.204493,13.47039,1,16987.0,2806,0.6534409,erythroid progenitor cell
741,6.0962663,12.224783,9,20604.0,3993,3.5478547,erythroid progenitor cell
742,7.251446,6.5488143,3,16520.0,3144,2.457627,erythroid progenitor cell
743,5.82129,6.765612,3,20867.0,3895,2.942445,erythroid progenitor cell
744,12.70036,5.328086,0,17431.0,3691,2.3119729,hematopoietic multipotent progenitor cell
745,2.8793988,10.601467,5,18694.0,3697,6.488713,proerythroblast
746,16.546164,10.580686,2,9278.0,2845,2.8885536,hematopoietic multipotent progenitor cell
747,16.59729,8.136217,2,14630.0,3817,4.0054684,common lymphoid progenitor
748,2.0737906,12.011469,5,28187.0,4383,2.689183,erythroid progenitor cell
749,11.8533325,4.9545093,0,12758.0,3550,2.3671422,common lymphoid progenitor
750,17.837786,4.0485377,15,4430.0,1711,3.0248306,common dendritic progenitor
752,13.209421,3.9063108,0,13885.0,3440,3.2985237,hematopoietic multipotent progenitor cell
753,1.8611422,10.639067,5,23879.0,4129,4.6400604,proerythroblast
754,-3.5857012,3.440639,16,2198.0,288,0.31847134,proerythroblast
755,15.5069685,9.1732025,2,15896.0,3548,2.8938098,hematopoietic multipotent progenitor cell
756,7.3870306,2.8728464,8,1932.0,901,1.552795,pro-B cell
757,2.5325394,11.508909,5,22654.0,3960,4.462788,erythroid progenitor cell
758,3.1692126,9.737142,17,29551.0,4684,3.8848095,erythroid progenitor cell
759,9.442617,9.89243,6,11660.0,2697,1.0377358,megakaryocyte-erythroid progenitor cell
760,-2.8073246,7.9854116,4,14309.0,2712,4.5076528,erythroblast
761,6.847526,2.4501743,8,1314.0,767,1.2937595,pro-B cell
763,14.340875,7.4408617,2,17155.0,3829,2.226756,myeloid lineage restricted progenitor cell
764,18.127056,3.576636,15,13025.0,3542,3.831094,common dendritic progenitor
765,15.22023,9.986811,2,17753.0,4004,3.9035656,hematopoietic multipotent progenitor cell
766,4.899315,10.600483,9,24228.0,4060,6.9258714,erythroid progenitor cell
767,-0.2608558,10.9800005,4,26904.0,4061,1.9959857,proerythroblast
768,14.825588,7.5371246,2,9927.0,2325,1.65206,hematopoietic multipotent progenitor cell
769,16.275095,7.7726264,2,7903.0,2185,2.1131215,hematopoietic multipotent progenitor cell
770,15.099048,7.074247,2,9094.0,2257,5.1352544,hematopoietic multipotent progenitor cell
771,5.466599,9.289626,7,12930.0,2840,5.8391337,erythroid progenitor cell
772,18.171455,3.5637949,15,7564.0,2504,4.8122687,common dendritic progenitor
773,8.131946,-0.9154829,12,2749.0,1177,3.6376863,precursor B cell
774,15.543212,9.196334,2,11484.0,3306,3.3786137,hematopoietic multipotent progenitor cell
775,3.971693,10.584421,7,30536.0,4625,5.18077,erythroid progenitor cell
776,13.786895,4.0704107,0,10180.0,2739,1.3555993,hematopoietic multipotent progenitor cell
777,14.410283,7.8988776,2,8204.0,2077,4.473428,hematopoietic multipotent progenitor cell
778,4.799807,10.16302,7,21561.0,3694,2.263346,erythroid progenitor cell
779,12.790097,2.7431965,0,10187.0,2792,0.9620104,hematopoietic multipotent progenitor cell
780,12.408072,5.279788,0,8184.0,2137,5.1686215,myeloid lineage restricted progenitor cell
781,-0.38682842,9.584184,4,25515.0,4138,5.714286,erythroid progenitor cell
782,3.3152192,13.648133,1,16455.0,3440,1.3916743,megakaryocyte-erythroid progenitor cell
783,0.79642147,9.851966,5,27734.0,4879,8.577919,erythroid progenitor cell
784,12.524566,1.9540911,0,11716.0,3295,1.5705019,hematopoietic multipotent progenitor cell
785,8.060318,11.054219,6,15787.0,3168,1.3302084,erythroid progenitor cell
786,4.817233,12.889963,1,27108.0,4862,3.9434855,erythroid progenitor cell
787,15.119961,9.776857,2,12972.0,3125,2.2510023,hematopoietic multipotent progenitor cell
788,-3.5386004,3.2412167,16,743.0,206,0.94212645,erythroid progenitor cell
789,8.3794,11.416238,6,13699.0,2925,1.8687496,megakaryocyte-erythroid progenitor cell
790,14.204285,3.6020792,0,8833.0,2221,1.2340088,hematopoietic multipotent progenitor cell
791,2.4763787,9.665977,7,26285.0,3766,2.2141905,erythroid progenitor cell
792,8.81426,11.806115,6,16317.0,3764,1.9243734,megakaryocyte-erythroid progenitor cell
793,6.5060325,12.887389,1,12351.0,3010,5.311311,granulocyte
794,4.2002892,13.470929,1,28033.0,4894,3.7206151,erythroid progenitor cell
795,16.213182,8.452054,2,12429.0,3153,5.817041,hematopoietic multipotent progenitor cell
796,4.3055778,8.145949,3,30549.0,4983,4.396216,erythroid progenitor cell
797,11.928766,6.3451037,10,23522.0,4650,1.0968455,common dendritic progenitor
798,6.842351,7.07194,3,21371.0,4020,6.6164427,erythroid progenitor cell
799,2.3482614,11.739117,1,23935.0,3793,3.1543765,erythroid progenitor cell
800,11.289172,6.1548967,6,10722.0,2999,7.0415964,megakaryocyte-erythroid progenitor cell
801,13.789926,5.6340046,0,10208.0,2545,2.0865989,hematopoietic multipotent progenitor cell
802,1.7598972,10.768025,5,21457.0,3790,1.2676516,proerythroblast
804,11.907658,6.2475057,0,18924.0,4073,3.5616148,myeloid lineage restricted progenitor cell
805,12.983734,4.2238193,0,10709.0,2648,2.2504437,hematopoietic multipotent progenitor cell
806,16.620039,9.899215,2,9131.0,2894,3.8878546,hematopoietic multipotent progenitor cell
808,0.11950047,11.245432,1,23528.0,3373,1.0540632,proerythroblast
809,12.37021,5.4171534,0,11996.0,2860,1.8756251,hematopoietic multipotent progenitor cell
810,13.816704,3.792861,0,8331.0,1963,1.4524066,hematopoietic multipotent progenitor cell
811,7.797056,9.017376,7,30529.0,5626,3.3345346,lymphoid lineage restricted progenitor cell
812,13.121789,3.2259202,0,6910.0,2454,1.910275,hematopoietic multipotent progenitor cell
813,11.862982,3.0924184,0,12862.0,3451,3.071062,hematopoietic multipotent progenitor cell
814,7.810589,12.504495,6,15449.0,3387,1.9159817,megakaryocyte-erythroid progenitor cell
815,12.943131,4.530734,0,12835.0,2780,1.4647448,hematopoietic multipotent progenitor cell
816,2.0536509,11.298562,5,27144.0,4541,3.8793101,proerythroblast
817,13.68658,3.4410508,0,9793.0,2595,1.1436741,hematopoietic multipotent progenitor cell
819,8.245536,-0.72639483,12,2504.0,966,2.5958467,precursor B cell
821,0.0502205,11.267833,1,34583.0,4472,1.0988058,proerythroblast
822,16.047457,5.8012815,10,12094.0,2611,2.4640317,common dendritic progenitor
823,4.160224,10.558195,7,26829.0,4483,5.1772337,erythroid progenitor cell
824,7.5836954,6.804112,3,19666.0,3784,2.5780535,erythroid progenitor cell
825,5.105524,9.924141,7,16958.0,3151,5.372096,erythroid progenitor cell
826,10.003319,9.4342375,11,15182.0,3701,3.2736135,megakaryocyte-erythroid progenitor cell
827,9.459631,11.043756,6,14910.0,3584,4.084507,megakaryocyte-erythroid progenitor cell
828,0.67099714,9.027494,4,53208.0,6176,6.1381745,proerythroblast
829,3.975973,14.0806675,1,28740.0,4945,2.2825332,erythroid progenitor cell
830,4.896796,12.505564,1,21396.0,4115,4.2905216,erythroid progenitor cell
831,4.910387,11.517679,1,23634.0,4346,4.777016,erythroid progenitor cell
832,1.8795036,10.121257,5,19100.0,3756,5.5497384,proerythroblast
833,9.533197,11.08797,6,13931.0,3483,1.7658459,megakaryocyte-erythroid progenitor cell
834,16.23845,10.374895,2,10689.0,2928,2.5166059,hematopoietic multipotent progenitor cell
835,9.040941,0.35910606,12,2568.0,1102,7.827103,precursor B cell
836,11.55921,10.4026985,11,18843.0,4314,7.583718,lymphoid lineage restricted progenitor cell
837,8.1556225,1.4828453,8,26798.0,4602,4.291365,precursor B cell
838,6.3528805,10.719319,9,32217.0,5356,3.69991,erythroid progenitor cell
839,14.539354,3.4920106,0,8112.0,2065,1.392998,hematopoietic multipotent progenitor cell
840,9.063602,-1.072372,12,5038.0,1552,3.4736009,precursor B cell
841,15.290935,7.6385355,2,10236.0,2832,2.7159047,hematopoietic multipotent progenitor cell
842,-0.80489004,10.743072,1,29684.0,3755,0.08758928,erythroid progenitor cell
843,12.666981,5.222751,0,10954.0,2678,2.6291766,hematopoietic multipotent progenitor cell
844,5.521535,10.838126,9,8048.0,2518,9.530317,erythroid progenitor cell
845,5.7112494,12.277756,9,27848.0,4883,4.1690607,erythroid progenitor cell
846,11.302377,6.4857597,13,18933.0,3829,1.6690435,hematopoietic multipotent progenitor cell
847,-2.395316,8.96161,4,2351.0,837,0.6805615,erythroblast
848,12.510903,2.7814722,0,14291.0,3337,2.687006,hematopoietic multipotent progenitor cell
849,11.741319,5.2654066,0,4987.0,1810,6.5369964,megakaryocyte-erythroid progenitor cell
850,4.754856,12.720724,1,23294.0,4255,3.5502706,erythroid progenitor cell
851,8.075937,0.8844539,8,2164.0,926,7.5323477,precursor B cell
852,13.178139,2.1761513,0,8438.0,2354,1.3036264,hematopoietic multipotent progenitor cell
853,6.492381,9.340921,7,30635.0,5482,5.637343,lymphoid lineage restricted progenitor cell
854,0.63155985,10.752427,1,23476.0,3773,3.7911057,proerythroblast
855,14.341158,6.49118,0,9974.0,2419,3.0178463,hematopoietic multipotent progenitor cell
856,0.11174884,10.746226,5,25710.0,4092,3.8623102,erythroid progenitor cell
857,9.667774,-1.0228912,12,4409.0,1646,5.9197097,precursor B cell
858,1.5650915,10.420901,5,23442.0,4153,5.4986773,proerythroblast
859,4.1795707,9.075802,7,35262.0,5381,4.6991096,erythroid progenitor cell
860,10.557341,5.9864435,13,17195.0,3946,4.198895,lymphoid lineage restricted progenitor cell
861,10.504881,4.5202966,0,6354.0,2194,1.6839786,common dendritic progenitor
862,2.236782,9.600966,5,31085.0,5042,6.7235003,proerythroblast
863,12.645261,9.9766865,11,12041.0,2642,1.1793041,hematopoietic multipotent progenitor cell
864,9.779227,3.8078935,8,7135.0,2312,3.433777,common lymphoid progenitor
865,11.45014,4.7295904,6,15713.0,3551,3.449373,myeloid lineage restricted progenitor cell
866,8.635692,11.066708,6,15681.0,3331,2.2766407,megakaryocyte-erythroid progenitor cell
867,9.37743,10.524313,6,13098.0,3078,0.9085356,megakaryocyte-erythroid progenitor cell
868,4.57777,13.655913,1,27978.0,4692,1.3617842,erythroid progenitor cell
869,14.452176,7.895735,2,12911.0,2628,2.0060415,erythroid progenitor cell
870,4.9699454,12.24613,1,23103.0,4297,5.4495087,erythroid progenitor cell
871,11.655817,3.9542093,0,5165.0,1892,1.5876088,common lymphoid progenitor
872,5.0632577,7.943303,3,18928.0,4044,2.9110312,erythroid progenitor cell
873,1.1410561,11.001097,1,37853.0,4670,3.2388449,proerythroblast
875,14.0095005,3.0705874,0,8588.0,2399,1.0945505,hematopoietic multipotent progenitor cell
877,4.9241257,12.620945,1,24493.0,3982,3.699016,erythroid progenitor cell
878,18.360392,3.6808853,15,3102.0,1257,2.3855577,common dendritic progenitor
879,12.746628,4.673696,0,11593.0,2886,1.4491503,hematopoietic multipotent progenitor cell
880,15.602918,9.90009,2,13207.0,3597,2.4835315,hematopoietic multipotent progenitor cell
881,16.462282,7.0448847,2,10459.0,2649,4.9526725,common lymphoid progenitor
882,13.644896,4.444178,0,9195.0,2315,1.8379555,hematopoietic multipotent progenitor cell
883,15.327757,8.7597475,2,6551.0,1782,1.9233706,hematopoietic multipotent progenitor cell
885,6.8425665,9.213678,3,32055.0,5958,4.3300576,granulocyte
886,15.884272,11.176665,2,17638.0,4346,2.2735004,hematopoietic multipotent progenitor cell
887,2.9853854,12.388383,1,21784.0,3923,2.5018363,erythroid progenitor cell
889,8.17175,-0.7666125,12,3099.0,1086,3.1623104,precursor B cell
890,12.386596,4.222876,0,11693.0,2707,2.6340547,hematopoietic multipotent progenitor cell
891,5.901552,11.823256,9,10751.0,2250,1.9254023,erythroid progenitor cell
892,9.410989,14.374847,14,3751.0,1336,3.5723805,granulocyte
893,3.0886867,10.869593,7,18243.0,3237,2.9107056,erythroid progenitor cell
894,6.121077,8.1659565,3,41969.0,6072,5.732803,erythroid progenitor cell
895,13.222867,2.8953402,0,12977.0,3316,4.061031,hematopoietic multipotent progenitor cell
896,13.866315,4.3183985,0,9181.0,2282,2.7230148,hematopoietic multipotent progenitor cell
897,4.273771,12.615465,1,20169.0,3839,6.27696,erythroid progenitor cell
898,14.717859,8.30259,2,7391.0,1904,2.7465837,hematopoietic multipotent progenitor cell
899,8.120506,11.488564,6,15310.0,3497,4.062704,erythroid progenitor cell
900,-3.6261435,5.147396,16,1244.0,369,4.983923,erythroblast
901,5.8869505,8.181941,3,36922.0,5814,3.2257192,erythroid progenitor cell
902,3.1590486,10.981883,5,16231.0,3576,5.606555,erythroid progenitor cell
903,6.0661473,11.127295,1,19792.0,3610,3.1477365,erythroid progenitor cell
904,8.697197,1.6337214,8,23189.0,4323,2.6823063,precursor B cell
905,-1.4518658,8.749843,4,23215.0,3677,3.5666597,proerythroblast
906,13.226399,5.007909,0,11373.0,2896,2.365251,hematopoietic multipotent progenitor cell
907,14.284873,5.6404037,0,13640.0,2627,1.2976539,hematopoietic multipotent progenitor cell
908,10.506557,5.70921,13,22260.0,4502,2.7133873,megakaryocyte-erythroid progenitor cell
909,14.361445,6.8752146,2,9766.0,2542,1.484743,hematopoietic multipotent progenitor cell
910,-2.987692,7.396482,4,20030.0,2770,5.047429,erythroblast
911,4.271698,13.1986885,1,18893.0,3326,2.8687873,erythroid progenitor cell
912,1.2343165,12.124955,1,23078.0,3561,4.7057805,erythroid progenitor cell
913,4.491753,9.985513,7,26691.0,4175,3.1658611,erythroid progenitor cell
914,1.8696251,11.674788,5,30944.0,4399,3.942606,erythroid progenitor cell
915,15.636015,8.310495,2,9303.0,2528,2.9345372,hematopoietic multipotent progenitor cell
916,0.5710517,11.904197,5,26759.0,3825,2.7355282,proerythroblast
918,6.282815,13.16541,1,12873.0,3437,7.504078,granulocyte
919,14.012018,9.421149,2,8759.0,2213,3.7447195,hematopoietic multipotent progenitor cell
920,5.926074,13.641338,1,15698.0,2960,2.3060262,granulocyte
921,3.491125,12.882721,1,19065.0,3593,2.8586416,erythroid progenitor cell
922,10.758533,6.5156765,13,25265.0,4425,4.1678214,lymphoid lineage restricted progenitor cell
923,4.8635526,13.79648,1,19074.0,3335,1.1691308,erythroid progenitor cell
924,8.511514,9.045409,6,21629.0,4622,1.9510841,lymphoid lineage restricted progenitor cell
925,18.214716,3.8021944,15,9975.0,2935,3.2882206,common dendritic progenitor
926,3.2215734,12.882061,1,25118.0,4118,2.229477,erythroid progenitor cell
927,17.29779,4.3673115,15,7132.0,2496,4.0241165,common dendritic progenitor
928,0.4754362,11.341035,1,33493.0,4504,1.9645896,proerythroblast
929,6.982177,2.6919267,8,3319.0,1464,2.7719193,pro-B cell
931,-0.24044098,9.147362,4,33236.0,4804,5.4820075,erythroid progenitor cell
932,5.5814505,14.352958,1,22688.0,4946,1.401622,lymphoid lineage restricted progenitor cell
933,5.402496,12.863483,1,23760.0,4058,4.7180133,erythroid progenitor cell
934,7.907769,1.2524061,8,16079.0,3496,2.425524,precursor B cell
935,-0.6124299,9.706465,4,22514.0,3974,5.2323,proerythroblast
936,4.973117,12.603558,1,19371.0,3891,4.1092353,erythroid progenitor cell
937,16.160395,10.597452,2,15825.0,3920,3.4502368,hematopoietic multipotent progenitor cell
938,5.497219,7.73674,3,43930.0,5849,5.092192,erythroid progenitor cell
939,7.4490237,3.0099392,8,3777.0,1679,1.376754,lymphoid lineage restricted progenitor cell
940,2.7515154,11.523492,5,22979.0,4325,3.2246835,erythroid progenitor cell
941,1.7468667,9.315973,5,32062.0,4761,9.15102,proerythroblast
942,9.535297,-0.3920862,12,2693.0,1023,1.1139992,precursor B cell
943,13.0026,3.5937707,0,13966.0,3554,1.5036517,hematopoietic multipotent progenitor cell
944,3.4569533,12.522599,1,18519.0,3422,2.8943248,erythroid progenitor cell
945,15.939721,11.176401,2,9644.0,2614,2.7685606,hematopoietic multipotent progenitor cell
946,-0.31719822,9.444803,4,43518.0,5457,2.3599432,erythroid progenitor cell
947,3.234271,8.670948,7,33145.0,4958,4.248001,erythroid progenitor cell
948,-0.14001381,9.780242,4,15081.0,3306,5.8020024,proerythroblast
950,4.911456,8.87458,7,17458.0,3546,4.0153513,erythroid progenitor cell
951,12.795137,5.684082,0,11511.0,2984,1.9199027,hematopoietic multipotent progenitor cell
953,8.672306,4.4790792,8,18356.0,4183,2.4133797,lymphoid lineage restricted progenitor cell
954,3.0520756,12.197012,1,20749.0,3646,3.653188,erythroid progenitor cell
955,14.82298,4.6715965,0,10840.0,2296,0.6734317,hematopoietic multipotent progenitor cell
956,6.966098,6.208336,3,16177.0,3159,2.4108303,erythroid progenitor cell
957,9.2985,9.234925,6,18831.0,3744,1.906431,megakaryocyte-erythroid progenitor cell
958,4.6780453,12.102046,1,26583.0,4648,3.144867,erythroid progenitor cell
959,-1.8634322,8.677194,4,24101.0,4045,5.290237,proerythroblast
960,1.8334354,8.926493,5,37093.0,5394,5.4592514,proerythroblast
961,9.206373,2.1135218,8,1230.0,712,6.8292685,lymphoid lineage restricted progenitor cell
962,-0.8362707,11.068666,4,12348.0,2333,0.75315845,erythroid progenitor cell
963,10.921792,5.306697,8,15994.0,3707,3.4825559,pro-B cell
964,9.074749,11.540661,6,12064.0,3179,4.0368037,megakaryocyte-erythroid progenitor cell
965,14.188535,2.8822587,0,8796.0,2314,0.8299227,hematopoietic multipotent progenitor cell
966,4.267926,9.889104,7,21404.0,3675,4.172117,erythroid progenitor cell
967,7.7908664,12.308829,6,14520.0,3248,2.4724517,megakaryocyte-erythroid progenitor cell
968,12.197624,3.0092826,0,8469.0,2567,3.436061,hematopoietic multipotent progenitor cell
969,15.650472,8.879524,2,4900.0,1860,2.734694,hematopoietic multipotent progenitor cell
970,8.662232,7.477528,3,8352.0,2120,2.9214559,erythroid progenitor cell
971,9.1240835,14.185604,14,3305.0,1320,3.2677763,granulocyte
972,14.24519,5.3897066,0,10533.0,2294,2.1171558,hematopoietic multipotent progenitor cell
973,13.753302,9.2478695,11,7834.0,2102,2.5402093,hematopoietic multipotent progenitor cell
974,15.441823,10.225449,2,16166.0,3871,2.8825932,hematopoietic multipotent progenitor cell
975,12.565577,6.914887,10,26958.0,4590,1.2092886,myeloid lineage restricted progenitor cell
976,2.756479,11.954252,1,28547.0,4086,1.429222,erythroid progenitor cell
977,3.9034598,12.161911,1,19548.0,3227,3.3660731,erythroid progenitor cell
978,12.645402,5.1667995,0,6730.0,1705,9.286776,hematopoietic multipotent progenitor cell
979,13.626967,7.2394714,10,12744.0,2452,1.2868801,myeloid lineage restricted progenitor cell
980,8.834992,1.8627135,8,15455.0,3392,2.6722744,precursor B cell
981,18.732248,3.5959296,15,5004.0,1656,2.6578736,common dendritic progenitor
982,-1.2575859,7.646892,4,31861.0,4277,2.9722857,erythroblast
983,10.205844,4.1956587,8,7392.0,2463,2.746212,common lymphoid progenitor
984,5.335306,9.223158,7,30579.0,5156,5.935446,erythroid progenitor cell
985,11.109664,4.852103,6,11832.0,3106,0.8536173,megakaryocyte-erythroid progenitor cell
986,-1.9967939,7.270098,4,21462.0,3312,1.6168112,erythroblast
987,1.8453825,12.645043,1,23965.0,3893,2.474442,erythroid progenitor cell
988,12.380278,11.238343,11,9151.0,2321,2.3385422,megakaryocyte-erythroid progenitor cell
989,9.278209,8.766772,6,18615.0,3982,2.680634,megakaryocyte-erythroid progenitor cell
991,15.778461,6.4916363,2,7969.0,2228,3.752039,hematopoietic multipotent progenitor cell
992,5.667643,6.2762713,3,17118.0,3389,2.4535575,erythroid progenitor cell
993,13.43097,4.3526163,0,15970.0,3902,1.809643,hematopoietic multipotent progenitor cell
994,4.1352944,13.171755,1,16188.0,2953,1.278725,megakaryocyte-erythroid progenitor cell
995,11.011179,4.1872873,0,16755.0,3844,3.0856462,common lymphoid progenitor
996,13.154222,2.2815824,0,7689.0,2298,4.2918453,hematopoietic multipotent progenitor cell
997,3.0531757,13.57001,1,13794.0,2901,2.0371177,erythroid progenitor cell
998,8.2072315,-0.57065547,12,2654.0,1196,2.901281,precursor B cell
999,4.849731,8.069789,3,31083.0,5105,7.3770227,erythroid progenitor cell
1000,13.554747,4.657789,0,10181.0,2841,1.9349768,hematopoietic multipotent progenitor cell
1001,14.671438,7.556548,2,8901.0,2442,2.0334792,hematopoietic multipotent progenitor cell
1002,13.151509,4.07937,0,10866.0,2623,2.4019878,hematopoietic multipotent progenitor cell
1003,4.351714,9.748875,7,10204.0,2476,4.2238336,hematopoietic multipotent progenitor cell
1004,17.492685,4.1918364,15,10183.0,2881,5.7743297,common dendritic progenitor
1006,2.2986882,10.284864,5,33744.0,4969,2.8834755,erythroid progenitor cell
1007,7.095947,9.854104,7,23174.0,4814,2.3431432,erythroid progenitor cell
1008,7.956465,1.0446092,8,5834.0,2222,1.6455263,precursor B cell
1009,14.387459,5.229867,0,9416.0,2273,2.1665251,hematopoietic multipotent progenitor cell
1010,5.0177956,12.241773,1,15873.0,3275,4.4541044,megakaryocyte-erythroid progenitor cell
1011,11.324718,3.8519893,0,13151.0,3492,2.6309786,common lymphoid progenitor
1012,14.688539,7.309198,2,4853.0,1464,3.2969296,hematopoietic multipotent progenitor cell
1013,-0.09034552,11.5821085,5,23922.0,3500,3.4988713,proerythroblast
1014,5.380785,6.172334,3,22280.0,4057,3.7836626,erythroid progenitor cell
1015,4.916209,10.068027,7,24672.0,4366,6.84987,erythroid progenitor cell
1016,13.746648,4.6155853,0,9923.0,2176,1.5620277,hematopoietic multipotent progenitor cell
1017,6.187057,12.425482,9,11412.0,2629,3.7504382,erythroid progenitor cell
1018,3.6321537,12.28325,1,22301.0,3676,2.0357833,erythroid progenitor cell
1019,9.658875,14.224286,14,7145.0,2146,1.4695591,granulocyte
1020,8.845756,14.152722,14,2302.0,938,9.687228,granulocyte
1021,4.9171925,13.079981,1,17962.0,3557,5.7120585,erythroid progenitor cell
1022,10.228623,5.4557757,8,19009.0,4403,1.8885791,lymphoid lineage restricted progenitor cell
1023,6.847596,7.4303336,3,13850.0,2979,7.32852,erythroid progenitor cell
1024,18.257488,3.772298,15,15729.0,4247,0.9409371,common dendritic progenitor
1025,12.0583315,8.78933,10,13067.0,3245,7.254917,myeloid lineage restricted progenitor cell
1026,9.855064,13.185469,14,11702.0,3213,4.255683,granulocyte
1027,3.985119,11.192497,7,22272.0,3633,1.5580101,erythroid progenitor cell
1030,14.864758,7.232851,2,13430.0,3218,4.2814593,hematopoietic multipotent progenitor cell
1031,14.29919,7.4983153,2,9478.0,2283,2.9647605,hematopoietic multipotent progenitor cell
1032,2.1600785,10.103127,5,84327.0,7301,4.974682,proerythroblast
1033,-3.6324463,5.1266775,16,2450.0,752,7.2244897,erythroblast
1034,15.031874,10.307472,2,9360.0,2806,8.194445,hematopoietic multipotent progenitor cell
1035,13.602342,4.5028,0,6152.0,1983,5.526658,hematopoietic multipotent progenitor cell
1036,14.390449,2.9340975,0,7540.0,1930,1.9098144,hematopoietic multipotent progenitor cell
1037,9.99346,13.26862,14,9958.0,2758,4.157461,granulocyte
1038,15.342958,9.552875,2,8896.0,2481,2.3606117,hematopoietic multipotent progenitor cell
1039,14.73634,5.777958,0,10191.0,2091,2.3746443,hematopoietic multipotent progenitor cell
1041,9.535361,3.8726542,8,11473.0,3371,2.5712543,common lymphoid progenitor
1042,15.3588,7.976716,2,12664.0,2846,2.0609603,hematopoietic multipotent progenitor cell
1044,7.7165275,1.0528886,8,5289.0,2030,0.81300807,precursor B cell
1045,8.200435,0.66265494,8,2042.0,959,0.39177275,precursor B cell
1046,16.58169,7.2853003,2,8855.0,2474,2.7555053,common lymphoid progenitor
1047,7.7347875,10.8434105,6,20841.0,4359,1.9528813,erythroid progenitor cell
1048,4.0980206,11.103227,7,30402.0,4813,3.8122494,erythroid progenitor cell
1049,1.9785489,10.998736,5,38590.0,5450,2.7753305,erythroid progenitor cell
1050,7.1244135,2.6856575,8,2000.0,1050,3.3500001,pro-B cell
1051,11.011154,4.190932,0,5398.0,1924,1.3523527,lymphoid lineage restricted progenitor cell
1052,16.523344,6.6438513,2,8176.0,2516,3.228963,common lymphoid progenitor
1053,8.3578005,1.6391428,8,21481.0,4236,4.4969974,precursor B cell
1054,4.8646374,8.020855,3,24613.0,4353,2.7871451,erythroid progenitor cell
1055,6.462019,10.522866,9,31560.0,5974,5.0855513,erythroid progenitor cell
1056,3.0463426,14.106686,1,22955.0,4160,1.1021564,erythroid progenitor cell
1057,2.6351295,12.89285,1,23236.0,3976,2.349802,erythroid progenitor cell
1058,3.5946324,11.854485,1,26605.0,4462,3.785003,erythroid progenitor cell
1060,0.04183457,11.876728,1,24389.0,3501,1.4186723,proerythroblast
1061,12.637434,6.1087246,0,9992.0,2705,2.3518815,megakaryocyte-erythroid progenitor cell
1062,-0.22334936,9.88115,4,27166.0,4012,3.5559156,proerythroblast
1064,-3.8646903,4.609528,16,1218.0,418,2.2988505,erythroblast
1066,7.601042,12.110085,9,18272.0,4160,2.0632663,erythroid progenitor cell
1067,6.6866817,12.910405,9,21284.0,3855,3.2277768,granulocyte
1068,7.2957354,8.39527,3,7376.0,1577,4.0536876,granulocyte
1069,11.62014,4.2046895,0,14697.0,3531,3.163911,hematopoietic multipotent progenitor cell
1070,3.7829585,12.953927,1,21142.0,3459,2.8095734,erythroid progenitor cell
1071,17.849276,3.8513882,15,14852.0,3388,1.7708052,common dendritic progenitor
1072,3.633645,12.153105,1,15628.0,2738,5.93806,erythroid progenitor cell
1073,5.39256,10.916916,9,28100.0,4497,3.6868327,erythroid progenitor cell
1074,12.195837,5.016522,0,5075.0,1610,3.5467978,common lymphoid progenitor
1075,8.561132,8.623327,3,13665.0,3460,5.14453,lymphoid lineage restricted progenitor cell
1076,13.286299,2.6307547,0,10151.0,2807,4.570978,hematopoietic multipotent progenitor cell
1077,9.060766,2.0376918,8,24180.0,4288,2.6674938,precursor B cell
1078,1.3406484,11.539238,5,28983.0,4748,2.3979573,erythroid progenitor cell
1079,16.25227,9.682302,2,11145.0,2718,2.69179,hematopoietic multipotent progenitor cell
1080,15.976705,7.199393,2,10683.0,2866,4.923711,common lymphoid progenitor
1081,15.6209545,6.7341967,2,10081.0,2346,1.4085903,hematopoietic multipotent progenitor cell
1083,5.870852,7.4361167,3,20393.0,3932,6.482617,erythroid progenitor cell
1084,4.6979914,13.036927,1,35710.0,5698,4.474937,erythroid progenitor cell
1085,13.24479,5.0950303,0,10718.0,2859,1.2968837,hematopoietic multipotent progenitor cell
1086,16.624353,6.7010016,2,10118.0,2835,2.8958292,common lymphoid progenitor
1087,14.063721,7.5123553,2,11820.0,2975,2.6311336,myeloid lineage restricted progenitor cell
1088,12.094255,8.819502,10,16056.0,2957,4.5964127,myeloid lineage restricted progenitor cell
1089,9.653785,9.148357,6,16158.0,3285,1.5781655,megakaryocyte-erythroid progenitor cell
1090,15.332287,9.704436,2,5803.0,1792,1.9300362,hematopoietic multipotent progenitor cell
1092,2.6379194,13.844998,1,11413.0,2288,1.5158153,erythroid progenitor cell
1093,15.345175,9.713149,2,8503.0,2389,1.9287311,hematopoietic multipotent progenitor cell
1094,3.635356,11.20892,7,13293.0,2913,4.1224704,erythroid progenitor cell
1095,12.222366,4.4167733,0,11354.0,2831,1.8143386,hematopoietic multipotent progenitor cell
1096,10.895747,5.949752,13,14404.0,3739,3.3948903,lymphoid lineage restricted progenitor cell
1097,14.934487,7.7818065,2,15275.0,3407,1.7283142,hematopoietic multipotent progenitor cell
1098,11.355429,5.0371795,0,40445.0,6353,2.1906292,erythroid progenitor cell
1099,4.3170986,9.408918,7,41617.0,5451,2.8762286,erythroid progenitor cell
1101,9.798228,11.188591,6,15061.0,3496,2.8816147,megakaryocyte-erythroid progenitor cell
1102,11.303971,6.7480035,13,22974.0,4089,4.05676,hematopoietic multipotent progenitor cell
1103,-2.188514,6.659744,4,29209.0,4107,4.4472594,erythroblast
1104,3.818415,11.6328335,1,15666.0,3342,5.451296,hematopoietic multipotent progenitor cell
1105,3.338933,12.711946,1,25954.0,3894,1.4217461,erythroid progenitor cell
1106,3.0405462,10.591397,5,12582.0,2984,7.4074073,erythroid progenitor cell
1107,12.166766,4.486384,0,11712.0,2742,7.052596,hematopoietic multipotent progenitor cell
1108,8.216955,11.217097,6,7523.0,2245,6.4468966,megakaryocyte-erythroid progenitor cell
1109,5.488339,8.080543,3,32890.0,5951,6.7710547,erythroid progenitor cell
1110,10.058297,7.5741568,13,20787.0,4185,3.7042384,lymphoid lineage restricted progenitor cell
1111,14.0119295,5.8230486,0,5374.0,1312,3.2378118,hematopoietic multipotent progenitor cell
1112,6.76152,11.191387,1,18996.0,3837,2.511055,megakaryocyte-erythroid progenitor cell
1113,8.91511,11.599469,6,12684.0,3188,1.978871,megakaryocyte-erythroid progenitor cell
1114,16.379196,9.280602,2,15714.0,3848,1.8963982,hematopoietic multipotent progenitor cell
1115,3.2720313,8.436842,3,44032.0,5763,5.9093385,erythroid progenitor cell
1116,9.634213,-0.26546288,12,1852.0,885,4.589633,precursor B cell
1117,15.279508,10.794178,2,14592.0,3447,2.227248,hematopoietic multipotent progenitor cell
1118,13.059779,5.6730757,0,3714.0,1274,2.4771137,hematopoietic multipotent progenitor cell
1119,6.983545,7.6913157,3,10454.0,2722,6.667304,erythroid progenitor cell
1120,3.7364614,10.9068985,7,25917.0,4161,3.2951343,erythroid progenitor cell
1121,-3.092757,6.6323004,4,24242.0,3448,3.5640624,erythroblast
1122,1.4926149,8.165285,4,49819.0,6133,6.268693,erythroid progenitor cell
1123,11.442047,5.6014194,6,28877.0,4740,1.8457595,hematopoietic multipotent progenitor cell
1124,-2.2689924,8.092669,4,16350.0,3107,7.7431192,erythroblast
1125,11.97103,3.6321726,0,2115.0,1085,8.841608,hematopoietic multipotent progenitor cell
1126,12.984019,3.8048108,0,14739.0,3504,0.7327498,hematopoietic multipotent progenitor cell
1127,7.3225465,8.784757,3,29500.0,5246,5.061017,erythroid progenitor cell
1128,3.7164352,12.3709545,1,19118.0,3282,3.933466,erythroid progenitor cell
1129,5.681986,11.971029,9,14212.0,3056,4.4047284,hematopoietic multipotent progenitor cell
1130,5.1529136,11.09476,9,29129.0,4480,6.0077586,erythroid progenitor cell
1131,15.775437,8.983339,2,13923.0,3385,2.9663148,hematopoietic multipotent progenitor cell
1132,10.8623705,4.3435154,0,7386.0,2091,1.5028431,common lymphoid progenitor
1133,-3.7789962,3.6813378,16,546.0,242,2.3809524,proerythroblast
1134,8.965412,0.6182315,12,1575.0,769,2.857143,precursor B cell
1135,10.254625,9.064886,17,23300.0,4816,5.7682405,megakaryocyte-erythroid progenitor cell
1136,5.4631553,13.436013,1,18734.0,3843,3.1653676,megakaryocyte-erythroid progenitor cell
1137,4.5477753,11.373709,7,16607.0,3380,3.781538,erythroid progenitor cell
1138,13.730401,7.97066,10,15682.0,3152,7.4352765,myeloid lineage restricted progenitor cell
1140,-0.9521566,8.382928,4,26439.0,3634,2.3374562,proerythroblast
1141,2.4692757,10.652294,5,26113.0,4711,6.0506263,erythroid progenitor cell
1142,5.7106853,13.049942,9,19825.0,4419,2.3808322,erythroid progenitor cell
1143,10.410454,8.75407,17,9150.0,3100,6.7868853,megakaryocyte-erythroid progenitor cell
1144,12.292099,8.076197,13,11434.0,2790,1.7141858,lymphoid lineage restricted progenitor cell
1145,8.263597,10.558352,6,45145.0,6693,4.4789014,megakaryocyte-erythroid progenitor cell
1146,10.774272,6.3323946,13,19035.0,3992,3.588127,lymphoid lineage restricted progenitor cell
1147,5.5453625,13.131124,1,22235.0,4400,4.888689,granulocyte
1148,-1.1428835,9.0881605,4,29031.0,4360,3.2103612,erythroblast
1149,10.60182,9.838631,11,20846.0,4430,4.4085197,megakaryocyte-erythroid progenitor cell
1150,15.510139,7.1819935,2,8622.0,2137,2.0180933,hematopoietic multipotent progenitor cell
1151,6.0297985,7.141954,3,12997.0,2917,7.978764,erythroid progenitor cell
1152,14.645067,6.8007965,2,15341.0,2904,1.6556939,hematopoietic multipotent progenitor cell
1153,4.0335402,12.659133,1,31529.0,4983,3.5649722,erythroid progenitor cell
1155,6.0821795,8.85935,3,17183.0,4057,4.6150265,erythroid progenitor cell
1156,5.995251,10.773726,9,23944.0,4584,9.710157,erythroid progenitor cell
1157,15.037095,10.505228,2,9453.0,2663,1.703163,hematopoietic multipotent progenitor cell
1158,4.52606,12.231093,1,20700.0,3685,5.178744,erythroid progenitor cell
1159,-1.3641605,9.946384,4,17430.0,2954,0.6999426,proerythroblast
1160,13.115325,3.0430868,0,11136.0,2340,1.1224856,hematopoietic multipotent progenitor cell
1161,3.825488,12.911964,1,14832.0,2872,2.177724,megakaryocyte-erythroid progenitor cell
1162,7.475096,3.3255463,8,3641.0,1616,2.1697338,lymphoid lineage restricted progenitor cell
1163,12.114574,4.7537627,0,12987.0,3368,2.5256026,hematopoietic multipotent progenitor cell
1164,2.4079497,10.842657,5,35224.0,5131,5.462185,proerythroblast
1165,7.776541,8.050563,3,41403.0,5658,5.2242594,erythroid progenitor cell
1166,4.5796223,12.846631,1,18402.0,3664,4.0647755,erythroid progenitor cell
1168,6.309023,6.230249,3,6145.0,1674,6.8999186,erythroid progenitor cell
1169,6.9436836,7.4421315,3,19639.0,4090,6.319059,erythroid progenitor cell
1170,10.338859,9.496723,11,18246.0,3713,2.1758194,megakaryocyte-erythroid progenitor cell
1171,9.043251,10.737319,6,12730.0,3109,2.9143755,megakaryocyte-erythroid progenitor cell
1172,13.9915495,4.3656187,0,13055.0,2722,1.1030257,hematopoietic multipotent progenitor cell
1173,8.710739,10.463848,6,20745.0,4345,4.9313087,megakaryocyte-erythroid progenitor cell
1174,9.122068,-0.89123505,12,4310.0,1642,2.6450117,precursor B cell
1175,3.104253,13.046926,1,19621.0,3774,2.7215738,erythroid progenitor cell
1176,12.150822,4.0143633,0,8504.0,2445,2.0813735,hematopoietic multipotent progenitor cell
1177,5.7577963,7.482041,3,19912.0,3939,5.6096826,erythroid progenitor cell
1178,15.676659,9.03724,2,4401.0,1498,6.566689,hematopoietic multipotent progenitor cell
1179,13.450782,3.1283174,0,9055.0,2320,1.9326339,hematopoietic multipotent progenitor cell
1180,7.8433814,10.682919,6,15856.0,3157,1.1856711,megakaryocyte-erythroid progenitor cell
1181,-0.93590605,9.367669,4,31246.0,4481,5.671126,erythroid progenitor cell
1182,13.850877,4.9871264,0,12921.0,3054,1.2537729,hematopoietic multipotent progenitor cell
1183,7.141802,13.657405,14,9735.0,2277,2.7734976,granulocyte
1184,18.770813,3.4832296,15,3365.0,1298,1.6641902,common dendritic progenitor
1185,9.725573,-0.28328472,12,1319.0,703,7.884761,precursor B cell
1186,3.5261843,9.866082,17,23735.0,4412,3.471666,erythroid progenitor cell
1187,3.88782,7.847137,3,40638.0,6224,1.7766622,erythroid progenitor cell
1188,5.9454727,10.690758,7,28000.0,4802,3.0714285,erythroid progenitor cell
1189,16.375168,8.019388,2,12980.0,3266,2.2958398,hematopoietic multipotent progenitor cell
1190,4.667269,9.852407,7,28876.0,4533,3.4907882,erythroid progenitor cell
1191,13.317758,5.249685,0,18977.0,4075,1.8232597,hematopoietic multipotent progenitor cell
1192,9.077489,9.291827,6,15655.0,3477,4.6758223,megakaryocyte-erythroid progenitor cell
1193,13.304176,8.156758,10,15225.0,3070,8.157636,myeloid lineage restricted progenitor cell
1194,12.909312,2.6327262,0,3877.0,1633,3.3531082,hematopoietic multipotent progenitor cell
1196,3.034737,10.686251,5,45945.0,5584,3.898139,erythroid progenitor cell
1197,8.134978,11.269068,6,17828.0,3873,3.3991475,megakaryocyte-erythroid progenitor cell
1198,10.793358,9.68706,11,27618.0,5166,4.2580924,erythroid progenitor cell
1199,11.187668,7.4603467,13,12799.0,3384,1.9376514,lymphoid lineage restricted progenitor cell
1200,6.497651,13.571228,1,14393.0,3124,1.5493642,granulocyte
1201,6.2423096,7.9389253,3,25059.0,4298,5.435173,erythroid progenitor cell
1202,11.588262,5.648906,6,14566.0,3291,7.469449,hematopoietic multipotent progenitor cell
1203,15.799928,6.388216,2,6915.0,1935,3.745481,hematopoietic multipotent progenitor cell
1204,12.499589,6.010295,0,5108.0,1620,4.463587,hematopoietic multipotent progenitor cell
1205,-1.1639589,9.430117,4,22357.0,3672,4.9604154,erythroid progenitor cell
1206,13.863892,8.905562,2,28249.0,5565,3.2567523,lymphoid lineage restricted progenitor cell
1207,7.116572,10.549188,6,9599.0,2297,1.2292948,erythroid progenitor cell
1208,0.8399151,12.274508,1,24924.0,3869,1.0070615,erythroid progenitor cell
1209,4.789363,10.894471,7,18142.0,3475,4.409657,erythroid progenitor cell
1210,5.90175,13.148681,1,23805.0,4468,2.9027517,granulocyte
1211,8.948224,9.928071,6,15104.0,3034,2.5688558,megakaryocyte-erythroid progenitor cell
1212,7.691512,12.545629,6,11096.0,2742,3.0281181,megakaryocyte-erythroid progenitor cell
1213,18.062122,3.9993966,15,7250.0,2582,3.3931036,common dendritic progenitor
1214,3.7603786,12.898257,1,26280.0,4297,4.0410957,erythroid progenitor cell
1215,2.3736901,11.364588,5,23909.0,3614,7.465808,erythroid progenitor cell
1216,9.448957,13.972369,14,3348.0,1068,5.0179214,granulocyte
1217,7.5202217,7.693913,3,9156.0,2462,6.181739,erythroid progenitor cell
1218,-1.3084568,8.501743,4,35034.0,4541,8.722955,proerythroblast
1219,-0.29986784,11.072455,1,29604.0,3992,0.52695584,proerythroblast
1220,5.7489114,13.229908,1,15338.0,3799,3.4945886,erythroid progenitor cell
1221,14.759841,5.72684,0,10136.0,1878,1.3121548,hematopoietic multipotent progenitor cell
1222,9.707962,10.62607,6,9013.0,2123,3.117719,megakaryocyte-erythroid progenitor cell
1223,-0.17890619,11.274109,4,17814.0,2628,2.3296285,proerythroblast
1224,9.604428,7.541069,13,25013.0,4900,2.2508295,lymphoid lineage restricted progenitor cell
1225,5.480825,10.795795,9,14112.0,3299,4.889456,erythroid progenitor cell
1226,16.23995,5.547285,10,9951.0,3108,3.959401,common dendritic progenitor
1227,5.754504,5.689543,3,28953.0,4129,1.1225089,erythroid progenitor cell
1228,10.638016,6.602268,13,22946.0,4705,2.8806765,lymphoid lineage restricted progenitor cell
1229,3.2425072,8.981437,7,13726.0,2810,7.1907325,erythroid progenitor cell
1230,14.73858,10.120722,2,15521.0,3619,2.8799691,hematopoietic multipotent progenitor cell
1231,-2.716914,7.673558,4,32797.0,3855,0.7439705,erythroblast
1232,3.9243412,12.387999,1,20929.0,3572,3.3494194,erythroid progenitor cell
1234,5.4556494,11.878952,9,20078.0,3598,3.3967528,erythroid progenitor cell
1235,10.687644,5.0846715,8,17212.0,3714,2.5214965,hematopoietic multipotent progenitor cell
1236,9.075669,14.429122,14,12384.0,3100,1.9945091,granulocyte
1238,12.629902,4.000671,0,8794.0,2441,1.2394814,hematopoietic multipotent progenitor cell
1239,11.9378395,4.273364,0,20373.0,4332,1.9290236,hematopoietic multipotent progenitor cell
1240,6.883238,2.4166558,8,2198.0,1114,3.0482256,pro-B cell
1241,15.055371,8.905344,2,8198.0,2374,3.0983167,hematopoietic multipotent progenitor cell
1242,1.0802684,9.7350445,5,23629.0,4089,7.829362,erythroid progenitor cell
1243,13.903506,5.24559,0,15168.0,3171,2.5382385,hematopoietic multipotent progenitor cell
1244,4.0699697,8.937458,7,23734.0,4347,5.949271,hematopoietic multipotent progenitor cell
1245,10.8949795,5.308738,6,16263.0,3842,2.1213799,hematopoietic multipotent progenitor cell
1247,1.6453073,11.489229,5,31513.0,4759,2.1800528,hematopoietic multipotent progenitor cell
1248,2.1716118,10.370286,5,38582.0,5479,3.172464,erythroid progenitor cell
1249,1.860859,9.658989,5,19375.0,3521,5.4503226,erythroid progenitor cell
1250,1.6696427,11.338088,5,23477.0,4018,5.631043,erythroid progenitor cell
1251,14.126448,5.1474953,0,18701.0,3810,3.887493,hematopoietic multipotent progenitor cell
1252,3.4867501,12.825235,1,23518.0,3957,1.9006718,erythroid progenitor cell
1253,2.1795828,9.180867,5,31968.0,4950,6.0904655,proerythroblast
1254,13.940448,6.282162,0,11378.0,2856,1.8896116,hematopoietic multipotent progenitor cell
1255,12.733612,9.139883,2,17194.0,3923,2.6986158,lymphoid lineage restricted progenitor cell
1256,3.3633854,8.906562,7,44905.0,6040,8.653825,erythroid progenitor cell
1257,12.391447,4.926756,0,11705.0,2890,0.93976927,hematopoietic multipotent progenitor cell
1258,14.750634,7.09461,2,12302.0,2817,3.3246624,hematopoietic multipotent progenitor cell
1259,1.5905393,10.05304,5,16132.0,3457,5.529382,proerythroblast
1260,8.771374,3.8821695,8,2372.0,1164,7.799325,lymphoid lineage restricted progenitor cell
1261,18.868048,3.551959,15,6172.0,2148,1.198963,common dendritic progenitor
1262,16.567062,7.872736,2,7570.0,2408,1.347424,common lymphoid progenitor
1263,5.709816,7.9895477,3,35141.0,5490,4.075012,erythroid progenitor cell
1264,12.512602,5.708043,0,14559.0,3438,2.5070403,hematopoietic multipotent progenitor cell
1265,13.865417,4.0580373,0,7331.0,2158,1.6368846,hematopoietic multipotent progenitor cell
1267,3.091566,11.212608,5,28547.0,4485,5.3105407,erythroid progenitor cell
1268,4.640978,12.799861,1,23577.0,4221,4.68253,erythroid progenitor cell
1269,-2.2581356,8.553558,4,21677.0,3483,3.3814642,erythroblast
1270,8.6942,8.475917,6,15907.0,3346,1.1378639,erythroid progenitor cell
1271,6.876283,2.6041281,8,4082.0,1622,2.7192554,pro-B cell
1272,6.253768,12.187501,9,15807.0,3214,2.4735878,erythroid progenitor cell
1273,-1.2549337,9.567257,4,12306.0,2669,3.4942303,erythroblast
1274,13.723592,4.6392255,0,7711.0,2239,1.465439,hematopoietic multipotent progenitor cell
1276,8.18639,2.9761634,8,1955.0,902,2.9667518,pro-B cell
1277,10.804994,6.32728,13,21020.0,4374,1.5937203,lymphoid lineage restricted progenitor cell
1278,8.39925,-0.67631674,12,2265.0,1026,5.430464,precursor B cell
1279,8.469504,-0.86311966,12,3300.0,1336,9.151515,precursor B cell
1280,13.179636,8.317411,10,22717.0,4472,5.810626,myeloid lineage restricted progenitor cell
1281,10.845887,4.5507355,0,7753.0,2422,3.1342707,common lymphoid progenitor
1282,0.7001388,11.052159,5,29546.0,4516,2.80241,proerythroblast
1283,13.08086,3.271456,0,12407.0,3111,1.0961554,hematopoietic multipotent progenitor cell
1284,5.418675,10.997933,1,31130.0,5355,4.648249,erythroid progenitor cell
1285,6.167479,7.2266746,3,33800.0,5073,3.0295858,erythroid progenitor cell
1286,6.646212,6.7846994,3,11407.0,2770,5.6544228,erythroid progenitor cell
1287,3.8409352,12.903424,1,29148.0,4634,2.6622753,erythroid progenitor cell
1288,9.520805,9.591,6,14721.0,3512,2.9549623,megakaryocyte-erythroid progenitor cell
1291,1.8012714,10.256739,5,29707.0,4674,3.3190832,erythroid progenitor cell
1292,7.1750646,6.299399,3,12497.0,2460,3.4408257,erythroid progenitor cell
1293,-1.0965072,8.020491,4,24126.0,3840,2.4537842,erythroblast
1294,8.41888,8.450274,3,15859.0,3543,8.008071,myeloid lineage restricted progenitor cell
1295,2.8491225,12.034206,5,22283.0,3989,3.2176998,erythroid progenitor cell
1297,12.595036,4.7434115,0,14362.0,3609,1.0096087,hematopoietic multipotent progenitor cell
1298,7.9945607,13.762435,14,12210.0,2650,3.022113,granulocyte
1299,13.996882,8.501561,2,12738.0,3448,6.3196735,hematopoietic multipotent progenitor cell
1300,-2.9657192,6.944821,4,30584.0,4170,3.521449,erythroblast
1301,9.407929,9.798773,6,14465.0,3419,2.3919806,megakaryocyte-erythroid progenitor cell
1302,5.731073,9.356557,7,25891.0,4447,3.2636826,erythroid progenitor cell
1303,5.671979,5.7759414,3,17195.0,2969,1.4597267,erythroid progenitor cell
1304,10.612533,8.586464,17,15665.0,3921,1.270348,megakaryocyte-erythroid progenitor cell
1305,12.567725,5.8479486,0,8668.0,2323,2.9303184,megakaryocyte-erythroid progenitor cell
1306,8.942197,1.725865,8,15225.0,3473,2.955665,precursor B cell
1307,-1.2793466,9.339142,4,29921.0,4569,5.6916547,erythroblast
1308,13.625679,8.311028,10,8326.0,2505,6.858035,myeloid lineage restricted progenitor cell
1310,14.568942,10.980861,2,8990.0,2243,3.359288,hematopoietic multipotent progenitor cell
1312,7.8571577,10.306908,6,12032.0,2950,1.4793884,megakaryocyte-erythroid progenitor cell
1313,7.757965,8.5146,3,28797.0,5667,3.712192,erythroid progenitor cell
1314,6.6780653,11.275227,1,16304.0,3449,2.692591,megakaryocyte-erythroid progenitor cell
1315,12.060236,7.079373,13,8960.0,2499,0.546875,hematopoietic multipotent progenitor cell
1316,5.9371066,11.993332,1,18030.0,3908,3.094842,megakaryocyte-erythroid progenitor cell
1319,6.3528314,10.908368,7,35885.0,5652,2.9510937,megakaryocyte-erythroid progenitor cell
1320,6.1492596,13.970806,6,25181.0,5023,1.3899368,megakaryocyte-erythroid progenitor cell
1321,14.580582,7.708123,2,19247.0,3693,3.5382137,hematopoietic multipotent progenitor cell
1322,-1.5094388,7.48466,4,25461.0,3754,3.7351243,erythroblast
1323,-1.0523585,7.358848,4,29050.0,4321,3.6213424,erythroblast
1324,1.689766,11.7548895,1,29847.0,4266,1.624954,erythroid progenitor cell
1326,3.981126,10.817955,7,26389.0,4232,2.4214635,erythroid progenitor cell
1327,6.2856526,7.3453455,3,10274.0,2409,5.6161184,erythroid progenitor cell
1328,-1.1181896,10.209931,4,30722.0,4115,2.9099667,erythroid progenitor cell
1329,7.3598213,6.8792844,3,11118.0,2573,5.369671,precursor B cell
1330,13.1306305,2.5258255,0,7383.0,1968,2.004605,hematopoietic multipotent progenitor cell
1331,8.156598,3.604256,8,8693.0,2831,3.635109,lymphoid lineage restricted progenitor cell
1332,13.594879,9.500158,11,13309.0,2671,1.3073859,erythroid progenitor cell
1333,6.4382687,6.087343,3,16435.0,2944,2.8840888,erythroid progenitor cell
1334,2.6361284,14.311855,1,16962.0,3131,0.49522462,erythroid progenitor cell
1335,8.991779,11.389249,6,15953.0,4168,5.622767,megakaryocyte-erythroid progenitor cell
1336,3.3476865,12.697215,1,28510.0,5067,2.6517012,erythroid progenitor cell
1338,17.768599,4.027213,15,6032.0,2217,3.7632625,common dendritic progenitor
1339,-1.06609,9.819211,4,13104.0,2296,8.592796,erythroid progenitor cell
1340,12.575503,10.663711,11,9339.0,2099,2.3557127,hematopoietic multipotent progenitor cell
1341,2.2402172,11.443814,5,17244.0,3171,5.2018094,erythroid progenitor cell
1342,-2.3751113,7.1548877,4,22777.0,3518,3.881108,erythroblast
1343,14.577829,4.6086326,0,11683.0,2507,0.8987417,hematopoietic multipotent progenitor cell
1344,3.9387045,9.950752,7,30862.0,4910,2.964811,erythroid progenitor cell
1346,7.8121266,1.2657975,8,4527.0,1860,3.7552464,precursor B cell
1347,10.743455,6.377196,13,20288.0,4118,2.0899053,common dendritic progenitor
1348,14.450276,7.9259567,2,13519.0,3079,3.4248095,myeloid lineage restricted progenitor cell
1349,-3.5631816,3.3837636,16,874.0,212,1.94508,erythroid progenitor cell
1350,14.928375,7.0544133,2,3431.0,1138,4.605071,hematopoietic multipotent progenitor cell
1351,12.868342,3.966796,0,8695.0,2110,1.7711328,hematopoietic multipotent progenitor cell
1352,15.321102,7.060693,2,5674.0,1863,3.5424743,hematopoietic multipotent progenitor cell
1353,0.040634256,11.181611,1,39395.0,4805,1.2818886,erythroid progenitor cell
1354,11.55218,8.250271,17,11530.0,2809,4.414571,hematopoietic multipotent progenitor cell
1355,4.992003,10.52001,7,18147.0,3834,3.879429,erythroid progenitor cell
1356,6.8904743,13.106135,9,15997.0,3756,4.5258484,granulocyte
1357,13.954937,8.5071945,2,13689.0,3278,2.1257944,hematopoietic multipotent progenitor cell
1358,15.543202,6.9678793,2,8590.0,2130,2.8754365,hematopoietic multipotent progenitor cell
1359,0.74416643,11.554703,5,26933.0,3976,4.5965915,proerythroblast
1360,6.2127047,7.8982625,3,20123.0,4020,8.085276,erythroid progenitor cell
1361,15.032919,8.20078,2,4936.0,1708,7.6782823,hematopoietic multipotent progenitor cell
1362,14.46336,5.4632807,0,9886.0,2086,2.2354846,hematopoietic multipotent progenitor cell
1365,13.648241,5.6187706,0,7723.0,2050,2.4601839,hematopoietic multipotent progenitor cell
1366,13.764528,5.0127583,0,14515.0,3283,1.9910438,hematopoietic multipotent progenitor cell
1367,4.032625,8.9529505,7,39530.0,5568,5.5628633,erythroid progenitor cell
1368,5.4274654,12.464933,1,19535.0,3853,5.139493,erythroid progenitor cell
1369,5.6852183,11.328214,9,20929.0,3816,3.2299678,erythroid progenitor cell
1371,2.9807906,9.3932085,7,34200.0,4622,2.8070176,erythroid progenitor cell
1372,10.463041,8.70995,17,7104.0,2609,7.193131,megakaryocyte-erythroid progenitor cell
1373,0.045384906,10.199682,4,27915.0,4178,4.9113383,proerythroblast
1374,-3.5138965,3.2956111,16,1863.0,258,1.4492754,proerythroblast
1375,12.542984,6.6515937,10,16602.0,3290,4.3308034,myeloid lineage restricted progenitor cell
1376,1.4856801,12.659634,1,18885.0,3220,1.8268468,erythroid progenitor cell
1377,2.0302527,9.802783,5,29286.0,4646,3.9370346,proerythroblast
1378,17.714529,4.2255,15,3322.0,1410,2.1071644,common dendritic progenitor
1379,-2.5868928,6.8327603,4,8356.0,2277,6.079464,erythroblast
1380,12.493124,4.6381636,0,12732.0,2956,3.8092992,hematopoietic multipotent progenitor cell
1381,8.442604,8.711781,13,25216.0,4615,3.7198603,lymphoid lineage restricted progenitor cell
1382,2.0408113,12.231348,5,28017.0,4570,2.309312,hematopoietic multipotent progenitor cell
1383,12.332552,2.67624,0,9923.0,2580,0.9674493,hematopoietic multipotent progenitor cell
1385,12.141004,4.553691,0,16103.0,3684,3.3534124,hematopoietic multipotent progenitor cell
1386,8.950442,9.561757,6,23100.0,4465,3.8744588,megakaryocyte-erythroid progenitor cell
1387,14.261093,4.2196493,0,13418.0,3255,0.8197943,hematopoietic multipotent progenitor cell
1388,12.712202,4.5005813,0,15994.0,4112,3.082406,hematopoietic multipotent progenitor cell
1389,1.1408392,11.63366,1,34551.0,4535,1.5223871,proerythroblast
1390,8.419218,10.679062,6,12757.0,2847,1.3561182,megakaryocyte-erythroid progenitor cell
1391,14.871364,8.197772,2,14386.0,3417,2.5093842,hematopoietic multipotent progenitor cell
1392,7.808689,7.4385676,3,17460.0,3780,3.7285223,hematopoietic multipotent progenitor cell
1393,0.4220133,10.268953,4,31099.0,4325,5.450336,proerythroblast
1394,8.250011,-0.9516825,12,2143.0,915,3.359776,precursor B cell
1395,5.8427496,12.314607,1,17433.0,3526,4.1300983,erythroid progenitor cell
1396,9.607582,0.8743096,12,1040.0,481,4.519231,precursor B cell
1397,8.870978,1.8109748,8,22583.0,4445,1.8066688,precursor B cell
1398,5.3219104,9.055833,7,34731.0,5429,7.192422,erythroid progenitor cell
1399,2.833473,8.289292,3,24727.0,4373,5.815505,erythroid progenitor cell
1400,7.8463035,9.796192,6,20356.0,4020,1.1151503,megakaryocyte-erythroid progenitor cell
1401,4.6976123,7.863615,3,33283.0,5072,2.0611122,erythroid progenitor cell
1402,12.319907,5.9419084,0,7306.0,2147,2.7511635,hematopoietic multipotent progenitor cell
1403,11.807349,9.72108,11,21256.0,4420,3.0015056,lymphoid lineage restricted progenitor cell
1404,4.910539,11.656666,9,12091.0,2332,1.4308163,erythroid progenitor cell
1405,4.74514,9.0508,7,43229.0,5784,4.494668,erythroid progenitor cell
1406,6.968624,8.167722,3,29278.0,5047,3.1149669,erythroid progenitor cell
1407,6.5663557,12.073589,9,26709.0,4859,1.5462953,erythroid progenitor cell
1408,6.6145935,11.96315,9,26810.0,4849,3.2002985,erythroid progenitor cell
1409,9.713465,6.9389954,13,6511.0,2565,5.2065735,lymphoid lineage restricted progenitor cell
1410,12.360992,5.7891784,13,19159.0,3923,1.4196984,hematopoietic multipotent progenitor cell
1411,5.051043,6.5151224,3,29544.0,4106,3.5201733,proerythroblast
1412,1.6132436,9.546373,5,41244.0,6002,3.95209,proerythroblast
1413,16.100082,7.5358257,2,16075.0,3825,3.4339037,common lymphoid progenitor
1414,5.51589,12.792959,1,21496.0,4088,3.3959806,granulocyte
1415,14.429605,6.949649,2,11878.0,2436,0.572487,erythroid progenitor cell
1416,2.1926258,10.687171,5,23370.0,4078,5.8921695,erythroid progenitor cell
1417,5.304183,13.606324,1,18274.0,3453,1.3133413,granulocyte
1418,16.427862,11.162318,2,11835.0,3508,2.3574142,hematopoietic multipotent progenitor cell
1419,9.097388,-0.56134814,12,1807.0,788,7.415606,precursor B cell
1420,10.689024,9.781928,11,18429.0,4235,3.1906235,megakaryocyte-erythroid progenitor cell
1421,7.3706474,12.35915,9,10594.0,2816,3.6341324,megakaryocyte-erythroid progenitor cell
1422,-2.5404277,7.2396026,4,24312.0,3953,3.163047,erythroblast
1423,1.789366,13.450252,1,28208.0,4136,0.64875215,proerythroblast
1424,16.26514,9.773681,2,11545.0,3013,3.118233,hematopoietic multipotent progenitor cell
1425,2.7219968,12.29597,1,20796.0,3887,3.515099,erythroid progenitor cell
1426,8.826379,8.390563,6,17408.0,3844,3.1307445,erythroid progenitor cell
1427,2.487722,8.970352,7,46125.0,5558,2.499729,erythroid progenitor cell
1428,-0.7488609,9.589292,4,17294.0,3215,7.2626343,proerythroblast
1429,15.945332,7.102608,2,7768.0,2205,2.0726056,hematopoietic multipotent progenitor cell
1430,10.805855,4.714572,0,10043.0,2576,2.2005377,myeloid lineage restricted progenitor cell
1431,6.802006,10.683017,9,16998.0,4154,2.9474056,erythroid progenitor cell
1432,11.572283,4.6948266,0,7428.0,2282,2.9348412,hematopoietic multipotent progenitor cell
1433,9.79669,-0.1681741,12,1305.0,650,5.5172415,precursor B cell
1434,3.207142,13.129612,1,44222.0,6042,4.3779116,erythroid progenitor cell
1435,14.568411,7.0428667,2,10816.0,2561,4.558062,hematopoietic multipotent progenitor cell
1436,2.090304,13.3201,1,14270.0,2602,1.3104415,erythroid progenitor cell
1437,9.762474,5.171583,8,14976.0,3869,2.34375,lymphoid lineage restricted progenitor cell
1438,6.819475,7.2974105,3,15872.0,3761,6.646925,erythroid progenitor cell
1439,16.330957,8.00017,2,15405.0,3799,3.0834143,hematopoietic multipotent progenitor cell
1440,14.638699,9.399272,2,7429.0,1811,2.3825548,hematopoietic multipotent progenitor cell
1441,11.4429455,10.617036,11,10076.0,2741,5.637158,megakaryocyte-erythroid progenitor cell
1442,7.5117574,7.4212923,3,27231.0,4813,4.8731227,erythroid progenitor cell
1443,14.623908,8.35703,2,7980.0,2109,2.744361,hematopoietic multipotent progenitor cell
1444,6.6971674,9.71316,7,27875.0,5156,4.0645742,erythroid progenitor cell
1445,0.40056306,10.517913,5,30182.0,4512,3.6412432,proerythroblast
1446,8.457423,11.111237,6,18391.0,4316,3.246153,megakaryocyte-erythroid progenitor cell
1447,12.568496,6.806436,10,11372.0,2703,1.9169891,myeloid lineage restricted progenitor cell
1448,11.175287,7.3983784,13,15395.0,3657,1.2536538,lymphoid lineage restricted progenitor cell
1449,7.790401,11.190239,6,22012.0,4758,2.9256768,erythroid progenitor cell
1450,16.603619,8.618073,2,10779.0,2900,2.2451062,common lymphoid progenitor
1451,3.6435761,12.496426,1,18219.0,3427,3.5567265,erythroid progenitor cell
1452,5.927188,11.039258,9,9773.0,3111,7.5104876,erythroid progenitor cell
1453,15.598646,9.272383,2,12848.0,3094,4.5298877,hematopoietic multipotent progenitor cell
1454,14.341625,8.414929,2,15613.0,3696,2.0239544,hematopoietic multipotent progenitor cell
1455,-3.6149764,4.8587327,16,1276.0,414,4.5454545,erythroblast
1456,9.613942,-0.022657974,12,1287.0,625,5.7498055,precursor B cell
1457,7.4964685,3.4280388,8,4690.0,1817,0.89552236,lymphoid lineage restricted progenitor cell
1458,7.95432,1.1058389,8,10065.0,3065,4.2026825,precursor B cell
1459,5.831107,11.170108,9,30345.0,4754,3.0120282,erythroid progenitor cell
1460,5.6596665,6.066693,3,7682.0,1850,6.9773493,erythroid progenitor cell
1461,0.9223715,11.450779,5,21873.0,3529,4.8964477,proerythroblast
1462,7.255368,9.285463,7,19436.0,4058,4.522536,erythroid progenitor cell
1463,8.7518,1.96265,8,36226.0,5556,2.2442446,precursor B cell
1464,3.4436624,8.185563,3,49089.0,6386,2.9762268,erythroid progenitor cell
1465,8.412547,4.2378535,8,16725.0,4028,0.96860987,lymphoid lineage restricted progenitor cell
1466,-0.14559653,11.780245,1,23701.0,3650,1.5442386,proerythroblast
1467,16.28995,5.33383,10,14664.0,3682,3.6824877,common dendritic progenitor
1468,8.465489,-0.7347891,12,3360.0,1258,9.226191,precursor B cell
1469,2.8133585,10.193474,5,29670.0,4259,5.0724635,erythroid progenitor cell
1470,3.1554372,9.727591,7,35533.0,5315,2.406214,erythroid progenitor cell
1471,8.288263,8.677039,3,27900.0,5164,4.032258,erythroid progenitor cell
1472,9.141705,3.27066,8,4934.0,1356,2.594244,pro-B cell
1473,-3.4299254,4.714952,16,2322.0,449,1.1627907,erythroblast
1474,2.9658754,11.219698,5,17641.0,3426,8.474577,erythroid progenitor cell
1475,-0.83694685,9.63945,4,28128.0,4383,3.9035835,erythroid progenitor cell
1476,3.0507498,10.144928,17,17074.0,3439,1.6164929,erythroid progenitor cell
1477,4.9746776,12.089828,1,26389.0,4577,4.592823,erythroid progenitor cell
1478,13.524998,7.68374,10,8018.0,2101,3.7789974,myeloid lineage restricted progenitor cell
1479,6.094251,7.8369393,3,23543.0,4220,3.5212166,erythroid progenitor cell
1480,6.8868275,8.60911,3,16127.0,4264,6.318596,lymphoid lineage restricted progenitor cell
1481,12.420953,8.567645,10,16902.0,2939,2.739321,myeloid lineage restricted progenitor cell
1483,13.575365,4.1518197,0,7025.0,1982,2.1494663,hematopoietic multipotent progenitor cell
1484,15.240845,10.677461,2,8696.0,2525,1.874425,hematopoietic multipotent progenitor cell
1485,-0.48338062,10.595509,1,41584.0,4985,0.83205074,proerythroblast
1486,16.407135,8.671523,2,10231.0,2834,3.5773628,hematopoietic multipotent progenitor cell
1487,14.784636,7.698801,2,16398.0,3502,3.6162946,hematopoietic multipotent progenitor cell
1488,13.735539,2.707487,0,11777.0,2970,1.6557697,hematopoietic multipotent progenitor cell
1489,8.924004,14.291564,14,7596.0,1911,2.7119536,granulocyte
1490,8.2450485,3.386212,8,4945.0,1895,5.1365013,lymphoid lineage restricted progenitor cell
1491,14.776374,6.075774,0,6605.0,1607,4.4814534,hematopoietic multipotent progenitor cell
1492,15.599206,8.892478,2,4583.0,1559,4.3857737,hematopoietic multipotent progenitor cell
1493,-0.25764844,7.717325,4,43979.0,5211,3.749517,erythroblast
1494,8.292262,4.0075874,8,30561.0,6044,2.5391839,lymphoid lineage restricted progenitor cell
1496,11.591424,10.569419,11,6764.0,2020,5.9875813,hematopoietic multipotent progenitor cell
1497,11.316314,5.818891,10,33003.0,5432,3.2178893,common dendritic progenitor
1498,1.7549604,11.221932,5,23683.0,4311,4.0957646,proerythroblast
1499,5.8780966,11.95543,9,14134.0,3027,4.648366,erythroid progenitor cell
1500,6.5486007,2.7329137,8,2591.0,1285,1.1578541,pro-B cell
1502,8.694615,8.849917,6,13241.0,2709,2.2052715,megakaryocyte-erythroid progenitor cell
1503,7.5036225,8.179109,3,13752.0,3521,3.846713,erythroid progenitor cell
1504,7.7734203,8.4842825,3,19158.0,4376,3.0378954,erythroid progenitor cell
1505,8.8147745,9.076524,3,20258.0,4466,8.638562,erythroid progenitor cell
1506,2.4208982,12.539641,1,27560.0,4329,2.7721336,hematopoietic multipotent progenitor cell
1507,15.459421,9.38626,2,6497.0,1770,4.1557646,hematopoietic multipotent progenitor cell
1508,11.056569,8.572848,17,23103.0,4947,1.1730078,hematopoietic multipotent progenitor cell
1509,-1.7891058,6.864634,4,32969.0,4734,4.2494464,erythroblast
1510,13.829017,5.421391,0,11870.0,2734,1.5332772,hematopoietic multipotent progenitor cell
1511,-0.0038293828,9.831217,4,26803.0,4077,2.2609408,proerythroblast
1512,13.66752,5.4653773,0,15405.0,2987,2.3239207,hematopoietic multipotent progenitor cell
1513,4.5597506,7.9065704,3,27655.0,4788,4.2957873,erythroid progenitor cell
1514,7.4135213,9.84463,6,12449.0,3389,2.7954054,myeloid lineage restricted progenitor cell
1515,16.369474,10.593957,2,4711.0,1622,3.0991297,hematopoietic multipotent progenitor cell
1516,4.2084575,10.596386,7,34985.0,4820,2.0894668,erythroid progenitor cell
1517,2.5706635,9.67718,7,53116.0,5809,2.7468183,erythroid progenitor cell
1518,9.913937,1.207103,12,814.0,482,7.4938574,precursor B cell
1519,2.267753,11.427872,5,25422.0,4143,3.8667295,erythroid progenitor cell
1520,8.325777,7.165634,3,8508.0,2202,4.360602,megakaryocyte-erythroid progenitor cell
1525,12.293258,9.994941,11,13292.0,3167,3.776708,erythroid progenitor cell
1526,-1.5963843,7.248257,4,20645.0,3624,2.509082,erythroblast
1527,11.858433,5.4020677,0,18820.0,4034,2.1466525,hematopoietic multipotent progenitor cell
1528,15.093039,10.664486,2,9668.0,2688,2.6789408,hematopoietic multipotent progenitor cell
1529,2.4811087,13.950264,1,26000.0,3684,0.5153846,erythroid progenitor cell
1530,2.014308,12.33766,1,1405.0,757,0.569395,erythroid progenitor cell
1531,12.13466,3.0212605,0,6094.0,2349,8.171972,common lymphoid progenitor
1532,10.954492,8.510918,17,21418.0,4143,3.0021477,hematopoietic multipotent progenitor cell
1533,1.1629412,11.277629,5,25950.0,4263,4.285164,proerythroblast
1534,9.308885,10.044436,6,13514.0,3205,0.9841646,megakaryocyte-erythroid progenitor cell
1535,4.151374,12.528614,1,21486.0,4030,2.401564,erythroid progenitor cell
1536,11.608326,4.985268,6,16457.0,3584,2.7708573,hematopoietic multipotent progenitor cell
1537,15.961384,8.085421,2,8974.0,2492,5.0144863,hematopoietic multipotent progenitor cell
1538,0.20868175,12.223026,1,27709.0,4028,1.7178533,proerythroblast
1540,14.536926,2.9530408,0,9276.0,2261,0.9163433,hematopoietic multipotent progenitor cell
1541,11.127768,7.2734833,13,14932.0,3695,0.5893383,lymphoid lineage restricted progenitor cell
1542,-1.4139475,8.6155,4,23159.0,3897,2.7419145,proerythroblast
1543,4.0441694,12.44973,1,19477.0,3570,4.4103303,erythroid progenitor cell
1545,5.291623,12.870071,1,23819.0,3877,3.5517864,granulocyte
1546,15.393354,9.245386,2,7830.0,2057,3.818646,hematopoietic multipotent progenitor cell
1547,8.80568,4.224175,8,5778.0,1977,5.1574936,lymphoid lineage restricted progenitor cell
1548,5.8123507,7.618961,3,31282.0,5100,3.599514,erythroid progenitor cell
1549,8.11703,3.3459868,8,10007.0,2895,1.2791046,lymphoid lineage restricted progenitor cell
1550,13.417736,2.53057,0,13978.0,3391,1.7885249,hematopoietic multipotent progenitor cell
1551,7.0479846,6.309784,3,25222.0,4128,1.8674172,erythroid progenitor cell
1552,13.543535,5.964539,0,10001.0,2326,1.9998001,hematopoietic multipotent progenitor cell
1553,5.44599,8.154195,3,15446.0,3609,8.999094,hematopoietic multipotent progenitor cell
1555,8.919369,4.450246,8,14876.0,3748,3.0250068,lymphoid lineage restricted progenitor cell
1556,14.836907,4.9490104,0,9059.0,2041,1.4681532,hematopoietic multipotent progenitor cell
1557,12.295659,4.9711885,0,10419.0,2741,3.8583357,hematopoietic multipotent progenitor cell
1558,8.32166,-0.932589,12,2147.0,916,4.937122,precursor B cell
1559,12.539779,8.638328,10,13617.0,2956,4.949695,myeloid lineage restricted progenitor cell
1560,3.9930508,9.398928,7,25806.0,4265,5.545222,erythroid progenitor cell
1561,17.412165,4.2705193,15,12054.0,3547,3.3018086,common dendritic progenitor
1562,-1.5078874,8.390933,4,36881.0,5712,9.362544,erythroid progenitor cell
1563,3.5568128,9.840171,17,23988.0,4219,5.1817575,megakaryocyte-erythroid progenitor cell
1564,8.976431,10.401813,6,11528.0,2856,3.0274115,megakaryocyte-erythroid progenitor cell
1565,6.2022038,13.351817,1,23490.0,4436,3.6313324,granulocyte
1566,8.541898,7.7251077,3,20185.0,3458,2.2541492,erythroid progenitor cell
1567,6.822175,8.047375,3,13435.0,3065,9.229624,erythroid progenitor cell
1568,2.3671887,12.940914,1,20869.0,2848,0.9344003,erythroid progenitor cell
1569,7.3956513,8.636429,3,17478.0,4093,2.8492963,erythroid progenitor cell
1570,2.687836,14.21534,1,19275.0,3583,0.8871595,erythroid progenitor cell
1571,4.064803,8.1230755,3,35051.0,5085,5.3978486,erythroid progenitor cell
1572,9.404392,10.010682,6,13058.0,3053,3.3006587,megakaryocyte-erythroid progenitor cell
1573,5.9842443,10.111924,9,28306.0,4883,3.9320285,erythroid progenitor cell
1574,8.391321,11.297264,6,7922.0,1949,1.6662459,megakaryocyte-erythroid progenitor cell
1575,14.565199,9.033476,2,9050.0,2073,2.3093922,hematopoietic multipotent progenitor cell
1576,5.096063,9.817138,7,12166.0,2812,9.5512085,erythroid progenitor cell
1577,15.500764,8.53139,2,5343.0,1790,3.1068687,hematopoietic multipotent progenitor cell
1578,9.294615,14.088608,14,7147.0,2030,4.0856304,granulocyte
1579,11.120673,4.9670353,0,13320.0,3090,2.882883,hematopoietic multipotent progenitor cell
1580,7.903813,8.50866,3,9965.0,2766,5.3487206,erythroid progenitor cell
1581,4.4855175,10.976014,7,27433.0,4783,3.1932342,erythroid progenitor cell
1582,7.8745756,1.3261439,8,10088.0,2889,1.9825535,precursor B cell
1583,15.86232,10.142856,2,9840.0,2806,1.7581301,hematopoietic multipotent progenitor cell
1584,5.114738,10.486901,7,22209.0,4121,5.5608087,erythroid progenitor cell
1585,14.762842,6.0374107,0,10473.0,2519,1.9956079,hematopoietic multipotent progenitor cell
1586,8.928048,10.401778,6,12238.0,3203,6.6350713,megakaryocyte-erythroid progenitor cell
1587,3.0462341,10.538774,5,36116.0,5546,4.8510356,hematopoietic multipotent progenitor cell
1588,7.177337,8.478921,3,21427.0,4178,3.13623,granulocyte
1589,2.9102933,13.444246,1,30888.0,5400,2.084952,proerythroblast
1590,1.4677085,10.700998,5,23747.0,4072,3.389902,proerythroblast
1591,10.714771,2.6024714,12,1441.0,781,4.7883415,common dendritic progenitor
1592,8.559278,-0.7244278,12,1135.0,600,4.7577095,precursor B cell
1593,-0.6040822,7.7018156,4,31687.0,4704,0.67535585,erythroblast
1594,9.451027,-0.2849091,12,1612.0,669,2.853598,precursor B cell
1595,5.440606,10.713782,9,25405.0,4680,4.8769927,erythroid progenitor cell
1597,9.44594,8.481431,11,20462.0,3565,3.6506693,megakaryocyte-erythroid progenitor cell
1598,11.650497,4.4194837,0,11103.0,3374,0.38728273,common lymphoid progenitor
1599,-2.8316343,6.517826,4,14605.0,2902,3.2865458,erythroblast
1600,3.7667315,14.494331,1,29896.0,4650,1.2877977,erythroid progenitor cell
1601,16.524103,10.154903,2,12710.0,3472,3.4382377,hematopoietic multipotent progenitor cell
1602,10.664488,10.639237,11,13788.0,3221,3.9962285,granulocyte
1603,7.166409,9.844183,7,34102.0,5505,4.2871385,erythroid progenitor cell
1604,4.1753736,12.305573,1,23205.0,3920,6.300367,erythroid progenitor cell
1605,11.157118,7.574747,13,7385.0,2514,1.9092755,lymphoid lineage restricted progenitor cell
1606,1.7378646,10.759482,5,12204.0,2949,7.866273,proerythroblast
1607,3.5979555,9.011687,7,25261.0,4556,9.762084,erythroid progenitor cell
1608,7.9608245,10.055665,6,22220.0,4413,2.2052207,erythroid progenitor cell
1609,8.80298,10.376625,6,19312.0,3924,1.5223695,megakaryocyte-erythroid progenitor cell
1610,-0.94022965,10.640792,4,31578.0,4247,1.8398885,proerythroblast
1611,-0.119463615,9.397935,4,21409.0,3696,7.534215,proerythroblast
1612,4.239819,10.215902,7,33670.0,4721,3.2105732,erythroid progenitor cell
1613,8.303323,11.223819,6,12343.0,2615,1.4502147,megakaryocyte-erythroid progenitor cell
1614,4.399842,11.758706,1,1429.0,883,3.4989502,lymphoid lineage restricted progenitor cell
1615,13.931585,2.329713,0,7920.0,2017,2.2727273,hematopoietic multipotent progenitor cell
1616,3.175283,12.011394,1,27899.0,4125,2.6452563,erythroid progenitor cell
1617,16.841166,4.517814,15,10930.0,3078,1.3815188,common dendritic progenitor
1618,12.329969,10.439659,11,11957.0,2880,4.3321905,hematopoietic multipotent progenitor cell
1619,5.8596177,8.351788,3,34308.0,5426,6.0918736,erythroid progenitor cell
1620,1.1543075,10.554101,5,17577.0,3346,9.267793,proerythroblast
1621,10.1032915,-0.8556881,12,27709.0,5136,5.106644,precursor B cell
1622,-0.81278807,10.016254,4,5471.0,1316,7.110217,erythroid progenitor cell
1623,7.089452,7.0357842,3,20464.0,4160,4.080336,hematopoietic multipotent progenitor cell
1624,5.285558,11.841138,1,18312.0,3392,2.2498908,erythroid progenitor cell
1625,11.595373,7.777383,13,20617.0,4556,3.3225007,lymphoid lineage restricted progenitor cell
1626,14.416493,8.450348,2,12463.0,2536,1.7732488,hematopoietic multipotent progenitor cell
1627,3.3376002,14.026405,1,21278.0,3772,1.2078203,erythroid progenitor cell
1628,11.070914,5.811233,13,8127.0,2258,6.546081,lymphoid lineage restricted progenitor cell
1629,13.590442,3.3901663,0,14789.0,3496,1.088647,hematopoietic multipotent progenitor cell
1630,2.4464972,9.224878,7,12435.0,2651,4.624045,erythroid progenitor cell
1631,3.4444075,9.828934,17,25206.0,4608,6.748393,erythroid progenitor cell
1632,2.8434246,12.988046,1,17364.0,3051,1.92352,erythroid progenitor cell
1633,12.84474,6.3317943,10,7744.0,2245,5.578512,myeloid lineage restricted progenitor cell
1634,11.167834,6.299309,13,10944.0,2777,3.4082603,lymphoid lineage restricted progenitor cell
1635,13.420541,6.2789936,0,6920.0,1860,2.16763,hematopoietic multipotent progenitor cell
1636,11.548641,10.8013935,11,6457.0,1857,3.4536161,megakaryocyte-erythroid progenitor cell
1637,5.118504,13.522324,1,18081.0,3454,2.0242243,erythroid progenitor cell
1638,12.706687,5.2472057,0,17372.0,3677,1.8017498,hematopoietic multipotent progenitor cell
1639,11.238957,4.0862274,0,11057.0,3381,3.2920322,common lymphoid progenitor
1640,-0.28920522,9.708307,4,40006.0,5488,3.1545267,proerythroblast
1641,11.92919,3.222061,0,29532.0,5267,1.9910606,hematopoietic multipotent progenitor cell
1643,0.39104098,7.8658295,4,44936.0,5610,8.345202,proerythroblast
1644,3.3760228,9.903175,17,14577.0,3108,7.697057,hematopoietic multipotent progenitor cell
1645,7.685019,11.264713,6,24350.0,5004,3.6509242,erythroid progenitor cell
1646,3.2399962,12.889336,1,27426.0,4630,4.0399623,erythroid progenitor cell
1647,6.3726516,10.925298,1,18946.0,4139,7.5794363,common dendritic progenitor
1648,9.96509,13.508459,14,5510.0,1804,2.6860254,granulocyte
1649,4.6604357,7.5831738,3,23313.0,4055,3.1098528,erythroid progenitor cell
1650,6.479059,13.617913,6,20355.0,4223,1.1299435,erythroid progenitor cell
1651,13.604029,2.9597676,0,11565.0,3027,1.7898834,hematopoietic multipotent progenitor cell
1652,16.344439,9.951886,2,10311.0,2914,3.2392592,hematopoietic multipotent progenitor cell
1653,14.702279,10.012924,2,8965.0,2098,2.9336307,hematopoietic multipotent progenitor cell
1654,13.319448,6.406284,0,11934.0,2524,1.9859227,myeloid lineage restricted progenitor cell
1655,13.151965,5.670239,0,13520.0,3040,0.9911243,hematopoietic multipotent progenitor cell
1656,16.11369,11.195469,2,8738.0,2639,4.7722588,hematopoietic multipotent progenitor cell
1657,14.311607,5.0803423,0,10235.0,2356,5.168539,hematopoietic multipotent progenitor cell
1658,12.449939,2.9001057,0,11054.0,2908,2.6415777,hematopoietic multipotent progenitor cell
1659,12.809632,4.017549,0,9836.0,3215,1.5453436,hematopoietic multipotent progenitor cell
1660,17.722525,4.016831,15,4102.0,1248,4.0468063,common dendritic progenitor
1662,16.22576,6.3304553,2,10193.0,2820,2.4820955,common lymphoid progenitor
1663,5.023996,6.5072074,3,27632.0,4022,2.9965258,erythroid progenitor cell
1664,6.1166015,6.741226,3,17389.0,3242,6.239577,erythroid progenitor cell
1665,12.680883,4.9872427,0,10838.0,2974,2.1775234,hematopoietic multipotent progenitor cell
1666,10.553166,5.0527925,8,15483.0,3518,1.3821611,common dendritic progenitor
1667,7.1662602,10.442438,6,20724.0,3921,3.942289,erythroid progenitor cell
1668,13.409413,2.162666,0,8914.0,2280,1.0881759,hematopoietic multipotent progenitor cell
1669,10.344481,4.3605323,8,2712.0,959,3.097345,hematopoietic multipotent progenitor cell
1670,16.461245,10.659198,2,13640.0,3548,3.4970675,hematopoietic multipotent progenitor cell
1671,-3.5950243,6.406693,4,3274.0,970,4.948076,erythroblast
1672,4.960527,12.405535,1,22250.0,4084,2.6112359,erythroid progenitor cell
1673,4.7029877,11.145799,7,21966.0,4381,4.147319,erythroid progenitor cell
1675,11.468829,7.1370378,13,16704.0,4044,1.8079503,lymphoid lineage restricted progenitor cell
1676,6.4845247,11.411442,6,13799.0,3391,8.602073,hematopoietic multipotent progenitor cell
1677,-1.9662521,9.128796,4,19207.0,3182,2.988494,proerythroblast
1678,15.329246,6.3291464,0,4473.0,1489,1.6096579,common lymphoid progenitor
1679,11.580994,4.1648993,0,9425.0,2695,2.0371354,common lymphoid progenitor
1680,14.48367,6.2715344,0,9149.0,2134,4.066018,hematopoietic multipotent progenitor cell
1681,2.5868685,12.300408,1,12456.0,2624,6.1416187,erythroid progenitor cell
1682,13.563116,6.4245496,10,11935.0,2636,2.7482195,myeloid lineage restricted progenitor cell
1683,3.6127417,13.1445675,1,21050.0,3850,2.422803,erythroid progenitor cell
1684,0.23744589,8.581966,4,53675.0,6029,1.7140195,proerythroblast
1685,6.5182652,7.365619,3,25294.0,4470,5.392583,erythroid progenitor cell
1686,12.434802,10.255203,11,12804.0,2926,6.927523,hematopoietic multipotent progenitor cell
1687,13.876386,3.955347,0,14190.0,3228,2.4242423,hematopoietic multipotent progenitor cell
1688,3.447994,9.570818,5,37505.0,5223,6.3911476,erythroid progenitor cell
1689,4.8501425,11.600887,1,23823.0,4010,3.6267474,erythroid progenitor cell
1690,1.7092732,12.272206,1,27351.0,3831,0.91404337,proerythroblast
1691,3.1474767,12.515914,1,20945.0,3467,2.1723561,erythroid progenitor cell
1692,16.410864,11.107695,2,13515.0,3711,3.8327785,hematopoietic multipotent progenitor cell
1693,13.214297,7.80197,10,20690.0,3929,2.7066216,myeloid lineage restricted progenitor cell
1694,4.7710686,11.9779005,1,33208.0,5430,5.2216334,erythroid progenitor cell
1695,4.2659507,10.358601,7,43026.0,5410,2.9749453,erythroid progenitor cell
1697,13.465982,5.908326,0,15069.0,3375,1.698852,hematopoietic multipotent progenitor cell
1698,6.57676,13.2842865,1,21569.0,4138,3.2129445,granulocyte
1699,7.7752357,7.783706,3,21040.0,4295,3.355513,erythroid progenitor cell
1700,7.928819,3.6045678,8,11323.0,3295,2.4375165,lymphoid lineage restricted progenitor cell
1701,-1.6693988,8.537429,4,34454.0,4996,5.8948164,proerythroblast
1702,4.2529206,12.549489,1,19426.0,3553,1.3538556,megakaryocyte-erythroid progenitor cell
1703,10.08492,4.337045,8,6061.0,2062,1.814882,common lymphoid progenitor
1704,9.452896,-0.5310683,12,6700.0,2263,9.149254,precursor B cell
1705,4.264939,9.332959,7,31069.0,4731,4.6477194,erythroid progenitor cell
1706,7.437153,7.8933425,3,27285.0,5124,6.523731,erythroid progenitor cell
1707,14.914154,8.746142,2,10033.0,2451,2.3721719,hematopoietic multipotent progenitor cell
1708,18.767735,3.508481,15,4457.0,1767,4.1732106,common dendritic progenitor
1709,1.4557981,11.612819,5,18692.0,3414,2.9638348,erythroid progenitor cell
1710,3.4142501,12.995035,1,30604.0,4840,2.169651,erythroid progenitor cell
1711,2.8597677,10.652637,5,37933.0,5470,3.0553873,erythroid progenitor cell
1712,15.733861,9.380965,2,12901.0,3028,3.356329,hematopoietic multipotent progenitor cell
1713,11.308121,7.615853,13,19157.0,4551,1.3258861,lymphoid lineage restricted progenitor cell
1714,14.033137,4.2569375,0,10414.0,2348,2.1221433,hematopoietic multipotent progenitor cell
1715,2.5207613,12.367277,1,21749.0,3756,3.7748861,erythroid progenitor cell
1716,6.817019,6.3126197,3,19335.0,3458,2.244634,erythroid progenitor cell
1717,5.237953,14.4467535,1,25844.0,5191,1.8031263,megakaryocyte-erythroid progenitor cell
1718,0.5277987,12.534739,1,29873.0,4334,0.82348615,proerythroblast
1719,4.673188,10.816426,7,32196.0,5474,7.202758,erythroid progenitor cell
1720,11.664337,3.0010827,0,11871.0,3157,1.4236375,hematopoietic multipotent progenitor cell
1721,7.4532714,6.9010267,3,17898.0,3191,2.0113978,erythroid progenitor cell
1722,0.9794112,8.242876,4,50220.0,6313,7.548785,proerythroblast
1723,15.579624,9.995958,2,7703.0,2304,1.9732572,hematopoietic multipotent progenitor cell
1724,-3.0677042,6.80168,4,1627.0,602,4.0565457,erythroblast
1725,-0.4744547,10.911734,4,26920.0,3999,1.4413075,erythroid progenitor cell
1726,10.427483,8.763028,17,24793.0,5075,3.8317268,megakaryocyte-erythroid progenitor cell
1727,9.40801,-0.6364784,12,3450.0,1212,2.695652,precursor B cell
1729,14.065716,3.2028074,0,7943.0,2306,1.435226,hematopoietic multipotent progenitor cell
1730,2.3379173,8.193078,3,57404.0,6699,2.8534596,proerythroblast
1731,4.6823654,7.7732716,3,13550.0,3016,5.630996,erythroid progenitor cell
1732,-2.0729468,6.766637,4,24904.0,4394,4.7903953,proerythroblast
1733,12.87861,9.134693,2,19270.0,3930,1.4945511,lymphoid lineage restricted progenitor cell
1734,-0.17388348,9.663276,4,9473.0,2424,6.713818,proerythroblast
1735,7.8865485,1.2909936,8,9971.0,2849,4.1219535,precursor B cell
1736,6.789372,7.5859833,3,22802.0,4324,4.626787,erythroid progenitor cell
1737,2.0321789,14.000114,1,13751.0,3087,0.35633773,proerythroblast
1738,16.055868,10.172352,2,9386.0,2530,3.6650329,hematopoietic multipotent progenitor cell
1739,3.2499323,12.916161,1,23018.0,4120,2.658789,erythroid progenitor cell
1740,13.385723,3.0153337,0,8149.0,2276,1.0553442,hematopoietic multipotent progenitor cell
1741,10.010684,4.1399207,8,7683.0,2617,2.3037875,common lymphoid progenitor
1742,11.91502,4.672451,0,8292.0,2570,1.386879,hematopoietic multipotent progenitor cell
1743,-1.1526078,10.783222,4,26125.0,3039,0.36746413,proerythroblast
1744,9.796607,-0.4658584,12,4049.0,1372,7.5080266,precursor B cell
1745,12.427331,5.175571,0,10580.0,2525,4.0926275,myeloid lineage restricted progenitor cell
1746,-2.5050669,8.11154,4,10423.0,2160,4.211839,erythroblast
1747,8.001479,7.4749904,3,17051.0,3472,3.2256172,erythroid progenitor cell
1748,11.623419,5.4320345,10,15939.0,3903,4.812096,myeloid lineage restricted progenitor cell
1749,6.563942,8.145496,3,27510.0,5103,4.80916,erythroid progenitor cell
1750,13.434623,4.9450035,0,10074.0,2614,2.0349414,hematopoietic multipotent progenitor cell
1751,0.75074434,10.062852,5,16987.0,3552,3.0081828,proerythroblast
1752,13.368096,4.2631106,0,19402.0,4352,1.6080817,hematopoietic multipotent progenitor cell
1753,6.561646,7.6088786,3,9787.0,2761,6.1510167,granulocyte
1754,1.3454779,10.703429,5,24972.0,4247,4.5611086,proerythroblast
1755,14.905471,7.5836487,2,12961.0,2973,2.0214489,hematopoietic multipotent progenitor cell
1756,8.778901,9.985944,6,21673.0,5060,7.1425276,megakaryocyte-erythroid progenitor cell
1757,7.400066,7.7822847,3,30584.0,5597,5.0385823,erythroid progenitor cell
1758,-0.33429453,9.362243,4,30926.0,4253,1.2384402,proerythroblast
1759,12.702027,2.8017395,0,6915.0,2420,3.658713,hematopoietic multipotent progenitor cell
1760,8.446751,3.1265213,8,5469.0,1746,8.502468,pro-B cell
1761,-3.253708,6.604439,4,22370.0,3619,1.5198927,erythroblast
1762,11.285125,5.0723104,0,27759.0,5130,3.4799523,hematopoietic multipotent progenitor cell
1763,1.9375063,13.342824,1,16559.0,3818,2.1861224,proerythroblast
1764,2.1892831,8.351759,3,43134.0,5557,4.622803,erythroid progenitor cell
1765,3.4690862,14.607708,1,29534.0,4831,1.8453307,erythroid progenitor cell
1766,4.6228566,10.733201,7,24239.0,4335,4.282355,erythroid progenitor cell
1767,1.74477,13.51895,1,24137.0,3761,0.47230396,erythroid progenitor cell
1768,2.767894,8.279743,3,42201.0,5543,3.499917,erythroid progenitor cell
1770,13.215919,5.894569,0,13893.0,3022,2.2817247,hematopoietic multipotent progenitor cell
1771,6.422786,10.575236,9,20526.0,4182,3.5223618,erythroid progenitor cell
1772,13.670326,10.003969,11,10327.0,2218,1.4234531,hematopoietic multipotent progenitor cell
1773,6.7997875,2.4309852,8,2235.0,1063,1.3422819,pro-B cell
1774,3.970105,11.522373,1,21089.0,4249,9.696999,erythroid progenitor cell
1775,3.4671628,10.497241,7,54722.0,6220,3.9472241,erythroid progenitor cell
1776,10.337712,6.8405147,13,11545.0,3018,0.857514,lymphoid lineage restricted progenitor cell
1777,6.4780197,11.404858,9,10507.0,2779,7.1856856,erythroid progenitor cell
1778,8.964419,9.408909,6,24408.0,5335,3.6053755,erythroid progenitor cell
1779,11.9646635,10.325915,11,5497.0,1781,3.0562124,megakaryocyte-erythroid progenitor cell
1780,8.589393,3.2900698,8,15460.0,3362,3.4993534,lymphoid lineage restricted progenitor cell
1782,13.733036,2.3228216,0,7935.0,2212,0.93257713,hematopoietic multipotent progenitor cell
1783,15.2827015,7.862305,2,7576.0,2334,2.9831047,hematopoietic multipotent progenitor cell
1784,1.3138382,11.790185,5,21159.0,3315,4.2960443,erythroid progenitor cell
1785,1.9001986,10.031785,5,45784.0,5908,3.6453784,erythroid progenitor cell
1786,15.479118,10.504608,2,9562.0,2699,2.4053545,hematopoietic multipotent progenitor cell
1787,17.318909,4.2837615,15,2510.0,1160,9.482072,common dendritic progenitor
1788,6.830238,6.8624916,3,27641.0,4802,3.523751,erythroid progenitor cell
1789,5.9328127,6.448561,3,14721.0,2975,4.802663,erythroid progenitor cell
1790,4.2273407,8.346829,3,32565.0,5167,4.8426228,erythroid progenitor cell
1791,8.496399,9.5294285,6,24741.0,4984,5.4969482,erythroid progenitor cell
1792,7.6825023,11.533405,6,11140.0,2994,4.6499104,megakaryocyte-erythroid progenitor cell
1794,12.917999,8.3787565,2,22082.0,4650,1.9020015,lymphoid lineage restricted progenitor cell
1795,-1.4294714,10.002305,4,16499.0,2970,1.5940361,erythroid progenitor cell
1796,1.0837421,10.991431,5,22567.0,4004,3.363318,proerythroblast
1797,6.5195208,2.455908,8,2946.0,1412,2.5118806,pro-B cell
1798,1.3811716,9.59145,5,35350.0,5428,3.9490807,proerythroblast
1799,3.2728562,9.028409,7,41924.0,5930,3.177178,erythroid progenitor cell
1800,14.257961,10.068139,2,18338.0,4445,2.290326,lymphoid lineage restricted progenitor cell
1801,6.0842595,13.226912,1,8857.0,2367,9.224342,granulocyte
1802,3.1004694,9.46521,7,23922.0,4188,2.4245465,erythroid progenitor cell
1803,8.108623,9.299254,6,12663.0,3269,5.9464583,erythroid progenitor cell
1804,11.266119,5.014571,13,14428.0,3701,4.6160245,hematopoietic multipotent progenitor cell
1805,12.057686,8.353764,10,5633.0,2138,5.165986,myeloid lineage restricted progenitor cell
1806,9.576111,8.345188,3,14406.0,3170,2.8599195,megakaryocyte-erythroid progenitor cell
1807,-0.26005206,9.211927,4,23702.0,3546,3.5018141,proerythroblast
1808,1.2042903,9.104043,5,33178.0,5653,4.8254867,proerythroblast
1809,9.815362,10.9019165,6,10306.0,3016,5.3949156,megakaryocyte-erythroid progenitor cell
1810,8.682243,3.732204,8,9506.0,2967,2.9244688,lymphoid lineage restricted progenitor cell
1811,13.677806,4.652744,0,7284.0,2134,2.6221857,hematopoietic multipotent progenitor cell
1812,3.378568,10.395506,5,15765.0,3534,8.341263,erythroid progenitor cell
1813,13.501657,10.837184,11,17651.0,3785,2.3681378,hematopoietic multipotent progenitor cell
1814,12.866246,2.0991604,0,12823.0,3281,0.6862669,hematopoietic multipotent progenitor cell
1815,14.661149,4.278599,0,7611.0,2057,0.43358296,hematopoietic multipotent progenitor cell
1816,6.4054747,8.49485,3,13465.0,3236,6.3720756,erythroid progenitor cell
1817,14.863722,9.158367,2,16934.0,3961,3.1061769,hematopoietic multipotent progenitor cell
1818,9.004937,3.8051405,8,4452.0,1962,3.2569633,pro-B cell
1819,13.904218,5.8626227,0,12094.0,3079,3.3487682,hematopoietic multipotent progenitor cell
1820,2.0323076,8.454572,3,43570.0,6333,2.3158138,proerythroblast
1821,3.0071585,11.953795,5,22587.0,4083,3.6392615,erythroid progenitor cell
1822,13.533315,3.3924654,0,9142.0,2613,4.222271,hematopoietic multipotent progenitor cell
1823,12.685914,8.317661,10,14022.0,3367,5.6054773,myeloid lineage restricted progenitor cell
1824,7.6381636,9.389376,7,22834.0,5175,1.4233161,lymphoid lineage restricted progenitor cell
1825,3.6527586,8.785893,7,37598.0,5248,4.205011,erythroid progenitor cell
1826,1.9735463,9.90634,5,34752.0,5148,4.1752996,erythroid progenitor cell
1827,9.057097,4.4737806,8,18633.0,4444,2.624376,lymphoid lineage restricted progenitor cell
1828,-2.1758087,8.3779745,4,15859.0,3229,6.097484,erythroblast
1829,6.5214896,12.900806,1,26428.0,4654,3.3373694,granulocyte
1830,13.683388,3.3511229,0,11613.0,2940,3.504693,hematopoietic multipotent progenitor cell
1831,3.9193792,12.784094,1,14933.0,2763,2.2567468,megakaryocyte-erythroid progenitor cell
1832,6.3929963,10.296805,7,22481.0,4305,1.9394156,erythroid progenitor cell
1833,11.07383,6.2080097,13,22107.0,4513,2.1260233,hematopoietic multipotent progenitor cell
1834,1.1900371,12.091277,1,26835.0,3917,4.5612073,erythroid progenitor cell
1835,12.035333,10.366566,11,16348.0,3702,4.6611204,hematopoietic multipotent progenitor cell
1836,13.675654,2.839266,0,9606.0,2773,1.6968561,hematopoietic multipotent progenitor cell
1837,4.082808,10.533867,7,35347.0,5068,3.3213568,erythroid progenitor cell
1838,4.6431403,8.892451,7,53972.0,6830,4.706144,erythroid progenitor cell
1839,11.135443,5.544149,13,24493.0,4906,1.584126,lymphoid lineage restricted progenitor cell
1840,8.302089,7.886892,3,17981.0,3836,3.6482952,megakaryocyte-erythroid progenitor cell
1841,16.125595,7.612752,2,12678.0,3076,3.3128254,hematopoietic multipotent progenitor cell
1842,3.8709412,11.726511,7,20572.0,3628,3.8790588,erythroid progenitor cell
1843,14.378614,4.281816,0,7458.0,1993,1.7699115,hematopoietic multipotent progenitor cell
1844,4.703636,11.644882,1,24363.0,4471,3.5586753,erythroid progenitor cell
1845,1.4030517,13.221762,1,23106.0,3849,1.1641998,erythroid progenitor cell
1847,2.503537,12.5834055,1,21529.0,3486,2.680106,erythroid progenitor cell
1848,16.628208,7.3690634,2,7059.0,2516,2.1816123,common lymphoid progenitor
1850,9.14064,9.156443,6,10572.0,3024,4.540295,megakaryocyte-erythroid progenitor cell
1851,1.5165548,10.068126,5,52728.0,6464,4.35063,proerythroblast
1852,2.593193,12.559577,1,29801.0,4383,1.5569948,erythroid progenitor cell
1853,6.3821173,6.2999887,3,5645.0,1650,6.997343,erythroid progenitor cell
1854,6.87861,11.886187,9,19037.0,4109,2.857593,erythroid progenitor cell
1855,-1.5377975,8.112482,4,18790.0,3265,3.0441723,erythroblast
1856,5.17652,10.398687,7,21187.0,4148,4.016614,erythroid progenitor cell
1858,15.687881,9.138249,2,6947.0,2080,2.850151,hematopoietic multipotent progenitor cell
1859,11.100523,4.787495,13,16226.0,4088,3.6053247,lymphoid lineage restricted progenitor cell
1860,-0.921567,10.251529,4,19964.0,3404,5.4097376,proerythroblast
1861,5.133888,7.121843,3,42124.0,5538,3.9407463,erythroid progenitor cell
1862,6.769831,13.161327,1,15252.0,3557,4.6747966,granulocyte
1863,4.7168975,13.981615,1,30734.0,4563,1.2364156,erythroid progenitor cell
1864,1.993567,10.495681,5,40164.0,5558,4.3845234,proerythroblast
1865,8.749472,3.3572323,8,3021.0,1363,7.381662,pro-B cell
1867,8.993334,10.158377,6,18739.0,3859,1.1686856,megakaryocyte-erythroid progenitor cell
1868,2.2242699,9.462385,5,18017.0,3886,9.141366,proerythroblast
1869,6.7216983,11.924892,9,6001.0,1975,8.215298,erythroid progenitor cell
1870,7.0792284,11.923884,6,20817.0,4584,2.9447086,erythroid progenitor cell
1871,8.015291,0.7985856,8,4820.0,1871,1.680498,precursor B cell
1872,11.429183,5.7205505,10,16389.0,3979,2.587101,hematopoietic multipotent progenitor cell
1873,13.141641,7.782787,10,24190.0,4116,4.1876807,myeloid lineage restricted progenitor cell
1875,16.075642,9.460211,2,10499.0,2678,2.590723,hematopoietic multipotent progenitor cell
1876,-0.2530786,8.514189,4,19641.0,3602,4.17494,proerythroblast
1877,0.3656193,8.406072,4,40874.0,5212,1.761511,proerythroblast
1878,5.629494,6.473921,3,6240.0,1591,4.3269234,erythroid progenitor cell
1879,-0.60937905,8.793844,4,25217.0,3948,2.8829758,proerythroblast
1880,7.715136,9.189823,3,16389.0,3748,5.9979253,granulocyte
1881,-2.653629,7.3465443,4,28460.0,3732,2.6669009,erythroblast
1882,11.259307,4.8433323,6,14614.0,3328,3.9961681,megakaryocyte-erythroid progenitor cell
1883,16.354673,10.658505,2,9846.0,2912,2.48832,hematopoietic multipotent progenitor cell
1884,11.829755,4.7670007,0,7421.0,2472,1.6170326,common lymphoid progenitor
1885,15.389851,9.876346,2,4852.0,1651,6.2242374,hematopoietic multipotent progenitor cell
1886,11.428384,3.4645944,0,10515.0,3165,2.767475,lymphoid lineage restricted progenitor cell
1887,3.4116275,10.647081,5,6722.0,2080,8.1672125,erythroid progenitor cell
1888,6.542032,10.080658,9,20899.0,4459,2.4020288,erythroid progenitor cell
1889,3.2394881,12.629937,1,24547.0,4009,2.7620482,erythroid progenitor cell
1890,6.492581,6.4489822,3,15107.0,2914,3.9054744,erythroid progenitor cell
1891,2.3696861,10.1251135,5,36003.0,5457,5.7411885,proerythroblast
1892,0.9204993,10.343022,5,36552.0,5452,3.0148828,proerythroblast
1893,8.179666,1.1565577,8,5802.0,2021,2.499138,precursor B cell
1894,7.176504,6.4187875,3,13486.0,3088,4.5602846,megakaryocyte-erythroid progenitor cell
1895,14.014998,4.833508,0,9220.0,2578,1.8763556,hematopoietic multipotent progenitor cell
1897,14.390231,9.87812,2,12493.0,2626,2.3213,hematopoietic multipotent progenitor cell
1898,16.282578,8.462614,2,14599.0,3698,3.013905,hematopoietic multipotent progenitor cell
1899,8.209402,11.2079935,6,14279.0,3295,0.5392535,megakaryocyte-erythroid progenitor cell
1900,13.270889,4.739079,0,16988.0,3335,2.584177,hematopoietic multipotent progenitor cell
1901,12.009533,5.2236967,0,12772.0,3284,1.3388662,hematopoietic multipotent progenitor cell
1902,13.751977,9.518192,2,13436.0,3290,3.349211,lymphoid lineage restricted progenitor cell
1903,15.80504,5.1336184,10,22561.0,4687,2.4112408,common dendritic progenitor
1904,13.479799,3.1385896,0,11299.0,3030,1.9382246,hematopoietic multipotent progenitor cell
1905,2.5563302,11.493454,5,16416.0,3142,4.678363,erythroid progenitor cell
1906,14.610045,9.642379,2,6438.0,1744,1.9571295,hematopoietic multipotent progenitor cell
1907,8.07596,3.4153695,8,7111.0,2207,2.8969202,lymphoid lineage restricted progenitor cell
1908,2.2098877,12.486,1,18425.0,3070,2.9687924,erythroid progenitor cell
1910,11.9302845,6.9707026,10,33471.0,5389,3.5373907,myeloid lineage restricted progenitor cell
1911,15.491141,11.181934,2,5258.0,2065,2.776721,hematopoietic multipotent progenitor cell
1912,10.523962,8.79491,17,22337.0,4632,2.6010654,erythroid progenitor cell
1913,7.7204523,13.486485,14,20890.0,3651,2.6950696,granulocyte
1914,9.616729,-0.19460525,12,5583.0,1442,4.674906,precursor B cell
1915,2.7833138,12.764208,1,26060.0,4360,2.9163468,erythroid progenitor cell
1916,7.335298,11.127331,9,20007.0,4125,2.654071,erythroid progenitor cell
1917,13.728748,3.8944273,0,6810.0,1979,4.4052863,hematopoietic multipotent progenitor cell
1918,3.8013778,13.789813,1,31317.0,4693,2.3214228,erythroid progenitor cell
1919,4.590522,11.067695,9,35786.0,4384,2.1516795,proerythroblast
1921,11.787227,10.582209,11,25131.0,4658,2.1368032,megakaryocyte-erythroid progenitor cell
1923,8.7313175,11.470606,6,14858.0,3822,5.3708444,megakaryocyte-erythroid progenitor cell
1925,4.90253,7.8420625,3,14322.0,3179,7.086999,erythroid progenitor cell
1926,8.256877,10.119088,6,42342.0,6453,2.7915545,megakaryocyte-erythroid progenitor cell
1927,16.43146,10.268836,2,13123.0,3303,1.8136097,hematopoietic multipotent progenitor cell
1930,2.7313802,9.4512005,7,34152.0,4397,3.528344,erythroid progenitor cell
1932,-2.3025405,8.381668,4,19689.0,3329,4.6878967,erythroblast
1933,15.542499,7.8842497,2,12120.0,2862,4.034653,hematopoietic multipotent progenitor cell
1934,6.0800686,11.266048,9,24501.0,4407,3.408024,erythroid progenitor cell
1935,5.1746073,9.500225,7,34766.0,5428,3.2100327,erythroid progenitor cell
1936,12.648085,7.1235404,10,24390.0,4612,4.2394423,myeloid lineage restricted progenitor cell
1937,16.052769,5.925978,8,7151.0,2275,5.5796394,common lymphoid progenitor
1938,16.39626,9.839466,2,7506.0,2457,3.1707969,hematopoietic multipotent progenitor cell
1939,3.603106,10.223765,7,33096.0,4784,4.7196035,erythroid progenitor cell
1940,9.017194,10.393278,6,9716.0,3137,1.2350762,megakaryocyte-erythroid progenitor cell
1941,11.14921,7.669079,13,30808.0,5734,1.4801351,lymphoid lineage restricted progenitor cell
1942,18.029821,4.0958133,15,6308.0,2054,3.852251,common dendritic progenitor
1943,11.767514,3.9910727,0,12519.0,3250,2.1886733,hematopoietic multipotent progenitor cell
1944,3.924449,11.812856,1,21824.0,3491,2.918805,erythroid progenitor cell
1945,8.222115,10.146485,6,33040.0,5803,4.219128,erythroid progenitor cell
1946,4.641393,13.226169,1,16236.0,3624,5.2475977,hematopoietic multipotent progenitor cell
1947,3.8759692,12.696631,1,15087.0,3046,3.4267914,erythroid progenitor cell
1948,14.147034,2.780913,0,5820.0,1822,0.80756015,hematopoietic multipotent progenitor cell
1950,9.504821,3.9254966,8,7024.0,1815,2.1355352,pro-B cell
1951,5.0997615,6.4607344,3,18104.0,3268,3.9107378,erythroid progenitor cell
1952,2.261425,14.152743,1,17560.0,2927,0.666287,erythroid progenitor cell
1953,3.6151779,11.543646,5,28593.0,4364,6.3477077,erythroid progenitor cell
1954,1.022886,13.103957,1,8210.0,1995,0.085261874,erythroid progenitor cell
1955,2.3791358,11.135187,5,31488.0,4667,3.9030743,erythroid progenitor cell
1956,15.243132,6.421229,0,9807.0,2241,1.8660141,hematopoietic multipotent progenitor cell
1957,2.057315,12.483021,1,18025.0,3454,3.7669904,erythroid progenitor cell
1958,18.070139,3.6486738,15,18293.0,4133,2.0390313,common dendritic progenitor
1959,-3.5551996,3.277398,16,552.0,203,3.6231883,erythroid progenitor cell
1960,8.376973,8.252726,3,17959.0,4436,5.339941,erythroid progenitor cell
1961,4.7030363,8.944878,7,23914.0,4430,8.589111,erythroid progenitor cell
1962,14.974409,9.555069,2,12439.0,3107,2.2188277,hematopoietic multipotent progenitor cell
1963,6.842451,13.008207,9,15943.0,3510,5.086872,granulocyte
1964,11.856786,9.614642,11,14790.0,3516,2.1568627,erythroid progenitor cell
1965,2.1978576,13.279407,1,23925.0,3500,0.61442006,erythroid progenitor cell
1966,10.312434,6.3842793,13,3929.0,1868,2.4179182,lymphoid lineage restricted progenitor cell
1967,5.155047,11.730426,1,30935.0,5411,7.211896,erythroid progenitor cell
1968,9.047251,4.624731,8,10872.0,2679,1.3612951,lymphoid lineage restricted progenitor cell
1969,6.607089,9.472866,3,33909.0,5405,3.2941108,granulocyte
1970,3.3734982,14.554008,1,25475.0,4484,2.315996,erythroid progenitor cell
1972,15.226224,6.831038,2,4527.0,1364,0.7068699,hematopoietic multipotent progenitor cell
1973,4.9367757,7.6735015,3,34706.0,5161,3.8667665,erythroid progenitor cell
1974,5.7595134,7.3677363,3,40189.0,5981,5.0337157,proerythroblast
1975,10.233181,9.693335,11,28976.0,5072,3.4580343,megakaryocyte-erythroid progenitor cell
1976,7.959934,11.02417,6,19401.0,4219,2.968919,megakaryocyte-erythroid progenitor cell
1977,6.012467,10.912554,9,22779.0,4541,4.8772993,erythroid progenitor cell
1978,14.4961605,2.908829,0,10943.0,2568,0.7036461,hematopoietic multipotent progenitor cell
1979,7.837798,10.933848,6,15446.0,3707,2.1817946,megakaryocyte-erythroid progenitor cell
1981,18.45836,3.6979666,15,7177.0,2570,5.5454926,common dendritic progenitor
1982,8.093262,11.427345,6,14353.0,3436,3.2188394,megakaryocyte-erythroid progenitor cell
1983,8.158864,2.7773407,8,1174.0,711,9.454855,pro-B cell
1984,11.9448185,8.695334,10,8514.0,2162,4.451492,myeloid lineage restricted progenitor cell
1985,1.4295871,12.350397,1,21067.0,3534,3.04742,erythroid progenitor cell
1986,16.7131,9.1342745,2,12682.0,3541,2.7125058,hematopoietic multipotent progenitor cell
1987,6.7462196,6.685341,3,25497.0,4492,2.5375533,erythroid progenitor cell
1988,10.942104,4.8259187,6,11924.0,3030,3.1533043,megakaryocyte-erythroid progenitor cell
1989,9.556659,10.352004,6,25570.0,4789,4.3723116,megakaryocyte-erythroid progenitor cell
1991,17.512003,4.1473775,15,12782.0,3445,2.2531683,common dendritic progenitor
1992,7.0661635,8.389151,3,15616.0,3392,6.4805326,granulocyte
1993,16.073437,10.860084,2,9396.0,2697,3.1396341,hematopoietic multipotent progenitor cell
1994,9.214,9.026263,6,12538.0,3059,3.660871,megakaryocyte-erythroid progenitor cell
1995,-0.8737267,9.947647,4,21662.0,3213,3.092974,proerythroblast
1996,8.122592,11.895166,6,13014.0,3208,2.0362687,megakaryocyte-erythroid progenitor cell
1997,12.338655,3.846543,0,11826.0,2826,2.3253846,hematopoietic multipotent progenitor cell
1998,7.945494,6.88062,3,13439.0,2675,4.449736,erythroid progenitor cell
1999,8.260771,9.26754,6,20636.0,4259,4.1432447,erythroid progenitor cell
2000,3.13935,12.597193,1,22289.0,3924,3.100184,erythroid progenitor cell
2001,8.348455,3.374982,8,749.0,510,5.740988,lymphoid lineage restricted progenitor cell
2002,4.414185,11.734806,1,22157.0,4293,4.2379384,erythroid progenitor cell
2003,2.041859,12.538505,1,29974.0,4170,0.9107893,erythroid progenitor cell
2004,1.4742728,10.575445,5,35283.0,5017,3.724173,proerythroblast
2005,4.133147,10.733647,7,21716.0,3920,3.356972,erythroid progenitor cell
2006,9.770444,-0.7144784,12,6401.0,1870,4.6555223,precursor B cell
2007,13.3223295,5.8251987,0,14727.0,3032,2.098187,myeloid lineage restricted progenitor cell
2008,9.278117,8.436834,6,18509.0,3888,3.392944,megakaryocyte-erythroid progenitor cell
2009,3.2613187,9.500227,7,36644.0,4635,2.6143434,erythroid progenitor cell
2010,-0.69042265,8.117674,4,25427.0,4473,3.4097612,proerythroblast
2012,8.068006,11.301109,6,12268.0,3112,3.7251387,megakaryocyte-erythroid progenitor cell
2013,12.966074,2.8745,0,14853.0,3490,1.7976167,hematopoietic multipotent progenitor cell
2015,16.206087,8.549697,2,8644.0,2699,3.3780656,hematopoietic multipotent progenitor cell
2016,8.277823,11.188984,6,10758.0,2270,2.0356944,megakaryocyte-erythroid progenitor cell
2017,10.3667,6.248877,13,4052.0,1494,3.8005922,lymphoid lineage restricted progenitor cell
2018,10.062727,4.545296,8,9285.0,2740,2.1647818,myeloid lineage restricted progenitor cell
2019,-1.4399704,10.555096,4,30587.0,4060,1.7360317,proerythroblast
2020,-0.742028,8.872263,4,22574.0,3891,4.708957,proerythroblast
2021,3.4508023,11.169502,5,18796.0,3452,5.469249,erythroid progenitor cell
2022,12.855653,10.2115135,11,10628.0,2404,2.3805044,megakaryocyte-erythroid progenitor cell
2023,4.313364,10.337119,7,22572.0,3630,2.551834,erythroid progenitor cell
2024,15.475645,8.014605,2,5993.0,1728,3.4373436,hematopoietic multipotent progenitor cell
2025,-2.8301082,7.3222933,4,26534.0,3667,1.3228312,erythroblast
2026,7.036072,7.625326,3,11932.0,3114,7.634931,erythroid progenitor cell
2027,11.030766,5.0337186,6,11498.0,3082,3.426683,hematopoietic multipotent progenitor cell
2028,6.8951364,11.199467,1,16564.0,3630,4.177735,megakaryocyte-erythroid progenitor cell
2029,14.851768,4.657241,0,7538.0,2034,0.4908464,hematopoietic multipotent progenitor cell
2030,2.0962794,13.629599,1,25151.0,3904,1.7931693,erythroid progenitor cell
2031,7.966244,9.974471,6,33001.0,5473,2.8635497,erythroid progenitor cell
2033,16.33601,6.159066,2,9520.0,2882,3.7710085,common lymphoid progenitor
2034,6.649307,7.8688173,3,17584.0,3519,4.282302,granulocyte
2035,1.142649,11.713973,5,15647.0,2737,5.48987,erythroid progenitor cell
2036,9.771831,1.2278943,12,814.0,430,7.8624077,precursor B cell
2037,4.1449685,13.266278,1,23394.0,4095,1.487561,erythroid progenitor cell
2038,12.180699,2.2714424,0,6323.0,2214,4.0170803,hematopoietic multipotent progenitor cell
2039,6.25715,6.19182,3,17398.0,3078,4.10392,erythroid progenitor cell
2040,12.636263,3.1877532,0,9737.0,2691,2.382664,hematopoietic multipotent progenitor cell
2041,4.395662,9.703873,7,31748.0,4735,6.0854225,erythroid progenitor cell
2042,6.2096205,10.3905735,7,21568.0,3906,2.800445,erythroid progenitor cell
2043,5.7368245,9.908318,9,32272.0,5209,3.0583787,erythroid progenitor cell
2044,11.726813,3.0856087,0,2120.0,1208,6.5094337,lymphoid lineage restricted progenitor cell
2045,6.5665607,12.321418,9,20428.0,4378,3.9553552,erythroid progenitor cell
2046,6.036581,13.818438,1,14319.0,2981,1.8786228,granulocyte
2047,12.006407,5.421565,0,5772.0,2005,1.6458766,common lymphoid progenitor
2048,6.3829374,11.9255905,1,19093.0,4082,3.8129158,megakaryocyte-erythroid progenitor cell
2049,5.531634,12.289981,1,16632.0,3657,5.621693,erythroid progenitor cell
2051,4.245455,10.398595,7,32203.0,4753,3.1767228,erythroid progenitor cell
2052,15.163839,10.0482855,2,8267.0,2650,3.253901,hematopoietic multipotent progenitor cell
2053,10.166307,6.044067,13,11045.0,3278,2.6889994,lymphoid lineage restricted progenitor cell
2054,5.422714,11.687088,1,22595.0,4038,3.1511397,erythroid progenitor cell
2055,9.507667,-0.75893897,12,6106.0,1722,9.973797,precursor B cell
2056,4.916024,11.967017,1,19329.0,3751,3.843965,erythroid progenitor cell
2057,9.846676,8.982251,11,15324.0,3341,2.8452103,erythroid progenitor cell
2058,8.51735,7.2157464,3,8046.0,2025,6.761123,megakaryocyte-erythroid progenitor cell
2059,14.83279,6.1367974,0,7059.0,1783,2.436606,hematopoietic multipotent progenitor cell
2060,4.6994457,7.2555275,3,22873.0,3754,3.1871638,erythroid progenitor cell
2061,10.996761,6.3012094,13,20880.0,4382,2.7921457,hematopoietic multipotent progenitor cell
2062,6.2818007,11.348238,9,16526.0,3879,7.79378,erythroid progenitor cell
2063,7.280362,11.260733,1,16724.0,3148,1.5606314,megakaryocyte-erythroid progenitor cell
2064,6.0220714,6.013332,3,19822.0,3126,2.159217,erythroid progenitor cell
2065,8.47777,4.0774174,8,3158.0,1524,7.0614314,lymphoid lineage restricted progenitor cell
2066,5.69605,11.624254,1,7699.0,2182,4.429147,erythroid progenitor cell
2067,13.609573,4.2850943,0,8527.0,1917,1.6887535,hematopoietic multipotent progenitor cell
2068,14.296384,4.846684,0,6170.0,1618,2.4959483,hematopoietic multipotent progenitor cell
2069,4.615818,12.679529,1,5933.0,1644,7.213888,granulocyte
2070,9.887866,-0.90282035,12,6981.0,2131,6.317147,precursor B cell
2071,0.30804747,10.684249,4,20761.0,3988,2.4324455,proerythroblast
2072,7.0705924,9.332539,7,33316.0,5603,4.199184,lymphoid lineage restricted progenitor cell
2073,13.357773,9.263934,2,13703.0,3613,2.357148,lymphoid lineage restricted progenitor cell
2074,5.721422,6.237411,3,15988.0,3183,4.203152,erythroid progenitor cell
2075,1.1410311,10.621044,5,26037.0,4281,3.3068326,proerythroblast
2076,6.5297284,10.695379,9,14392.0,3727,5.9408007,erythroid progenitor cell
2077,13.490868,2.779478,0,7560.0,2251,3.5978835,hematopoietic multipotent progenitor cell
2078,12.861092,8.181306,10,13312.0,2877,2.5315504,myeloid lineage restricted progenitor cell
2079,13.181378,3.2407026,0,11243.0,2792,2.0546117,hematopoietic multipotent progenitor cell
2080,6.42771,6.986784,3,17001.0,3386,3.511558,erythroid progenitor cell
2081,6.0631776,6.515056,3,12448.0,2683,5.366324,erythroid progenitor cell
2083,6.3092966,5.957111,3,11193.0,2400,5.449835,erythroid progenitor cell
2084,10.593991,6.5095873,13,23563.0,4866,1.0482537,lymphoid lineage restricted progenitor cell
2085,14.907129,4.854762,0,10478.0,2231,0.9448368,hematopoietic multipotent progenitor cell
2086,6.862545,10.287586,9,20310.0,4133,1.8463811,erythroid progenitor cell
2087,4.351729,14.373373,1,18216.0,3939,2.3825207,erythroid progenitor cell
2088,0.067156985,10.908563,1,38144.0,4773,1.1666317,proerythroblast
2089,12.427112,2.6141467,0,11821.0,3155,1.0912782,hematopoietic multipotent progenitor cell
2090,4.2068906,14.234386,1,16215.0,3014,1.2519273,erythroid progenitor cell
2091,9.289038,14.140762,14,7264.0,2043,0.7709251,granulocyte
2092,-3.8556774,4.1198287,16,1626.0,356,1.0455104,erythroblast
2093,5.613321,12.198271,1,16036.0,3252,4.08456,erythroid progenitor cell
2094,5.766517,11.8302765,9,19183.0,3810,2.0278373,hematopoietic multipotent progenitor cell
2095,15.204231,8.139698,2,9393.0,2444,4.758863,hematopoietic multipotent progenitor cell
2096,4.8086786,13.004462,1,22025.0,3943,3.2099888,erythroid progenitor cell
2097,10.351043,11.237432,14,14101.0,3229,6.8434863,granulocyte
2098,10.683608,8.705837,17,11962.0,3011,3.2268853,hematopoietic multipotent progenitor cell
2099,2.386385,10.255763,5,24921.0,3974,4.6948357,erythroid progenitor cell
2100,11.793785,5.9490023,0,18340.0,3964,1.8811342,hematopoietic multipotent progenitor cell
2101,15.582854,11.10291,2,12198.0,3195,2.0659125,hematopoietic multipotent progenitor cell
2102,14.452425,6.838889,2,5324.0,1440,2.5356874,hematopoietic multipotent progenitor cell
2103,17.15255,4.453083,15,10670.0,2840,3.3270855,common dendritic progenitor
2104,5.750723,9.993519,7,26840.0,4319,1.9187781,erythroid progenitor cell
2105,4.0740895,11.318861,7,32290.0,4669,2.291731,erythroid progenitor cell
2106,5.0937657,11.020413,9,9660.0,2445,6.718426,erythroid progenitor cell
2107,15.667598,9.805084,2,10704.0,2813,2.3449178,hematopoietic multipotent progenitor cell
2108,12.5765085,8.610871,10,23154.0,4645,5.178371,myeloid lineage restricted progenitor cell
2109,4.869797,12.417816,1,22016.0,4226,5.5187135,erythroid progenitor cell
2110,4.9303637,6.756259,5,13736.0,2922,5.6275477,erythroid progenitor cell
2111,11.38682,4.8672123,0,19093.0,4426,0.9060913,hematopoietic multipotent progenitor cell
2112,-0.61401945,11.000128,4,22492.0,3237,0.69358,proerythroblast
2113,14.510885,9.6892605,2,23409.0,4694,2.5802042,hematopoietic multipotent progenitor cell
2114,12.36124,7.137778,10,17288.0,3697,3.9102268,myeloid lineage restricted progenitor cell
2115,7.708151,11.241432,6,17740.0,4075,3.697858,erythroid progenitor cell
2116,4.1059628,9.207162,7,29304.0,4604,3.6684413,erythroid progenitor cell
2117,6.920602,2.4052544,8,924.0,558,8.225108,pro-B cell
2118,15.360865,8.386759,2,17383.0,3827,3.6069725,hematopoietic multipotent progenitor cell
2119,3.3641472,11.384656,5,31371.0,4713,4.2682734,erythroid progenitor cell
2120,12.281408,9.029785,10,18489.0,3760,5.787225,myeloid lineage restricted progenitor cell
2121,16.171444,11.39355,2,10310.0,3032,2.7352085,hematopoietic multipotent progenitor cell
2122,8.758298,1.8289872,8,17870.0,3833,2.9155009,precursor B cell
2124,9.666167,5.274634,8,14673.0,3970,1.8128535,lymphoid lineage restricted progenitor cell
2125,12.413488,4.0752997,0,7082.0,1981,2.7252188,common lymphoid progenitor
2126,9.613137,4.251278,8,7823.0,2122,1.99412,common lymphoid progenitor
2127,3.8049672,12.346968,1,24817.0,4278,3.6144576,erythroid progenitor cell
2128,14.005239,4.438589,0,7948.0,2219,2.2143936,hematopoietic multipotent progenitor cell
2129,1.7936484,12.037561,5,15401.0,2892,3.4218557,erythroid progenitor cell
2130,4.6666775,10.736492,7,12657.0,3059,6.123094,erythroid progenitor cell
2131,10.071426,9.616331,11,23532.0,4461,3.0936596,erythroid progenitor cell
2132,0.49352422,9.793594,4,40903.0,5727,4.2466326,proerythroblast
2133,12.168979,6.0507135,0,660.0,377,6.363636,erythroid progenitor cell
2134,7.376964,7.9599423,3,20799.0,4242,7.4811287,erythroid progenitor cell
2135,5.704716,14.2508135,1,12957.0,3409,2.7012427,megakaryocyte-erythroid progenitor cell
2137,5.3697724,6.4416366,3,22692.0,4047,3.56954,erythroid progenitor cell
2138,6.724499,13.320476,1,20799.0,4435,5.149286,granulocyte
2139,2.6618037,12.470041,1,24949.0,3520,0.22044972,proerythroblast
2140,9.101336,8.543931,6,13709.0,3493,3.7566562,erythroid progenitor cell
2141,-0.0971566,9.5862875,4,28577.0,5003,1.6201841,erythroid progenitor cell
2142,12.693491,10.949472,11,7581.0,2251,3.2053816,megakaryocyte-erythroid progenitor cell
2143,6.702086,8.580768,3,39675.0,5864,4.224323,erythroid progenitor cell
2144,13.7834015,5.6411657,0,10441.0,2482,1.5036874,hematopoietic multipotent progenitor cell
2145,4.262515,10.141393,7,35043.0,5247,6.6090236,erythroid progenitor cell
2146,7.8333106,10.291955,6,14981.0,3489,3.5778654,megakaryocyte-erythroid progenitor cell
2147,4.457083,12.497254,1,18308.0,3552,9.378414,erythroid progenitor cell
2148,12.134728,5.06703,6,14900.0,3289,1.6644295,hematopoietic multipotent progenitor cell
2149,-2.516581,7.5258384,4,27249.0,4005,3.6698594,erythroblast
2150,4.6509,12.853468,1,21712.0,4756,2.5838246,erythroid progenitor cell
2151,2.5496774,11.436293,5,26118.0,4286,5.341144,erythroid progenitor cell
2152,13.573512,5.9960556,0,11131.0,2280,1.5272663,hematopoietic multipotent progenitor cell
2153,1.2716148,9.032545,5,35718.0,5488,7.878381,proerythroblast
2154,6.511323,7.0929065,3,23011.0,4367,3.4896355,erythroid progenitor cell
2155,12.841418,8.045984,10,17464.0,3009,0.6814017,myeloid lineage restricted progenitor cell
2156,0.45124802,8.138807,4,17053.0,3531,5.7467895,proerythroblast
2157,2.879293,8.127347,3,59915.0,6743,3.0626721,erythroid progenitor cell
2159,14.100739,7.837281,2,17711.0,3948,4.2177176,myeloid lineage restricted progenitor cell
2160,8.562982,11.523097,6,9962.0,2413,2.1180487,hematopoietic multipotent progenitor cell
2161,3.2238753,12.467011,1,27034.0,4630,3.4992971,hematopoietic multipotent progenitor cell
2162,13.8479395,8.019041,10,14406.0,3443,5.442177,myeloid lineage restricted progenitor cell
2163,3.8166661,13.329275,1,25407.0,4164,2.0742316,hematopoietic multipotent progenitor cell
2164,7.215323,2.8409443,8,2428.0,1235,1.8533772,pro-B cell
2165,14.673977,6.224887,0,9203.0,2004,2.6078453,hematopoietic multipotent progenitor cell
2166,16.409399,10.907675,2,11607.0,3145,2.98096,hematopoietic multipotent progenitor cell
2167,1.0555288,8.194591,4,26004.0,4779,6.2913394,proerythroblast
2168,3.9314222,12.94218,1,6479.0,1499,1.2193239,erythroid progenitor cell
2169,5.4182334,11.9866085,9,15249.0,3089,4.137976,erythroid progenitor cell
2170,7.835466,10.700035,9,21223.0,4726,1.5266457,erythroid progenitor cell
2171,-1.6697043,9.752362,4,24079.0,3684,2.0681922,erythroblast
2172,4.2581744,8.702261,7,13796.0,3380,9.147579,erythroid progenitor cell
2173,-0.3563052,9.576222,4,34667.0,5011,3.1788156,proerythroblast
2174,6.7327766,10.289641,8,39100.0,6111,0.9386189,erythroid progenitor cell
2175,3.885492,12.065168,1,11982.0,2894,2.7457855,erythroid progenitor cell
2176,8.54025,10.122921,6,26129.0,5059,4.676796,megakaryocyte-erythroid progenitor cell
2177,14.752444,5.4851055,0,10559.0,1862,1.3258832,hematopoietic multipotent progenitor cell
2178,14.546353,8.438841,2,7559.0,1903,2.8310623,hematopoietic multipotent progenitor cell
2179,11.850639,10.873982,11,10316.0,2597,2.6754556,megakaryocyte-erythroid progenitor cell
2180,3.2694225,11.201187,7,45572.0,5318,1.224436,erythroid progenitor cell
2181,16.425234,6.311392,2,14231.0,3687,4.061556,common lymphoid progenitor
2183,4.9048033,7.861318,3,20432.0,3741,8.060885,erythroid progenitor cell
2184,1.9529415,11.010163,5,43447.0,5501,3.8046355,proerythroblast
2185,2.5218906,11.447951,5,24467.0,4183,4.119835,erythroid progenitor cell
2186,15.313435,10.524018,2,8586.0,2394,1.8518518,hematopoietic multipotent progenitor cell
2187,10.855784,10.076319,11,17100.0,4036,5.491228,megakaryocyte-erythroid progenitor cell
2188,4.1683555,11.313863,7,24672.0,3807,1.8441958,erythroid progenitor cell
2189,13.6485,5.379216,0,12406.0,3051,1.007577,hematopoietic multipotent progenitor cell
2190,0.1500494,11.234481,5,36322.0,4772,3.0532458,proerythroblast
2191,8.769149,14.019881,14,19637.0,4415,4.6239243,granulocyte
2192,-0.13202593,10.387052,4,22974.0,3691,4.8663707,erythroid progenitor cell
2193,6.936512,8.02038,3,18501.0,3910,5.594292,erythroid progenitor cell
2194,5.2577257,9.969486,7,30377.0,4636,2.0541859,erythroid progenitor cell
2195,5.9220777,5.9645476,3,12662.0,2445,3.9962091,erythroid progenitor cell
2196,3.723387,11.263056,5,17186.0,3050,7.8901434,erythroid progenitor cell
2197,-1.0842277,8.404142,4,30702.0,4102,3.0323756,proerythroblast
2198,-1.2429469,8.687718,4,24416.0,4281,5.4226737,proerythroblast
2199,8.161364,0.78657573,8,4993.0,2049,1.4820749,precursor B cell
2200,5.298617,12.429483,1,26993.0,4908,4.18627,erythroid progenitor cell
2201,13.438862,4.4834514,0,8109.0,2376,1.9607844,hematopoietic multipotent progenitor cell
2202,5.526632,11.937752,1,16482.0,3558,5.5454435,erythroid progenitor cell
2203,6.2327,9.483524,7,46361.0,6485,2.7134876,erythroid progenitor cell
2204,11.48795,6.39404,10,16621.0,4102,1.9553578,lymphoid lineage restricted progenitor cell
2205,10.016538,12.434486,14,28940.0,5223,3.2895646,granulocyte
2206,7.573314,7.4248557,3,14309.0,3275,4.7941856,erythroid progenitor cell
2207,11.359618,6.5326066,13,14091.0,3244,3.087077,lymphoid lineage restricted progenitor cell
2208,12.529892,9.747883,11,24442.0,4576,4.205875,myeloid lineage restricted progenitor cell
2209,5.4245706,10.036081,7,27067.0,4705,8.220342,erythroid progenitor cell
2210,0.98380375,10.062804,5,13359.0,2929,6.647204,proerythroblast
2211,5.994551,6.7645116,3,18165.0,3633,5.2793837,erythroid progenitor cell
2212,14.081478,2.6769407,0,10760.0,2750,0.65055764,hematopoietic multipotent progenitor cell
2213,6.0803537,8.677502,3,32127.0,5218,4.961559,erythroid progenitor cell
2214,3.7240624,7.8394794,3,59100.0,7293,3.4822333,erythroid progenitor cell
2215,2.7590048,12.753755,1,16246.0,3535,1.9635603,proerythroblast
2216,2.765946,14.32371,1,20941.0,4314,1.547204,erythroid progenitor cell
2217,-2.8905742,3.8998723,16,507.0,212,9.664694,erythroid progenitor cell
2218,14.815459,10.199524,2,16122.0,3345,1.5816895,hematopoietic multipotent progenitor cell
2219,-0.7030486,9.387071,4,17892.0,3394,4.460094,erythroid progenitor cell
2220,5.5090795,12.133366,1,20356.0,4088,3.2029867,erythroid progenitor cell
2221,0.9466372,10.944123,5,22659.0,3728,6.3903966,erythroid progenitor cell
2222,12.156257,5.80122,0,11530.0,2931,2.2202947,myeloid lineage restricted progenitor cell
2223,4.6220174,7.351025,3,27279.0,4173,3.0133069,erythroid progenitor cell
2224,10.60676,9.645189,11,15695.0,3342,6.6008286,megakaryocyte-erythroid progenitor cell
2225,8.209922,11.412558,6,15505.0,3636,4.153499,megakaryocyte-erythroid progenitor cell
2226,6.3820944,8.372415,3,25934.0,4702,4.6541224,erythroid progenitor cell
2227,5.652486,11.871583,1,24552.0,4538,2.9488432,erythroid progenitor cell
2228,13.0924,9.58898,2,8756.0,2623,1.9186844,hematopoietic multipotent progenitor cell
2229,8.1029,2.7529137,8,954.0,496,7.7568135,pro-B cell
2230,1.891322,12.615366,5,27131.0,4224,2.9154842,erythroid progenitor cell
2231,13.147896,8.532561,10,14447.0,3188,5.3575134,myeloid lineage restricted progenitor cell
2232,12.300793,6.2164493,0,6209.0,1718,3.44661,myeloid lineage restricted progenitor cell
2233,13.808979,5.0045743,0,9718.0,2277,0.6997324,hematopoietic multipotent progenitor cell
2234,8.7861595,12.668307,14,30146.0,5124,2.3187156,granulocyte
2235,13.735041,6.218793,0,10936.0,2430,0.90526694,erythroid progenitor cell
2236,9.7468195,9.832804,6,9671.0,2473,3.608727,megakaryocyte-erythroid progenitor cell
2238,14.09211,2.882345,0,7343.0,2046,1.620591,hematopoietic multipotent progenitor cell
2241,11.574939,10.419903,11,16586.0,3801,2.5382853,myeloid lineage restricted progenitor cell
2242,6.0633264,7.600473,3,25087.0,4517,6.5492086,erythroid progenitor cell
2243,-0.80576193,7.904539,4,25148.0,3972,1.419596,erythroblast
2244,6.0236726,12.156273,9,17379.0,3462,3.970309,erythroid progenitor cell
2245,9.072775,-0.56022364,12,1069.0,564,7.7642655,precursor B cell
2246,-3.41806,3.2327595,16,1007.0,240,2.3833168,erythroid progenitor cell
2247,11.406815,3.4220262,0,10948.0,3333,2.3748631,lymphoid lineage restricted progenitor cell
2248,2.1111124,11.523667,5,45255.0,5581,3.8979118,erythroid progenitor cell
2249,3.0501747,11.061012,5,15589.0,3612,9.615754,erythroid progenitor cell
2250,13.176481,3.3161702,0,14374.0,3610,4.431613,hematopoietic multipotent progenitor cell
2251,6.0532246,6.444664,3,22818.0,4160,2.533088,erythroid progenitor cell
2252,10.00519,-0.57615644,12,13063.0,3117,1.1482815,precursor B cell
2253,8.407754,9.978216,6,13331.0,3575,2.6854699,megakaryocyte-erythroid progenitor cell
2254,16.219826,11.299016,2,7190.0,2489,1.3908205,hematopoietic multipotent progenitor cell
2255,10.821494,5.6585307,13,19704.0,4125,2.5324807,hematopoietic multipotent progenitor cell
2256,3.4333029,8.165966,3,32569.0,5109,8.772145,erythroid progenitor cell
2257,14.090439,2.989666,0,10058.0,2491,1.9188706,hematopoietic multipotent progenitor cell
2258,15.012089,4.770713,0,10429.0,2301,1.3903538,hematopoietic multipotent progenitor cell
2259,13.362689,4.91492,0,11673.0,2820,1.9874924,hematopoietic multipotent progenitor cell
2260,4.5937123,12.358022,1,30225.0,4847,5.078577,erythroid progenitor cell
2261,5.7158413,10.998127,9,24059.0,4146,3.4332268,erythroid progenitor cell
2262,9.735243,-0.43024665,12,2269.0,927,8.550022,precursor B cell
2263,8.798075,10.363589,6,24385.0,4771,4.441255,megakaryocyte-erythroid progenitor cell
2264,13.460237,2.9702222,0,12374.0,2975,2.068854,hematopoietic multipotent progenitor cell
2265,4.298694,10.276044,7,44158.0,5972,3.7343178,erythroid progenitor cell
2266,-3.185219,3.4473603,16,550.0,238,4.3636365,erythroid progenitor cell
2267,12.96087,4.9995546,0,4225.0,1705,4.2840233,hematopoietic multipotent progenitor cell
2268,15.02475,8.176798,2,9352.0,2236,2.13858,hematopoietic multipotent progenitor cell
2269,2.9693456,9.0686655,7,29810.0,4763,5.132506,erythroid progenitor cell
2270,12.057073,10.984424,11,10651.0,2714,3.126467,megakaryocyte-erythroid progenitor cell
2271,10.149478,12.119832,14,17419.0,3791,4.322866,granulocyte
2272,16.682688,9.506117,2,12918.0,3314,6.417402,hematopoietic multipotent progenitor cell
2273,5.582305,10.334676,9,22582.0,4120,1.6916128,erythroid progenitor cell
2274,6.9339833,9.792748,8,14763.0,3479,4.538373,pro-B cell
2275,4.479627,13.108287,1,25926.0,4642,3.0818484,erythroid progenitor cell
2276,15.469239,9.626215,2,6044.0,1819,4.0205164,hematopoietic multipotent progenitor cell
2277,0.46012676,10.57546,5,12128.0,2594,6.9920845,proerythroblast
2278,7.6058536,8.615585,3,32470.0,5791,3.9328613,erythroid progenitor cell
2279,5.199166,13.447238,1,28469.0,4522,1.3488356,erythroid progenitor cell
2280,18.448252,3.712932,15,16532.0,4361,1.639245,common dendritic progenitor
2281,9.101618,10.884974,6,16632.0,3858,3.8961039,megakaryocyte-erythroid progenitor cell
2282,9.718957,10.900146,6,17837.0,3968,5.50541,megakaryocyte-erythroid progenitor cell
2283,10.653668,6.8153667,13,27691.0,5339,3.9182405,lymphoid lineage restricted progenitor cell
2284,1.8993489,12.54802,1,26388.0,3921,1.1444596,erythroid progenitor cell
2285,14.299723,7.7968574,2,14771.0,3581,3.967233,myeloid lineage restricted progenitor cell
2286,6.682489,2.5183794,8,2855.0,1229,1.4711033,pro-B cell
2287,10.97912,7.15807,13,10637.0,2792,1.729811,hematopoietic multipotent progenitor cell
2289,15.756806,9.693526,2,12175.0,2938,1.9383984,hematopoietic multipotent progenitor cell
2290,10.615658,9.974972,11,11679.0,3159,4.5294976,megakaryocyte-erythroid progenitor cell
2291,4.9688396,12.085372,1,50109.0,6482,3.3008044,erythroid progenitor cell
2292,3.4023976,14.396702,1,26818.0,4833,0.88373476,hematopoietic multipotent progenitor cell
2293,8.996265,14.265255,14,7633.0,2045,1.9520502,granulocyte
2294,4.088731,7.8145814,3,52715.0,6971,3.7200038,erythroid progenitor cell
2295,12.44045,5.909755,0,14305.0,3801,2.1391122,megakaryocyte-erythroid progenitor cell
2296,6.333222,2.683007,8,2744.0,1274,1.1661808,pro-B cell
2297,-3.1489534,4.6258507,16,2957.0,628,0.81163335,erythroblast
2298,4.9630537,11.644634,1,29074.0,4975,3.4704547,erythroid progenitor cell
2299,12.419093,10.521041,11,15757.0,3688,2.2910454,hematopoietic multipotent progenitor cell
2300,13.069665,4.5916247,0,11515.0,2784,2.2839773,hematopoietic multipotent progenitor cell
2301,17.998442,3.8795688,15,5193.0,1612,4.756403,common dendritic progenitor
2302,13.145476,4.3771815,0,11656.0,3074,1.2868909,hematopoietic multipotent progenitor cell
2303,11.137626,10.19741,11,10464.0,2815,3.7079508,megakaryocyte-erythroid progenitor cell
2304,5.3578143,7.2875886,3,21023.0,4011,3.867193,hematopoietic multipotent progenitor cell
2305,5.6355553,7.1108527,3,26465.0,4381,3.9486115,erythroid progenitor cell
2306,12.987913,3.4470448,0,7567.0,2082,0.59468746,hematopoietic multipotent progenitor cell
2307,8.654872,8.19087,3,6861.0,1948,3.483457,myeloid lineage restricted progenitor cell
2308,6.281007,10.529954,7,15289.0,3396,3.5777357,erythroid progenitor cell
2309,9.222559,4.7748604,8,13626.0,3589,4.9977984,lymphoid lineage restricted progenitor cell
2310,3.882522,12.813357,1,26764.0,4406,3.7961442,erythroid progenitor cell
2311,6.7759256,10.93458,9,7644.0,2593,5.9262166,erythroid progenitor cell
2312,13.534634,6.3924847,0,12062.0,2468,1.8239098,erythroid progenitor cell
2313,-3.553373,3.762499,16,1276.0,308,2.2727273,erythroblast
2314,7.6725516,7.37314,3,24592.0,4787,3.326285,erythroid progenitor cell
2315,13.08818,4.3255253,0,14627.0,3525,1.3468244,hematopoietic multipotent progenitor cell
2316,9.604843,11.066002,6,23509.0,4694,3.117955,megakaryocyte-erythroid progenitor cell
2317,15.745068,8.034689,2,12383.0,3155,4.167003,myeloid lineage restricted progenitor cell
2318,15.468653,8.034143,2,10832.0,2809,4.6528807,myeloid lineage restricted progenitor cell
2319,6.2347803,12.197758,1,13418.0,3241,3.6667163,megakaryocyte-erythroid progenitor cell
2320,16.302479,7.0546722,2,6462.0,1984,2.2748375,common lymphoid progenitor
2321,-0.4539155,9.330288,4,26442.0,4472,5.948869,erythroid progenitor cell
2322,6.8966193,8.585573,3,26803.0,4640,6.092602,erythroid progenitor cell
2323,13.773287,5.467607,0,5565.0,1774,3.1985626,hematopoietic multipotent progenitor cell
2324,2.2059608,11.031005,5,29811.0,4675,4.105867,erythroid progenitor cell
2325,11.817792,3.6277988,0,12169.0,3111,0.7806722,hematopoietic multipotent progenitor cell
2326,14.710965,8.374502,2,10755.0,2528,2.1199443,hematopoietic multipotent progenitor cell
2327,-1.7950772,8.632047,4,21025.0,3889,4.5755053,proerythroblast
2328,-0.55139226,9.012947,4,19726.0,3930,5.3634796,proerythroblast
2329,4.4393067,12.335151,1,15233.0,3067,6.866671,erythroid progenitor cell
2331,9.232794,11.242275,6,12287.0,3396,3.727517,megakaryocyte-erythroid progenitor cell
2332,1.606534,9.643606,5,30193.0,4522,5.1932564,proerythroblast
2333,6.571409,7.43192,3,25000.0,4528,2.184,erythroid progenitor cell
2334,15.482977,10.924611,2,8522.0,2441,4.4355783,hematopoietic multipotent progenitor cell
2335,3.7172978,14.464366,1,23074.0,3790,1.9025743,erythroid progenitor cell
2337,7.1844974,7.4009085,3,22615.0,4453,3.0820253,erythroid progenitor cell
2338,11.686984,4.627887,0,11675.0,3198,1.6017132,common lymphoid progenitor
2339,3.4029756,13.055978,1,32818.0,4907,2.5382411,erythroid progenitor cell
2340,11.561051,5.877155,13,14478.0,3667,3.8126812,hematopoietic multipotent progenitor cell
2341,1.3436601,10.430926,5,22308.0,4328,7.176798,proerythroblast
2342,2.085237,12.62965,1,24239.0,3757,2.805396,erythroid progenitor cell
2343,-0.92680854,7.87268,4,20646.0,3296,1.8066453,erythroblast
2345,10.101385,-0.5701634,12,7580.0,2088,4.313984,precursor B cell
2346,1.9885455,11.120093,5,34234.0,4967,2.1995676,erythroid progenitor cell
2347,2.0624733,13.238457,1,25131.0,4172,2.1487405,erythroid progenitor cell
2348,0.5362069,9.83678,4,44826.0,5341,3.0763397,proerythroblast
2349,-2.7717617,7.3990545,4,5996.0,1597,2.03469,erythroblast
2350,2.0770278,13.775907,1,26009.0,3711,1.4379638,erythroid progenitor cell
2351,0.1263314,8.892591,4,13632.0,2825,6.954225,proerythroblast
2352,2.8368225,9.479755,7,29312.0,4571,5.683679,erythroid progenitor cell
2353,5.106087,7.4232554,3,11537.0,2626,6.587501,erythroid progenitor cell
2354,6.709572,12.118746,9,21440.0,4123,3.1203358,erythroid progenitor cell
2355,11.923342,4.205675,0,7781.0,2133,1.1823673,common lymphoid progenitor
2356,15.808514,11.334264,2,14947.0,3964,2.7430253,hematopoietic multipotent progenitor cell
2357,5.2678623,14.005353,1,16633.0,3611,1.9479347,megakaryocyte-erythroid progenitor cell
2358,4.8325315,9.431845,7,26654.0,4228,3.8305695,erythroid progenitor cell
2359,2.334022,11.251242,5,27394.0,4571,3.7708986,erythroid progenitor cell
2360,0.21711428,11.199899,1,29644.0,4056,2.1083524,proerythroblast
2361,7.0816936,9.494426,7,26100.0,4964,4.8314176,erythroid progenitor cell
2362,0.98234624,12.981921,1,23946.0,3244,0.2129792,proerythroblast
2363,11.816122,5.385734,0,16009.0,3125,2.7859328,hematopoietic multipotent progenitor cell
2364,12.589349,5.3519316,0,10119.0,2613,5.7120266,myeloid lineage restricted progenitor cell
2366,5.820715,9.866539,9,31757.0,5250,3.8133323,erythroid progenitor cell
2367,17.764843,4.169734,15,2444.0,1272,7.3649755,common dendritic progenitor
2368,3.226643,12.718562,1,17588.0,3383,2.9167614,erythroid progenitor cell
2369,8.992289,3.7756999,8,18862.0,4613,2.088856,precursor B cell
2370,14.138016,7.665758,2,27935.0,4592,3.9377127,hematopoietic multipotent progenitor cell
2371,4.277925,13.24406,1,20698.0,4086,3.266016,erythroid progenitor cell
2372,10.797519,9.9489155,11,12882.0,3203,6.5595403,megakaryocyte-erythroid progenitor cell
2373,4.727619,7.705724,3,34666.0,5063,2.2183118,erythroid progenitor cell
2374,10.575728,9.654917,11,11631.0,3033,5.700284,lymphoid lineage restricted progenitor cell
2375,5.0562353,11.093822,1,33662.0,5582,4.3699126,erythroid progenitor cell
2376,-1.6834518,7.080734,4,37396.0,4924,2.4173708,erythroblast
2377,2.4507866,14.285601,1,15809.0,2949,1.473844,erythroid progenitor cell
2378,-3.0715466,6.6549582,4,14165.0,2557,5.0688314,erythroblast
2379,14.01836,7.8553486,10,20335.0,4340,2.139169,lymphoid lineage restricted progenitor cell
2380,2.5404446,11.861468,5,26567.0,4412,3.3199084,erythroid progenitor cell
2381,4.366386,8.928219,7,29928.0,4934,4.216787,erythroid progenitor cell
2382,14.570213,4.6781416,0,10125.0,2450,0.54320985,hematopoietic multipotent progenitor cell
2383,7.1572957,6.921645,3,19420.0,3829,2.53862,erythroid progenitor cell
2384,5.727613,7.9975905,3,33699.0,5201,3.338378,erythroid progenitor cell
2385,4.0991917,12.6385355,1,22029.0,3827,2.9733534,erythroid progenitor cell
2386,4.8228626,8.085862,3,36001.0,5508,3.274909,erythroid progenitor cell
2387,14.589924,3.67451,0,7808.0,1806,0.8580943,hematopoietic multipotent progenitor cell
2388,11.787821,4.890945,0,11921.0,3053,1.6189916,hematopoietic multipotent progenitor cell
2389,11.049173,6.605892,13,15118.0,3487,1.6933455,hematopoietic multipotent progenitor cell
2390,2.5958276,13.758018,1,20426.0,3759,1.9240184,erythroid progenitor cell
2391,-2.8156292,6.702197,4,4363.0,1398,9.053404,erythroblast
2392,6.073819,5.9807553,3,20364.0,3808,0.6776665,erythroid progenitor cell
2393,13.63369,6.0123324,0,14673.0,2986,0.53840387,myeloid lineage restricted progenitor cell
2394,8.711433,-0.897745,12,6476.0,1757,4.030266,precursor B cell
2396,13.537489,5.4948344,0,11439.0,2651,2.648833,hematopoietic multipotent progenitor cell
2398,4.4489975,12.177857,1,25370.0,4747,7.3630276,erythroid progenitor cell
2399,5.6219745,9.791669,9,49576.0,6194,4.5727773,erythroid progenitor cell
2400,5.055448,6.621997,3,24298.0,3952,3.0537493,erythroid progenitor cell
2401,16.075306,11.026233,2,11906.0,3137,2.7801108,hematopoietic multipotent progenitor cell
2402,3.5384886,12.854907,1,19065.0,3542,2.6645687,erythroid progenitor cell
2403,9.477569,9.827504,6,15771.0,3761,3.424006,megakaryocyte-erythroid progenitor cell
2404,-1.8116026,8.593946,4,16931.0,3630,4.258461,erythroblast
2405,12.684375,3.2546892,0,10041.0,3030,1.1751817,hematopoietic multipotent progenitor cell
2406,18.113113,3.6952596,15,12075.0,3667,1.921325,common dendritic progenitor
2407,15.134905,7.99143,2,9270.0,2367,6.2459545,hematopoietic multipotent progenitor cell
2408,8.9589205,11.328621,6,7258.0,2338,7.0129514,megakaryocyte-erythroid progenitor cell
2409,12.555541,3.73761,0,13031.0,3075,1.8571099,hematopoietic multipotent progenitor cell
2410,5.816952,7.2928705,3,29822.0,4744,7.152438,erythroid progenitor cell
2411,9.008669,8.5747,6,11349.0,2659,1.8591946,erythroid progenitor cell
2412,14.258863,10.279686,2,17566.0,4110,1.4061254,lymphoid lineage restricted progenitor cell
2413,7.1865478,13.500382,14,14495.0,3215,1.9730942,granulocyte
2414,6.9532213,12.851149,9,15055.0,3685,3.068748,granulocyte
2415,5.433266,12.431351,1,19618.0,3852,4.531553,megakaryocyte-erythroid progenitor cell
2416,12.539525,11.223258,11,8902.0,2394,2.6960232,hematopoietic multipotent progenitor cell
2417,14.841524,9.818943,2,10593.0,2455,1.878599,hematopoietic multipotent progenitor cell
2419,13.1446705,4.1872015,0,13777.0,3176,2.112216,hematopoietic multipotent progenitor cell
2420,12.34084,8.744885,10,10210.0,2407,5.4456415,myeloid lineage restricted progenitor cell
2421,13.1158285,5.689875,0,14832.0,3250,0.71467096,hematopoietic multipotent progenitor cell
2422,7.58743,9.351552,7,12750.0,3442,9.662745,lymphoid lineage restricted progenitor cell
2423,5.987194,6.0477786,3,13769.0,2535,4.9023166,erythroid progenitor cell
2424,6.5477686,11.043064,1,16535.0,3240,3.4532807,erythroid progenitor cell
2425,13.808181,4.1027675,0,8966.0,2097,1.3830025,hematopoietic multipotent progenitor cell
2426,1.5689279,12.431366,1,21393.0,3233,3.4170053,erythroid progenitor cell
2428,13.116992,6.0765185,0,5727.0,1867,1.4841976,hematopoietic multipotent progenitor cell
2429,3.1763902,11.13963,5,25089.0,4572,6.4689703,erythroid progenitor cell
2430,5.76244,11.717037,9,16410.0,3300,2.321755,erythroid progenitor cell
2431,-1.1424681,10.411276,4,17456.0,3066,2.3544912,proerythroblast
2432,12.2048645,8.62998,10,21430.0,3474,1.0825945,myeloid lineage restricted progenitor cell
2433,10.085916,12.509258,14,9911.0,2559,6.901423,granulocyte
2434,15.745848,9.623358,2,10315.0,2660,3.460979,hematopoietic multipotent progenitor cell
2435,9.628355,10.035948,6,17085.0,3902,4.887328,megakaryocyte-erythroid progenitor cell
2437,6.2931075,12.372156,9,8461.0,2279,6.606784,erythroid progenitor cell
2438,3.4049637,10.265717,7,29563.0,4588,9.494977,erythroid progenitor cell
2439,4.0083594,9.127505,7,30482.0,5035,3.7694376,erythroid progenitor cell
2440,5.706155,11.5198345,1,32058.0,5282,3.3626552,erythroid progenitor cell
2441,15.74904,10.178363,2,8968.0,2457,4.081177,hematopoietic multipotent progenitor cell
2442,12.573666,10.393585,11,10342.0,2619,3.9837554,hematopoietic multipotent progenitor cell
2443,5.469353,11.973412,9,30825.0,4772,1.5442011,erythroid progenitor cell
2444,10.889479,9.67172,11,11122.0,2584,2.0769646,megakaryocyte-erythroid progenitor cell
2445,12.567429,8.508179,10,12173.0,2884,4.3949723,myeloid lineage restricted progenitor cell
2446,16.292128,9.0813875,2,5178.0,1767,3.9011202,hematopoietic multipotent progenitor cell
2447,8.400145,-1.1432359,12,2135.0,968,1.6393442,precursor B cell
2448,16.338821,9.003746,2,10547.0,2816,4.219209,hematopoietic multipotent progenitor cell
2449,7.221679,2.740264,8,3388.0,1435,4.279811,pro-B cell
2450,4.3040776,13.508536,1,14754.0,3162,2.534906,erythroid progenitor cell
2451,1.5550296,10.064541,5,33688.0,5110,4.182498,proerythroblast
2452,5.866912,9.540247,7,41188.0,5813,4.3240747,erythroid progenitor cell
2453,11.668692,3.5585318,0,13196.0,3297,3.2509851,hematopoietic multipotent progenitor cell
2454,9.111993,10.661153,6,18480.0,4246,2.159091,megakaryocyte-erythroid progenitor cell
2455,9.213027,-0.28508514,12,3504.0,1188,2.3401828,precursor B cell
2456,3.5104904,12.653255,1,15455.0,3066,3.2610803,erythroid progenitor cell
2457,7.124575,9.895159,7,28771.0,5159,3.4583435,erythroid progenitor cell
2458,5.713652,13.076538,1,28827.0,4461,5.0334754,granulocyte
2459,12.3040285,4.255152,0,5474.0,1756,2.4113994,hematopoietic multipotent progenitor cell
2460,6.3524303,9.867458,7,26350.0,4815,2.4288425,erythroid progenitor cell
2461,16.19545,9.5521965,2,14752.0,3954,2.8199565,hematopoietic multipotent progenitor cell
2462,12.208584,4.789932,0,10592.0,2640,4.314577,hematopoietic multipotent progenitor cell
2463,7.364001,8.648135,3,27700.0,5355,4.0577617,granulocyte
2464,7.7963915,8.94824,3,20618.0,4422,9.666311,erythroid progenitor cell
2465,-2.8070505,8.080545,4,22186.0,3819,3.4751647,erythroblast
2466,13.044956,4.200239,0,12603.0,3459,1.6821392,hematopoietic multipotent progenitor cell
2467,4.056312,13.8977375,1,21672.0,4299,2.6116648,erythroid progenitor cell
2468,-3.3317597,3.3542438,16,611.0,219,7.5286417,erythroid progenitor cell
2469,10.614895,7.2062263,13,27219.0,5084,1.3997575,hematopoietic multipotent progenitor cell
2470,12.3435955,5.3108,0,15194.0,3642,6.101093,hematopoietic multipotent progenitor cell
2471,11.22011,6.279185,13,19554.0,4451,5.968088,lymphoid lineage restricted progenitor cell
2472,17.853645,3.888569,15,8602.0,2605,3.6038132,common dendritic progenitor
2473,12.574484,2.5918844,0,14924.0,3954,0.78397214,hematopoietic multipotent progenitor cell
2474,1.9859985,10.258678,5,24873.0,4157,4.4546294,erythroid progenitor cell
2475,11.927189,4.048593,0,8722.0,2255,1.0777345,common lymphoid progenitor
2476,6.5515003,11.857323,9,35698.0,5595,2.9469438,erythroid progenitor cell
2477,10.054636,-0.9905003,12,12142.0,2876,9.520672,precursor B cell
2478,-2.8469157,7.696806,4,20030.0,3068,3.2451324,erythroblast
2479,15.891688,10.8631115,2,11747.0,2869,3.762663,hematopoietic multipotent progenitor cell
2480,5.6218905,12.835,1,23476.0,4890,3.4375534,erythroid progenitor cell
2481,4.4351115,12.652219,1,17251.0,2899,6.393832,megakaryocyte-erythroid progenitor cell
2482,1.334847,8.397921,4,40221.0,5222,2.8517442,proerythroblast
2484,3.2509468,10.827021,5,25791.0,4503,5.32744,hematopoietic multipotent progenitor cell
2485,9.913347,7.1223087,13,16185.0,3867,1.6805685,megakaryocyte-erythroid progenitor cell
2486,8.835601,4.4140797,8,15856.0,3781,1.7469728,lymphoid lineage restricted progenitor cell
2487,7.96306,7.4577336,3,16437.0,3742,2.4152827,hematopoietic multipotent progenitor cell
2488,2.269029,11.705773,5,30407.0,4882,2.644128,hematopoietic multipotent progenitor cell
2489,6.1782565,11.583671,1,16423.0,3572,3.7691042,hematopoietic multipotent progenitor cell
2490,11.8303175,4.0876036,0,9076.0,2552,2.6773908,common lymphoid progenitor
2491,16.479183,10.850045,2,12626.0,3443,3.1759863,hematopoietic multipotent progenitor cell
2492,11.177362,7.6209908,13,21692.0,4637,0.83440894,lymphoid lineage restricted progenitor cell
2493,8.094179,13.710261,14,11698.0,2796,3.1629338,granulocyte
2494,-0.7479243,8.510004,4,31582.0,4135,3.574821,erythroblast
2495,11.351776,7.6876884,13,23813.0,5063,1.7973377,lymphoid lineage restricted progenitor cell
2496,4.2643723,9.731351,7,25506.0,4089,2.901278,erythroid progenitor cell
2497,7.7768145,2.6026173,8,2053.0,998,1.7048223,pro-B cell
2498,16.361576,7.952671,2,10762.0,3124,2.6760826,common lymphoid progenitor
2499,14.794749,6.093802,0,8082.0,1998,1.6703787,hematopoietic multipotent progenitor cell
2500,6.458712,11.962236,9,16068.0,3586,4.163555,hematopoietic multipotent progenitor cell
2501,7.822433,9.091944,6,818.0,559,8.312959,megakaryocyte-erythroid progenitor cell
2502,11.475301,10.444259,11,10193.0,2605,8.839399,megakaryocyte-erythroid progenitor cell
2504,13.897327,7.292857,10,13682.0,2748,1.4179214,myeloid lineage restricted progenitor cell
2505,7.914273,8.420816,3,24168.0,4924,4.121152,erythroid progenitor cell
2506,0.52328753,11.043117,5,11879.0,2667,5.589696,erythroid progenitor cell
2507,14.53641,8.690064,2,17978.0,3749,0.9122261,hematopoietic multipotent progenitor cell
2508,7.166772,10.755002,6,12805.0,3221,2.9910192,erythroid progenitor cell
2509,9.080471,4.5137854,8,16553.0,4176,3.3891137,lymphoid lineage restricted progenitor cell
2510,16.346962,7.2798696,2,9916.0,2778,3.6607504,common lymphoid progenitor
2511,-1.1402681,8.597643,4,35500.0,5127,5.828169,erythroid progenitor cell
2512,1.8656687,13.623868,1,28450.0,4800,0.11599296,proerythroblast
2513,-2.018994,6.9996033,4,32893.0,4320,4.6909676,erythroblast
2514,12.859455,3.3554351,0,16695.0,3699,1.5453728,hematopoietic multipotent progenitor cell
2515,0.14501543,10.255069,4,29865.0,4258,5.344048,proerythroblast
2516,8.430487,7.5588913,3,21483.0,4197,2.6392963,megakaryocyte-erythroid progenitor cell
2517,-0.75033236,9.282203,4,21764.0,3845,5.931814,proerythroblast
2518,8.914509,1.8969629,8,14337.0,3237,3.5642047,precursor B cell
2519,11.579282,10.172884,11,17902.0,3832,5.044129,erythroid progenitor cell
2520,8.776919,1.3862582,8,12022.0,3239,1.7384795,precursor B cell
2521,11.866789,3.093762,0,2488.0,1484,6.7122183,common lymphoid progenitor
2523,12.192238,2.8510954,0,11339.0,3167,2.0460358,hematopoietic multipotent progenitor cell
2524,14.764225,10.293339,2,16982.0,3915,2.3495464,lymphoid lineage restricted progenitor cell
2525,12.6549835,4.5973144,0,15162.0,3216,2.4271204,hematopoietic multipotent progenitor cell
2528,7.885174,11.777614,6,15121.0,3526,1.9310892,erythroid progenitor cell
2529,5.645495,10.884684,9,7687.0,2272,8.390789,erythroid progenitor cell
2530,12.831669,9.432489,2,11196.0,3186,3.1171846,lymphoid lineage restricted progenitor cell
2531,4.196091,11.902319,1,10336.0,2843,8.243034,erythroid progenitor cell
2532,6.9981093,6.179968,3,21203.0,3548,3.414611,erythroid progenitor cell
2533,7.382795,3.1044142,8,4740.0,2013,6.64557,pro-B cell
2534,7.033847,12.345905,6,16734.0,3848,4.3324966,megakaryocyte-erythroid progenitor cell
2535,15.649466,7.4206095,2,11990.0,2742,2.3686404,hematopoietic multipotent progenitor cell
2536,0.27805966,10.123862,4,17549.0,3204,3.4759815,proerythroblast
2537,15.912566,6.680211,2,10254.0,2947,2.1552565,hematopoietic multipotent progenitor cell
2538,4.367442,12.053182,1,31844.0,5155,5.134405,erythroid progenitor cell
2539,12.667017,2.8057117,0,7889.0,2301,1.140829,hematopoietic multipotent progenitor cell
2541,5.513543,9.6994,7,26423.0,4323,1.3548802,erythroid progenitor cell
2542,0.17379057,11.082344,5,19080.0,3152,5.639413,proerythroblast
2543,3.5592778,12.657861,1,25756.0,4100,1.735518,erythroid progenitor cell
2544,7.228977,7.977911,3,6999.0,2295,9.987142,erythroid progenitor cell
2545,9.63262,-0.7363845,12,5044.0,1421,8.386202,precursor B cell
2546,-1.164768,8.99307,4,43811.0,6077,4.4988704,erythroid progenitor cell
2547,2.535212,13.853885,1,19347.0,3598,1.5041091,erythroid progenitor cell
2548,14.457147,6.5856843,2,8121.0,2249,3.5094202,hematopoietic multipotent progenitor cell
2549,5.1506863,11.97991,1,19271.0,3254,5.3084946,erythroid progenitor cell
2550,3.4099467,9.880916,7,34902.0,5395,3.1230302,erythroid progenitor cell
2551,-0.76413023,7.5442863,4,25994.0,4019,3.9009001,erythroblast
2552,11.443244,4.4652014,0,12404.0,3405,2.942599,common lymphoid progenitor
2553,-2.890566,8.075144,4,18715.0,3376,3.1151483,erythroblast
2554,4.6406617,12.002478,9,10976.0,2111,1.9132653,erythroid progenitor cell
2555,18.40858,3.7596173,15,5319.0,1958,3.4404964,common dendritic progenitor
2556,7.398379,11.000348,6,13583.0,3350,2.915409,megakaryocyte-erythroid progenitor cell
2557,4.828324,9.080398,7,29694.0,5137,4.6608744,erythroid progenitor cell
2558,3.1900957,14.56611,1,26100.0,4469,1.9118775,proerythroblast
2559,15.226254,9.240726,2,9996.0,2606,3.1412563,hematopoietic multipotent progenitor cell
2560,4.9123087,14.501169,1,15806.0,3497,1.6639252,erythroid progenitor cell
2561,5.723007,13.144581,1,33069.0,5489,5.9330487,granulocyte
2562,4.7481008,12.439724,1,26325.0,5027,4.2355175,erythroid progenitor cell
2563,7.5780396,13.612361,14,15869.0,3439,3.554099,erythroid progenitor cell
2564,2.6968343,11.885703,5,24161.0,3941,3.6546502,erythroid progenitor cell
2565,11.684441,4.98044,0,21876.0,4782,1.8330591,hematopoietic multipotent progenitor cell
2566,11.519721,7.663587,13,14596.0,3954,1.7059468,lymphoid lineage restricted progenitor cell
2567,8.820722,10.231453,6,20569.0,4551,2.1634498,megakaryocyte-erythroid progenitor cell
2568,18.491083,3.760104,15,4107.0,1652,3.1166303,common dendritic progenitor
2569,7.4729137,7.669344,3,12194.0,3015,5.7241263,erythroid progenitor cell
2570,12.529048,5.1859775,0,17532.0,3963,2.732147,hematopoietic multipotent progenitor cell
2572,9.817771,3.6185749,8,2614.0,1230,8.492731,common lymphoid progenitor
2573,8.858892,8.13333,3,15266.0,3596,3.013232,megakaryocyte-erythroid progenitor cell
2574,12.742124,5.1504025,0,13595.0,3643,2.1699154,hematopoietic multipotent progenitor cell
2575,5.038812,7.946521,3,26302.0,4380,5.99194,erythroid progenitor cell
2576,13.85672,7.6167107,10,9426.0,2396,3.8192234,myeloid lineage restricted progenitor cell
2577,4.119341,9.685398,7,20236.0,3636,5.8559003,erythroid progenitor cell
2578,7.8753786,9.922975,6,14043.0,3239,3.546251,megakaryocyte-erythroid progenitor cell
2579,8.014285,6.9591584,3,13357.0,2757,4.207532,erythroid progenitor cell
2580,6.3749876,9.744883,7,19797.0,4180,4.1420417,erythroid progenitor cell
2581,2.4322047,10.645097,5,28445.0,4692,6.219019,proerythroblast
2582,3.3694131,10.792722,5,25459.0,4576,6.9955616,erythroid progenitor cell
2583,16.201792,11.346017,2,7013.0,2345,2.3527734,hematopoietic multipotent progenitor cell
2584,15.984875,5.9984474,8,3357.0,1471,3.098004,common lymphoid progenitor
2585,7.7352457,9.150285,7,29111.0,4761,1.7106936,lymphoid lineage restricted progenitor cell
2586,6.5885067,12.253322,9,20985.0,4078,4.641411,erythroid progenitor cell
2587,-3.6453927,6.315732,4,4388.0,1103,1.8687328,erythroblast
2588,0.7800165,11.066956,5,20082.0,3415,5.7016234,proerythroblast
2589,5.131946,12.566869,1,25008.0,4856,4.162668,erythroid progenitor cell
2590,8.339152,0.8425876,8,2399.0,1129,1.9174656,precursor B cell
2591,2.0666974,10.132817,5,32589.0,4695,2.5928996,erythroid progenitor cell
2592,0.4277822,11.684313,1,41204.0,4726,1.664887,proerythroblast
2594,6.6958213,13.380719,9,10261.0,2420,5.019004,granulocyte
2595,16.377443,11.29985,2,11043.0,3180,2.644209,hematopoietic multipotent progenitor cell
2596,3.1653004,13.056607,1,20598.0,3639,3.1847754,erythroid progenitor cell
2597,10.014669,13.402253,14,4313.0,1606,7.558544,granulocyte
2598,10.844944,6.0135393,13,15313.0,4100,2.390126,lymphoid lineage restricted progenitor cell
2600,6.31305,6.5720654,3,25657.0,4541,0.5495576,granulocyte
2601,12.352176,1.9478089,0,11506.0,3184,2.7898488,hematopoietic multipotent progenitor cell
2602,9.863737,-0.42659488,12,4163.0,1208,8.047082,precursor B cell
2603,11.443682,3.9058218,0,12188.0,3234,2.1906793,common lymphoid progenitor
2604,5.8168836,13.60416,1,19869.0,4325,3.5130103,erythroid progenitor cell
2605,13.495756,8.294457,10,17918.0,3801,3.9569147,myeloid lineage restricted progenitor cell
2606,10.109607,9.782656,17,14333.0,3859,4.64662,megakaryocyte-erythroid progenitor cell
2607,10.697303,9.331636,11,9840.0,2365,2.2764227,megakaryocyte-erythroid progenitor cell
2608,18.787354,3.5088844,15,2900.0,1250,4.448276,common dendritic progenitor
2609,8.259893,7.7135544,3,3753.0,1551,5.8353314,erythroid progenitor cell
2610,6.936971,12.624848,6,15818.0,3309,2.3138196,megakaryocyte-erythroid progenitor cell
2611,8.582863,-0.83033603,12,3109.0,1174,2.9591508,precursor B cell
2612,11.8841915,4.7186966,6,10956.0,2421,4.636729,megakaryocyte-erythroid progenitor cell
2613,8.855751,9.969822,6,27330.0,5259,3.9187708,megakaryocyte-erythroid progenitor cell
2614,1.3296192,10.121483,5,23613.0,4056,9.215262,proerythroblast
2615,1.8014996,11.221622,5,10806.0,2746,7.588377,proerythroblast
2616,-3.4822283,3.270256,16,1194.0,271,1.3400335,erythroid progenitor cell
2617,11.045857,10.229303,11,8076.0,2050,4.8662705,megakaryocyte-erythroid progenitor cell
2618,4.220393,11.35494,1,28085.0,5074,3.8668327,erythroid progenitor cell
2619,0.7849703,11.407998,1,28511.0,4161,2.1290028,proerythroblast
2620,6.1131873,6.5001554,3,13497.0,2765,5.6753354,erythroid progenitor cell
2621,14.619998,8.163587,2,7904.0,1835,2.4291499,hematopoietic multipotent progenitor cell
2622,8.488456,2.2863476,8,10887.0,3027,3.058694,precursor B cell
2623,14.904534,10.247925,2,10255.0,2331,2.0282788,hematopoietic multipotent progenitor cell
2624,2.9659078,12.463722,1,24986.0,4285,2.78556,erythroid progenitor cell
2625,8.893875,4.473027,8,5177.0,2083,4.693838,lymphoid lineage restricted progenitor cell
2626,7.7995834,3.5763116,8,9968.0,2878,2.2973516,lymphoid lineage restricted progenitor cell
2627,6.518957,12.476633,9,22098.0,4174,3.5704591,erythroid progenitor cell
2628,15.159996,7.109629,2,2235.0,832,7.7404923,hematopoietic multipotent progenitor cell
2629,1.5691712,12.24213,1,23990.0,3836,4.222593,erythroid progenitor cell
2630,15.038698,10.265437,2,7236.0,2045,2.5566611,hematopoietic multipotent progenitor cell
2631,3.7523146,11.1622715,5,5956.0,1825,9.838818,erythroid progenitor cell
2632,12.394134,7.9722633,13,9206.0,2793,3.0306323,lymphoid lineage restricted progenitor cell
2634,3.0293195,12.256237,1,23681.0,3767,4.9406695,erythroid progenitor cell
2635,5.6445546,7.548063,3,22110.0,3895,6.549073,erythroid progenitor cell
2636,5.714404,7.912304,3,29519.0,5015,4.597039,erythroid progenitor cell
2637,5.696388,10.99029,9,30293.0,4762,3.670815,erythroid progenitor cell
2638,13.4233,8.232515,10,17509.0,3982,5.625678,myeloid lineage restricted progenitor cell
2639,15.092804,8.39469,2,8640.0,2136,2.6620371,hematopoietic multipotent progenitor cell
2640,-0.13278699,10.38964,4,18372.0,3079,4.746353,proerythroblast
2641,3.9316366,8.15748,3,28268.0,4596,5.967879,erythroid progenitor cell
2642,2.1839888,9.831291,5,24318.0,3886,2.8908627,erythroid progenitor cell
2643,11.993203,5.4521914,0,17341.0,4038,2.577706,hematopoietic multipotent progenitor cell
2644,14.099735,4.612274,0,6811.0,1864,0.86624575,hematopoietic multipotent progenitor cell
2645,16.366325,5.0118766,10,14429.0,4008,0.90789384,common dendritic progenitor
2646,4.7337484,12.124781,1,18670.0,3551,3.8510983,erythroid progenitor cell
2647,14.568384,5.7321153,0,12192.0,2366,6.60269,hematopoietic multipotent progenitor cell
2648,4.1980567,10.842551,7,30654.0,4503,1.5006199,erythroid progenitor cell
2649,12.324982,7.982106,10,16265.0,3616,5.029204,myeloid lineage restricted progenitor cell
2650,3.700614,9.26014,7,35047.0,5040,4.656604,erythroid progenitor cell
2651,13.32284,3.4763675,0,8175.0,2232,0.97859323,hematopoietic multipotent progenitor cell
2652,13.989072,4.756182,0,10726.0,2715,2.330785,hematopoietic multipotent progenitor cell
2653,14.136625,8.343603,2,17741.0,4352,3.0607069,lymphoid lineage restricted progenitor cell
2654,7.7902946,13.494468,14,14957.0,3093,3.1089122,granulocyte
2655,3.1994913,8.050722,3,43441.0,5650,1.777123,erythroid progenitor cell
2656,5.616444,12.044169,9,4762.0,1408,7.748845,erythroid progenitor cell
2657,3.009419,13.951211,1,27045.0,4455,1.6121279,hematopoietic multipotent progenitor cell
2658,4.7994194,12.32117,1,15067.0,3299,5.61492,erythroid progenitor cell
2659,7.6658673,11.765426,9,19352.0,4677,1.5553948,megakaryocyte-erythroid progenitor cell
2661,4.269231,14.262585,1,13170.0,3080,1.4198936,megakaryocyte-erythroid progenitor cell
2662,4.9525294,10.111449,7,30408.0,4837,3.2787423,erythroid progenitor cell
2663,15.415789,6.70977,2,9986.0,2368,0.6408973,hematopoietic multipotent progenitor cell
2664,5.573248,11.324973,1,12629.0,2913,5.02811,megakaryocyte-erythroid progenitor cell
2665,14.62679,9.56486,2,7210.0,1827,2.0804439,hematopoietic multipotent progenitor cell
2666,-2.8761811,8.24964,4,17480.0,3031,3.3066363,erythroblast
2667,10.62471,6.8806815,13,14539.0,3215,2.7374647,lymphoid lineage restricted progenitor cell
2668,10.153641,5.4157968,8,18920.0,4098,1.3742071,common dendritic progenitor
2669,4.8215213,12.502374,1,27739.0,4959,4.253938,erythroid progenitor cell
2670,1.9584295,11.624791,5,27464.0,4536,2.989368,hematopoietic multipotent progenitor cell
2671,10.006193,4.16274,8,6920.0,1857,3.135838,hematopoietic multipotent progenitor cell
2672,1.6673965,9.00464,7,35845.0,4961,3.2556844,proerythroblast
2673,6.0109673,7.0632668,3,16451.0,3388,5.166859,erythroid progenitor cell
2674,3.357457,12.037728,1,19212.0,3619,4.361857,erythroid progenitor cell
2675,12.192358,7.3565598,10,15858.0,3311,3.1151469,myeloid lineage restricted progenitor cell
2676,8.3306265,9.293935,6,28726.0,5098,2.753603,erythroid progenitor cell
2677,13.395907,6.110181,0,10286.0,2303,1.9346684,hematopoietic multipotent progenitor cell
2678,-0.6792212,10.739381,1,3734.0,1329,0.18746653,proerythroblast
2679,2.4868832,13.982785,1,28372.0,4117,0.5181165,erythroid progenitor cell
2680,10.986286,10.380249,11,12906.0,3153,2.851387,megakaryocyte-erythroid progenitor cell
2681,9.374533,0.9407788,12,871.0,554,7.1182547,precursor B cell
2682,2.479753,10.422369,5,34166.0,5218,4.993268,hematopoietic multipotent progenitor cell
2683,4.9194055,13.389849,1,11777.0,2486,2.7086694,erythroid progenitor cell
2684,9.691616,11.233569,6,10971.0,2809,2.7527115,megakaryocyte-erythroid progenitor cell
2685,13.486007,3.1254473,0,10413.0,2730,2.122347,hematopoietic multipotent progenitor cell
2686,12.540229,5.320202,0,20640.0,3699,2.0300388,hematopoietic multipotent progenitor cell
2687,13.712788,3.5065815,0,12244.0,2793,2.2950015,hematopoietic multipotent progenitor cell
2688,4.673213,9.159914,7,39253.0,5581,4.2620945,erythroid progenitor cell
2689,12.637614,10.476397,11,17741.0,4296,3.5116396,megakaryocyte-erythroid progenitor cell
2690,4.708876,10.653783,7,23033.0,4470,8.036296,erythroid progenitor cell
2691,2.876486,14.314862,1,18592.0,3386,1.1725473,erythroid progenitor cell
2692,4.992916,12.050455,1,33463.0,5669,4.841168,erythroid progenitor cell
2693,2.8302395,10.7322235,5,20823.0,4123,7.169956,erythroid progenitor cell
2694,12.812272,6.4550176,10,16829.0,3515,1.4201676,common dendritic progenitor
2695,5.655576,10.832819,9,12044.0,3201,6.9827304,erythroid progenitor cell
2696,12.231006,2.500096,13,16582.0,4108,3.9802194,hematopoietic multipotent progenitor cell
2697,7.1802115,6.5069904,3,18154.0,3477,2.6715875,erythroid progenitor cell
2698,15.658319,8.312059,2,17432.0,4249,3.573887,hematopoietic multipotent progenitor cell
2699,12.273963,11.14434,11,9523.0,2423,3.633309,megakaryocyte-erythroid progenitor cell
2700,15.990955,7.7698894,2,10020.0,2913,4.92016,common lymphoid progenitor
2702,9.056014,8.021752,3,13587.0,3181,2.2815928,megakaryocyte-erythroid progenitor cell
2703,-3.1984959,4.602359,16,2470.0,466,1.0121458,erythroblast
2704,5.3626094,9.219238,7,20775.0,4132,6.1805053,erythroid progenitor cell
2705,7.4205413,8.725637,3,18641.0,3971,6.979239,erythroid progenitor cell
2706,12.593784,3.0649538,0,8061.0,2054,2.3198116,hematopoietic multipotent progenitor cell
2707,6.9334183,6.659939,3,23847.0,4185,1.8744496,erythroid progenitor cell
2708,8.325862,9.719477,6,11515.0,2656,5.7403383,erythroid progenitor cell
2709,11.051005,6.516673,13,18930.0,3885,2.2345483,lymphoid lineage restricted progenitor cell
2711,4.7707663,13.9298315,1,20398.0,3735,2.4806354,erythroid progenitor cell
2712,10.943398,9.716533,11,10366.0,2426,3.2896004,megakaryocyte-erythroid progenitor cell
2713,13.992058,8.459683,2,26894.0,5340,6.187254,erythroid progenitor cell
2714,9.403666,9.818167,6,18764.0,4538,3.8744404,megakaryocyte-erythroid progenitor cell
2715,7.7562675,10.280846,6,15530.0,3657,1.9575016,erythroid progenitor cell
2716,3.7705736,14.466442,1,35549.0,5518,5.8820224,erythroid progenitor cell
2717,14.967907,8.248771,2,9237.0,2808,1.699686,hematopoietic multipotent progenitor cell
2719,12.077296,7.408071,10,9162.0,2961,6.439642,myeloid lineage restricted progenitor cell
2720,9.072741,8.451597,6,14138.0,3411,3.0909605,megakaryocyte-erythroid progenitor cell
2721,13.88056,3.4463954,0,11477.0,2934,2.3699572,hematopoietic multipotent progenitor cell
2722,10.96196,7.3975143,13,15499.0,3873,1.0194206,lymphoid lineage restricted progenitor cell
2723,5.618114,6.1986213,3,20580.0,3618,2.356657,erythroid progenitor cell
2724,-3.4344018,4.77079,16,2175.0,524,1.2413794,erythroblast
2726,9.29473,-0.08255872,12,2568.0,1173,4.166667,precursor B cell
2727,6.1559615,10.978006,9,19975.0,4179,6.738423,erythroid progenitor cell
2728,9.578751,8.73665,6,13635.0,3425,3.4176753,erythroid progenitor cell
2729,5.168922,13.006283,1,29834.0,5390,3.5731044,erythroid progenitor cell
2730,5.8937964,12.014439,9,19958.0,4003,4.7850485,erythroid progenitor cell
2731,6.804386,8.010553,3,9713.0,2621,5.2403994,granulocyte
2732,9.118615,3.4811978,8,5698.0,1843,2.7904527,common lymphoid progenitor
2733,13.274903,10.961071,11,7236.0,2369,1.8656716,hematopoietic multipotent progenitor cell
2734,8.4293,11.212159,6,17105.0,3641,2.2683427,megakaryocyte-erythroid progenitor cell
2735,5.630117,11.124643,1,17440.0,3333,2.815367,erythroid progenitor cell
2736,11.598063,3.9783797,0,6863.0,2387,1.9524989,common lymphoid progenitor
2737,3.8294713,14.497083,1,25966.0,4508,1.9795116,erythroid progenitor cell
2738,11.67323,6.40217,10,16709.0,3951,2.5914178,myeloid lineage restricted progenitor cell
2739,12.363593,1.7893548,0,11280.0,3408,2.14539,hematopoietic multipotent progenitor cell
2740,18.157436,3.6826625,15,6476.0,2076,3.767758,common dendritic progenitor
2741,2.676978,14.216483,1,23072.0,3956,1.0055479,erythroid progenitor cell
2742,6.1628613,12.426761,9,12863.0,2991,4.2913785,erythroid progenitor cell
2744,7.6092625,11.976167,6,18236.0,4151,2.1605616,erythroid progenitor cell
2746,8.327439,8.509886,3,14559.0,3495,3.6815715,megakaryocyte-erythroid progenitor cell
2747,9.421494,10.570985,6,15773.0,4136,4.488683,megakaryocyte-erythroid progenitor cell
2748,6.622459,6.4591074,3,20498.0,3740,3.0832276,erythroid progenitor cell
2749,5.2391644,11.669083,1,16976.0,3307,3.151508,hematopoietic multipotent progenitor cell
2750,8.9023695,2.1403787,8,17024.0,3887,1.6917294,lymphoid lineage restricted progenitor cell
2751,14.483344,4.555718,0,10002.0,2244,0.54989,hematopoietic multipotent progenitor cell
2752,12.682465,6.562548,10,15496.0,3571,2.0779555,myeloid lineage restricted progenitor cell
2753,5.0379653,14.236593,1,17399.0,3650,2.5231335,erythroid progenitor cell
2754,-0.39526993,10.601659,4,24489.0,4129,2.6175017,erythroid progenitor cell
2755,9.467075,10.486942,6,16659.0,3874,4.255958,megakaryocyte-erythroid progenitor cell
2756,10.911346,8.4078,17,5956.0,1801,3.8280725,hematopoietic multipotent progenitor cell
2757,5.3569026,12.3595915,1,20772.0,3946,2.7970343,erythroid progenitor cell
2758,9.135917,8.780526,6,19235.0,4204,4.507408,megakaryocyte-erythroid progenitor cell
2759,12.871435,6.911373,10,20262.0,3810,2.689764,myeloid lineage restricted progenitor cell
2760,13.865454,5.912095,0,12916.0,3044,1.4091051,hematopoietic multipotent progenitor cell
2761,6.295861,9.767903,7,33421.0,5605,4.8502436,erythroid progenitor cell
2762,14.286956,8.488319,2,7742.0,2662,9.958668,lymphoid lineage restricted progenitor cell
2763,2.5663595,8.837414,3,21996.0,4158,4.3917074,proerythroblast
2764,9.772367,-0.8278864,12,4454.0,1418,4.3556356,precursor B cell
2765,4.685129,12.815936,1,19185.0,3785,4.581704,erythroid progenitor cell
2766,6.605073,2.3533475,8,2096.0,1076,3.053435,pro-B cell
2767,5.326864,12.06821,9,10359.0,2190,7.983396,erythroid progenitor cell
2768,3.5120845,9.13509,7,39249.0,5820,6.486789,erythroid progenitor cell
2769,4.7043486,7.8318744,3,32322.0,5183,3.1990595,erythroid progenitor cell
2770,6.071683,12.287202,9,18654.0,4196,6.105929,erythroid progenitor cell
2771,1.0033449,10.511299,5,20600.0,3710,5.0,proerythroblast
2772,5.615528,13.328191,1,21243.0,4367,1.9112179,granulocyte
2773,7.2969947,11.743197,9,16423.0,4070,2.5391219,erythroid progenitor cell
2774,7.903265,2.82835,8,836.0,521,3.708134,pro-B cell
2776,2.300752,14.206989,1,18012.0,3424,0.41638905,erythroid progenitor cell
2777,18.793673,3.597213,15,6518.0,1901,4.7253757,common dendritic progenitor
2778,13.685752,8.168503,10,19413.0,3795,3.0701077,hematopoietic multipotent progenitor cell
2779,5.0445933,9.856103,7,29813.0,4871,6.373059,erythroid progenitor cell
2780,9.469998,11.221905,6,12755.0,2921,4.351235,megakaryocyte-erythroid progenitor cell
2781,6.2693663,12.532442,9,25672.0,4647,3.8446558,erythroid progenitor cell
2782,5.735537,12.764321,1,14780.0,2982,3.7686062,megakaryocyte-erythroid progenitor cell
2783,0.88723963,11.866619,5,23905.0,4154,2.229659,proerythroblast
2784,13.116011,5.0205393,0,12067.0,3194,2.0386178,hematopoietic multipotent progenitor cell
2785,14.586683,6.9954333,2,4266.0,1231,0.30473512,hematopoietic multipotent progenitor cell
2786,5.4272456,13.663692,1,16030.0,3500,2.8446662,erythroid progenitor cell
2787,14.495981,8.637106,2,14150.0,3143,1.9434628,hematopoietic multipotent progenitor cell
2789,-1.033133,8.186591,4,11417.0,2884,5.7283,erythroblast
2790,7.5563555,8.19967,3,12154.0,3150,7.298009,erythroid progenitor cell
2791,1.9779571,8.59335,7,29122.0,4367,3.9832428,proerythroblast
2792,6.1085987,9.432934,7,30662.0,5051,3.9201617,erythroid progenitor cell
2793,8.853817,9.607368,6,20762.0,4570,2.8947115,megakaryocyte-erythroid progenitor cell
2794,8.790336,9.679273,6,12929.0,3229,0.37899297,megakaryocyte-erythroid progenitor cell
2795,6.7837696,12.226163,9,24010.0,4470,6.3223658,erythroid progenitor cell
2796,15.825117,9.720339,2,24825.0,4982,2.7875125,hematopoietic multipotent progenitor cell
2798,8.474593,10.108496,6,18445.0,4501,5.253456,megakaryocyte-erythroid progenitor cell
2799,1.7580274,12.597718,1,24994.0,3612,2.2445385,erythroid progenitor cell
2800,12.891622,8.722085,10,16136.0,4190,4.864898,myeloid lineage restricted progenitor cell
2801,-3.2011034,3.461862,16,1137.0,398,3.5180302,hematopoietic multipotent progenitor cell
2803,0.5411892,9.837893,4,30020.0,4560,3.5476348,proerythroblast
2805,12.966132,4.609454,0,6184.0,2123,2.6358345,hematopoietic multipotent progenitor cell
2806,4.5063963,9.215972,7,49153.0,5817,1.5665371,erythroid progenitor cell
2807,13.205541,8.842662,2,24268.0,4604,3.1770234,lymphoid lineage restricted progenitor cell
2808,8.8485155,9.267537,6,21489.0,4562,8.506678,erythroid progenitor cell
2809,15.325557,10.178917,2,8714.0,2159,3.6722515,hematopoietic multipotent progenitor cell
2810,6.286393,6.4287887,3,30315.0,4394,1.2601023,erythroid progenitor cell
2811,14.374755,6.195385,0,11896.0,2333,2.8244789,hematopoietic multipotent progenitor cell
2812,4.943639,7.8983507,3,16387.0,3509,5.4921584,erythroid progenitor cell
2813,14.559171,4.3142166,0,6124.0,1776,2.3677335,hematopoietic multipotent progenitor cell
2814,7.7694125,7.783097,3,13413.0,3089,5.1517186,erythroid progenitor cell
2815,-0.4954091,7.96696,4,51755.0,6050,1.6771326,proerythroblast
2816,7.6322885,2.904834,8,1435.0,621,2.1602788,pro-B cell
2817,6.046874,12.682684,1,18872.0,4102,3.295888,erythroid progenitor cell
2818,2.362482,10.506391,5,34865.0,4920,4.026961,erythroid progenitor cell
2819,3.672577,12.268519,1,32202.0,4873,3.754425,erythroid progenitor cell
2820,7.654703,10.5483465,6,12661.0,3191,3.4041545,megakaryocyte-erythroid progenitor cell
2821,14.38647,3.264717,0,10265.0,2335,1.2177302,hematopoietic multipotent progenitor cell
2822,6.5631742,12.267893,9,24323.0,4117,5.8750978,erythroid progenitor cell
2823,2.578842,10.895511,5,3682.0,1657,9.695818,lymphoid lineage restricted progenitor cell
2824,7.783481,2.748276,8,830.0,513,3.6144576,pro-B cell
2825,1.8716826,10.292598,5,38844.0,5447,3.5372257,erythroid progenitor cell
2826,12.932001,4.883365,6,10938.0,2380,2.267325,hematopoietic multipotent progenitor cell
2827,12.008429,7.6996627,13,14318.0,3690,1.7949435,lymphoid lineage restricted progenitor cell
2828,-3.2078965,4.6470866,16,2939.0,521,2.0074856,erythroblast
2829,13.856606,8.171389,10,25861.0,4964,3.3564053,myeloid lineage restricted progenitor cell
2830,5.026525,11.682832,1,15139.0,3206,4.504921,erythroid progenitor cell
2831,13.500483,6.2951717,0,10673.0,2348,1.414785,megakaryocyte-erythroid progenitor cell
2832,13.046706,10.334451,11,4237.0,1286,2.690583,megakaryocyte-erythroid progenitor cell
2833,9.570445,11.328234,6,13016.0,3566,1.2599877,megakaryocyte-erythroid progenitor cell
2834,9.058816,2.3004198,8,17345.0,4035,1.3779187,precursor B cell
2836,12.082977,4.9595666,0,711.0,375,6.04782,pro-B cell
2837,11.819687,3.0072954,0,10695.0,2829,3.3941095,megakaryocyte-erythroid progenitor cell
2838,8.293982,-0.6203899,12,1502.0,771,3.3288949,precursor B cell
2839,7.669822,6.843936,3,15676.0,3200,3.0109723,erythroid progenitor cell
2840,-1.7700686,8.629606,4,5525.0,2203,3.3665159,erythroblast
2841,8.18752,8.8008,13,20376.0,4223,6.4242244,lymphoid lineage restricted progenitor cell
2842,-3.0673854,7.067192,4,738.0,404,6.5040646,erythroblast
2844,6.3570795,13.312272,1,12124.0,2810,4.5612006,granulocyte
2845,5.7886276,11.87802,9,5600.0,1411,8.607143,erythroid progenitor cell
2846,6.920856,6.967727,3,23275.0,4298,4.223416,hematopoietic multipotent progenitor cell
2847,5.103236,9.218337,7,36749.0,5163,2.5197964,erythroid progenitor cell
2848,-0.5823989,10.167512,4,27272.0,4018,3.7107658,proerythroblast
2849,5.6873918,6.03876,3,28938.0,4371,2.8612897,erythroid progenitor cell
2850,2.8617275,11.061197,5,31875.0,4846,6.5631375,erythroid progenitor cell
2851,8.333509,0.7972872,8,2444.0,1131,1.8003274,precursor B cell
2852,-1.8188521,9.707828,4,22794.0,3169,2.645433,erythroblast
2853,4.7600408,9.681405,7,20227.0,4015,4.142977,erythroid progenitor cell
2854,13.371463,5.141056,0,15901.0,3422,4.4211054,hematopoietic multipotent progenitor cell
2855,15.555865,9.363922,2,3256.0,1201,7.4017196,hematopoietic multipotent progenitor cell
2856,8.102559,1.4821922,8,12135.0,3222,5.339926,precursor B cell
2857,7.731368,8.031936,3,25640.0,5078,4.797192,erythroid progenitor cell
2858,0.2571206,10.012274,4,29475.0,4518,4.644614,proerythroblast
2859,12.984705,4.6049643,0,8237.0,2332,2.767998,hematopoietic multipotent progenitor cell
2860,13.314813,5.4855604,0,14837.0,3462,1.0783851,hematopoietic multipotent progenitor cell
2861,10.03167,4.3201685,8,6625.0,2147,2.807547,common lymphoid progenitor
2862,7.7558465,1.2266766,8,7284.0,2627,3.1164196,precursor B cell
2863,18.608202,3.7369533,15,5716.0,1892,3.4289713,common dendritic progenitor
2864,9.192544,11.267326,6,11830.0,2960,3.770076,megakaryocyte-erythroid progenitor cell
2865,4.474678,12.415731,1,27932.0,4772,3.7913506,erythroid progenitor cell
2866,5.822265,10.348172,9,26088.0,4363,0.8164673,erythroid progenitor cell
2867,1.956942,13.391474,1,20118.0,3225,0.7505716,erythroid progenitor cell
2868,2.0782144,12.516714,1,26003.0,4205,0.4499481,erythroid progenitor cell
2869,6.971014,2.5835502,8,1963.0,1000,3.5659704,pro-B cell
2870,12.16936,6.140326,0,15717.0,3635,3.3085194,myeloid lineage restricted progenitor cell
2871,6.6040187,7.2429924,3,31823.0,5388,4.858122,erythroid progenitor cell
2872,1.3912189,13.26693,1,524.0,343,0.9541985,erythroid progenitor cell
2873,2.999831,11.768808,5,25858.0,4289,3.9755588,hematopoietic multipotent progenitor cell
2874,16.246262,8.845008,2,22138.0,4695,1.6758515,hematopoietic multipotent progenitor cell
2875,11.607586,3.602789,0,9387.0,2801,2.077341,common lymphoid progenitor
2876,4.2690663,14.499208,1,24712.0,5074,1.784558,erythroid progenitor cell
2877,10.3190365,9.320263,11,10411.0,3034,5.282874,erythroid progenitor cell
2878,1.4292781,10.602143,5,22264.0,3757,4.7251167,proerythroblast
2879,0.24903244,9.670707,4,5264.0,1583,5.2051673,proerythroblast
2880,5.8679576,13.410461,1,18478.0,3711,4.286178,granulocyte
2881,2.495635,13.12561,1,2186.0,1028,1.6925892,erythroid progenitor cell
2882,6.378051,10.08171,9,42877.0,5943,3.9741588,erythroid progenitor cell
2883,-1.7706552,9.340735,4,17175.0,3125,4.3551674,proerythroblast
2884,10.946308,5.060386,13,16591.0,4144,2.4109457,hematopoietic multipotent progenitor cell
2885,14.78704,5.4013534,0,8909.0,1907,3.6928947,hematopoietic multipotent progenitor cell
2886,12.4720335,3.65144,0,10194.0,2581,2.8938591,hematopoietic multipotent progenitor cell
2887,-2.571649,8.383285,4,23047.0,3729,4.122011,erythroblast
2888,12.946417,10.613941,11,14493.0,3495,2.0768647,hematopoietic multipotent progenitor cell
2889,4.7871156,10.706903,7,26413.0,4734,3.119676,erythroid progenitor cell
2890,4.9135556,9.55702,7,29123.0,5029,2.9255228,erythroid progenitor cell
2891,14.578095,9.653595,2,11823.0,2879,3.0279963,hematopoietic multipotent progenitor cell
2892,6.3494544,11.594216,1,11821.0,2643,3.493782,myeloid lineage restricted progenitor cell
2893,6.3881392,2.5999715,8,3602.0,1646,0.7773459,pro-B cell
2894,3.7007854,13.60178,1,16269.0,3360,1.641158,erythroid progenitor cell
2895,8.617417,1.5823191,8,18145.0,4080,4.072747,precursor B cell
2896,13.002474,6.161944,0,18383.0,3346,1.5775445,hematopoietic multipotent progenitor cell
2897,5.8551474,10.768102,9,24977.0,4386,5.3168917,erythroid progenitor cell
2898,5.6349354,12.045261,9,4159.0,1440,5.5301757,erythroid progenitor cell
2899,4.884283,10.873803,7,21888.0,4193,2.5904605,erythroid progenitor cell
2900,7.8945494,1.0279125,8,5083.0,1841,2.5575447,precursor B cell
2901,9.803849,11.1533985,6,12036.0,3251,1.1133267,megakaryocyte-erythroid progenitor cell
2902,-0.13706724,10.565031,4,21321.0,3451,5.839313,proerythroblast
2903,4.6501966,12.119046,1,14290.0,3151,3.9608116,erythroid progenitor cell
2905,11.908304,3.282344,0,10344.0,2695,1.6337974,hematopoietic multipotent progenitor cell
2906,16.10842,5.4455943,10,29884.0,5109,3.3094633,common dendritic progenitor
2907,-0.08582749,9.252692,4,25412.0,3690,4.733984,proerythroblast
2908,5.649467,7.4389524,3,7746.0,2146,9.450039,erythroid progenitor cell
2909,9.11581,10.31992,6,19912.0,3960,2.988148,megakaryocyte-erythroid progenitor cell
2910,3.4186928,14.6006155,1,24901.0,4462,0.91161,erythroid progenitor cell
2911,4.0025144,11.782005,1,19485.0,3672,6.8360276,erythroid progenitor cell
2912,11.646208,4.6462836,0,14260.0,3585,0.9747545,hematopoietic multipotent progenitor cell
2913,-1.2537,10.5555525,4,26044.0,3648,1.8315159,proerythroblast
2915,14.463568,11.04443,2,10438.0,2567,2.7687297,hematopoietic multipotent progenitor cell
2917,-1.5980836,8.606478,4,24079.0,3727,2.9860044,erythroblast
2918,13.322506,2.9413009,0,9723.0,2621,2.9209092,hematopoietic multipotent progenitor cell
2919,2.638777,8.86787,7,29634.0,4758,7.3091717,erythroid progenitor cell
2920,11.093704,6.497902,13,14167.0,3373,1.0517399,hematopoietic multipotent progenitor cell
2921,11.923766,8.360575,10,5681.0,1738,9.716599,myeloid lineage restricted progenitor cell
2922,3.0380495,8.723342,7,44012.0,5761,6.9776425,erythroid progenitor cell
2923,8.386539,8.095086,3,19219.0,3901,2.6432178,megakaryocyte-erythroid progenitor cell
2924,15.90819,8.689178,2,12812.0,2993,3.0596316,hematopoietic multipotent progenitor cell
2925,9.959633,13.43162,14,8570.0,2402,4.7957993,granulocyte
2926,1.4907708,10.148084,5,25795.0,4264,4.7412286,erythroid progenitor cell
2927,16.009214,8.825754,2,5592.0,1814,3.5050073,hematopoietic multipotent progenitor cell
2928,12.38969,5.475189,0,13130.0,3109,1.5917746,hematopoietic multipotent progenitor cell
2929,9.992269,12.921341,14,8944.0,2500,3.5442755,granulocyte
2930,10.05503,-0.3940505,12,3290.0,1095,2.3404255,precursor B cell
2931,0.962315,11.42418,5,20008.0,3388,5.2528987,proerythroblast
2932,6.0386753,13.637968,1,15218.0,2987,3.0753055,granulocyte
2933,12.786004,8.309967,10,19410.0,3773,3.2405977,myeloid lineage restricted progenitor cell
2934,0.054083493,10.617769,5,14203.0,2524,6.012814,erythroid progenitor cell
2935,4.3234167,12.356892,1,18224.0,3747,6.3871818,erythroid progenitor cell
2936,2.1452644,10.1899605,5,56126.0,5626,4.0622883,erythroid progenitor cell
2937,14.968013,7.02737,2,10669.0,2891,1.3309588,common lymphoid progenitor
2938,13.253828,7.425626,13,11801.0,2657,4.0250826,hematopoietic multipotent progenitor cell
2939,2.5206187,13.311665,1,28706.0,4747,1.9299101,proerythroblast
2940,12.182758,8.703064,10,12003.0,2119,1.0664,myeloid lineage restricted progenitor cell
2941,9.458881,4.9182634,8,17713.0,4475,1.6372155,lymphoid lineage restricted progenitor cell
2942,8.787373,2.2383382,8,17296.0,3781,1.8559204,pro-B cell
2943,6.6736755,2.386323,8,1618.0,852,1.6687268,pro-B cell
2944,5.1664457,10.130582,7,29453.0,4411,1.4022341,erythroid progenitor cell
2945,5.4400306,6.5602846,3,16993.0,3047,2.706997,erythroid progenitor cell
2946,12.53418,11.107427,11,12689.0,2890,3.0420048,hematopoietic multipotent progenitor cell
2947,0.42586106,9.37497,4,21813.0,3816,6.234814,erythroid progenitor cell
2948,8.5873165,10.2930765,6,16450.0,3868,2.6200607,megakaryocyte-erythroid progenitor cell
2949,9.996609,4.171279,8,13225.0,3414,1.2249527,common lymphoid progenitor
2950,3.2526207,8.880148,7,33161.0,5089,7.279636,erythroid progenitor cell
2951,12.002528,5.9601126,0,4285.0,1693,4.0606766,hematopoietic multipotent progenitor cell
2952,7.503906,11.461547,9,10902.0,3017,4.3753443,hematopoietic multipotent progenitor cell
2953,15.398221,9.26709,2,11852.0,3059,2.7759027,hematopoietic multipotent progenitor cell
2956,11.661304,5.346772,6,10652.0,2791,3.2294405,megakaryocyte-erythroid progenitor cell
2957,12.72443,4.043825,0,3821.0,1680,2.5909448,hematopoietic multipotent progenitor cell
2958,13.355455,3.0267239,0,12999.0,3212,2.2770982,hematopoietic multipotent progenitor cell
2959,12.849692,6.7161684,10,8393.0,2107,2.5139997,myeloid lineage restricted progenitor cell
2960,12.689656,10.533447,11,12301.0,2745,3.2680268,hematopoietic multipotent progenitor cell
2961,3.7134473,13.913793,1,26490.0,4629,4.877312,erythroid progenitor cell
2962,16.115221,8.177981,2,4562.0,1758,3.2880318,common lymphoid progenitor
2963,4.4384956,8.743092,7,31627.0,5046,3.5476017,erythroid progenitor cell
2965,5.046737,12.34074,1,22088.0,4387,6.211518,erythroid progenitor cell
2966,10.843564,5.7052493,6,18489.0,3879,3.9699283,megakaryocyte-erythroid progenitor cell
2967,8.646575,-0.87229705,12,3278.0,942,8.206223,precursor B cell
2968,-2.6521761,8.271546,4,28146.0,3432,0.877567,erythroblast
2969,3.4128225,11.909469,1,14569.0,3176,4.639989,erythroid progenitor cell
2970,-2.6920202,8.159819,4,21067.0,3227,2.3923674,erythroblast
2971,12.071895,4.510944,0,5869.0,1963,2.538763,common lymphoid progenitor
2972,3.6816576,13.457919,1,18921.0,4082,1.6912425,erythroid progenitor cell
2973,13.266491,9.73446,11,14019.0,2800,0.34239244,hematopoietic multipotent progenitor cell
2975,1.0349426,8.869545,4,21680.0,3939,9.7278595,proerythroblast
2976,13.457594,2.361895,0,12878.0,3246,1.1880727,hematopoietic multipotent progenitor cell
2977,2.1686208,11.836614,5,20337.0,3379,4.5090227,erythroid progenitor cell
2978,0.15850352,11.158773,4,32182.0,4390,2.3211732,proerythroblast
2979,9.826484,8.576086,11,16267.0,3279,1.7397184,erythroid progenitor cell
2980,5.3355823,12.583722,1,18345.0,4139,5.254838,erythroid progenitor cell
2981,6.0755467,12.563715,9,25647.0,4713,4.600928,erythroid progenitor cell
2982,7.1999893,8.069109,3,11228.0,2275,2.9925187,erythroid progenitor cell
2983,10.168962,4.2866673,8,7529.0,2185,2.2313719,common lymphoid progenitor
2984,7.76357,8.221533,3,25830.0,4851,4.769648,erythroid progenitor cell
2985,3.1712046,13.324037,1,28941.0,4740,3.3170934,erythroid progenitor cell
2986,14.624312,5.697468,0,11667.0,2603,1.817091,hematopoietic multipotent progenitor cell
2987,2.735055,12.045946,1,20470.0,3289,2.5647287,erythroid progenitor cell
2988,5.289405,6.743619,3,24673.0,4085,2.8614275,erythroid progenitor cell
2989,6.313627,11.70463,9,6548.0,2176,9.743433,erythroid progenitor cell
2993,16.055979,8.36264,2,9346.0,2561,2.4609458,hematopoietic multipotent progenitor cell
2994,2.7659893,13.309584,1,18303.0,3078,2.0870895,erythroid progenitor cell
2995,5.1037154,10.381611,9,16351.0,3072,8.733411,erythroid progenitor cell
2996,4.60421,12.236883,1,21303.0,3947,4.384359,erythroid progenitor cell
2999,8.104525,10.408142,6,21829.0,3953,1.1223601,erythroid progenitor cell
3000,11.657931,4.054351,0,9654.0,2695,3.0971618,hematopoietic multipotent progenitor cell
3001,6.2427526,11.9154215,9,26711.0,4644,3.7961888,erythroid progenitor cell
3002,5.164173,11.688693,9,22575.0,3957,1.5370985,erythroid progenitor cell
3003,6.659636,5.9800563,3,11835.0,2470,4.7908745,erythroid progenitor cell
3004,14.19019,3.0107243,0,8042.0,2167,1.8900771,hematopoietic multipotent progenitor cell
3005,5.375841,12.771795,1,41124.0,5604,3.1441495,erythroid progenitor cell
3006,14.308037,5.0204782,0,11209.0,2450,0.98135424,hematopoietic multipotent progenitor cell
3007,9.535252,0.6968204,12,911.0,494,5.0493965,precursor B cell
3008,8.119171,1.086056,8,3946.0,1592,2.8129752,precursor B cell
3009,-0.8297338,9.060558,4,47618.0,5985,2.6985593,proerythroblast
3010,9.548173,-0.8304165,12,9655.0,2705,3.9875712,precursor B cell
3011,4.117822,12.925009,1,20444.0,4019,2.4603796,erythroid progenitor cell
3013,8.948982,2.094705,8,25035.0,4875,3.754743,lymphoid lineage restricted progenitor cell
3014,7.549195,11.184945,9,14715.0,3680,2.358138,erythroid progenitor cell
3015,1.2607757,11.861239,5,23323.0,3892,2.4525146,proerythroblast
3016,13.382973,3.8428853,0,8164.0,2316,2.4375308,hematopoietic multipotent progenitor cell
3017,12.005402,8.48552,10,26817.0,4240,1.346161,myeloid lineage restricted progenitor cell
3018,13.305132,6.503497,10,10902.0,2195,2.5866814,myeloid lineage restricted progenitor cell
3019,13.664015,3.9334588,0,10271.0,2638,8.840425,hematopoietic multipotent progenitor cell
3020,7.6353874,2.8877652,8,1101.0,733,3.3605814,pro-B cell
3021,1.949921,11.699227,1,29853.0,4278,1.802164,erythroid progenitor cell
3022,14.774227,7.8575964,2,13643.0,3470,4.331892,myeloid lineage restricted progenitor cell
3023,12.691978,3.3282905,0,16610.0,3955,2.9560506,hematopoietic multipotent progenitor cell
3025,12.594535,4.0785017,0,11085.0,2862,4.3211546,hematopoietic multipotent progenitor cell
3026,9.124014,14.450773,14,5129.0,1784,1.0333399,granulocyte
3027,11.556326,5.9112883,6,15048.0,3454,2.5451887,hematopoietic multipotent progenitor cell
3028,-0.51906514,9.728587,4,26572.0,4006,2.227909,proerythroblast
3029,4.1729474,10.515784,7,25523.0,4450,5.1326256,erythroid progenitor cell
3030,11.989371,4.80542,0,5901.0,2076,3.0503304,common lymphoid progenitor
3031,2.7616231,10.706435,5,20443.0,4015,6.7504773,erythroid progenitor cell
3032,9.883241,-0.87949514,12,5670.0,1629,9.594357,precursor B cell
3033,12.128527,7.724758,10,12154.0,3366,8.75432,myeloid lineage restricted progenitor cell
3034,2.064853,9.713366,5,22051.0,3873,3.3286471,erythroid progenitor cell
3035,12.720848,5.6219597,0,4603.0,1650,2.3680208,common lymphoid progenitor
3037,4.489937,11.690323,9,15437.0,2921,0.52471334,erythroid progenitor cell
3038,14.047132,7.4807596,2,14188.0,3634,3.0236819,myeloid lineage restricted progenitor cell
3040,10.251138,-0.9796318,12,12795.0,3343,4.1656895,precursor B cell
3041,17.955814,3.790576,15,7065.0,2450,2.9582448,common dendritic progenitor
3042,14.509851,6.753274,2,9142.0,2023,2.7018158,hematopoietic multipotent progenitor cell
3043,13.489918,5.0605187,0,12676.0,3222,3.1634583,hematopoietic multipotent progenitor cell
3044,8.926237,8.481241,6,4968.0,1744,4.710145,megakaryocyte-erythroid progenitor cell
3046,12.103387,7.011721,10,4958.0,1632,6.7567563,myeloid lineage restricted progenitor cell
3048,5.5251937,6.387888,3,14687.0,3008,3.438415,erythroid progenitor cell
3049,13.154056,2.1727014,0,8073.0,2306,5.8714232,hematopoietic multipotent progenitor cell
3050,14.3685,7.629867,2,9050.0,2261,2.1104972,hematopoietic multipotent progenitor cell
3051,4.3628798,11.659904,1,27958.0,4817,4.8501325,erythroid progenitor cell
3052,14.929504,5.7336307,0,10751.0,2368,1.4045205,hematopoietic multipotent progenitor cell
3053,6.0422325,7.4532075,3,14796.0,3080,7.5966477,erythroid progenitor cell
3054,13.306512,6.063514,0,9955.0,2545,2.1396284,hematopoietic multipotent progenitor cell
3055,3.8026774,11.275717,7,25853.0,4336,2.3788342,erythroid progenitor cell
3056,10.125851,-0.87588775,12,9033.0,2394,3.7086241,precursor B cell
3057,12.893807,2.411866,0,4858.0,1539,4.3433514,hematopoietic multipotent progenitor cell
3058,6.3702006,10.146339,9,17566.0,3843,4.172834,erythroid progenitor cell
3059,9.198143,9.423079,6,13449.0,3207,3.7623615,megakaryocyte-erythroid progenitor cell
3060,12.393266,1.8914982,0,7831.0,2474,2.885966,hematopoietic multipotent progenitor cell
3061,16.178986,10.535358,2,8423.0,2355,3.3361037,hematopoietic multipotent progenitor cell
3062,5.705917,12.205219,9,14214.0,3010,5.2975936,erythroid progenitor cell
3063,7.459982,13.645142,14,11605.0,2513,1.4476519,erythroid progenitor cell
3064,8.552836,-0.756606,12,1272.0,604,5.188679,precursor B cell
3065,10.97452,5.3762193,13,15394.0,3885,4.722619,hematopoietic multipotent progenitor cell
3066,14.155758,2.843803,0,5062.0,1537,2.1137888,hematopoietic multipotent progenitor cell
3067,9.172811,8.920185,6,16686.0,3939,4.992209,megakaryocyte-erythroid progenitor cell
3068,13.208086,3.1201568,0,7510.0,2341,1.8375499,hematopoietic multipotent progenitor cell
3069,9.896087,-0.66277486,12,3365.0,1091,6.8350663,precursor B cell
3070,5.071624,13.16971,1,20160.0,3176,2.0833335,erythroid progenitor cell
3072,3.3666492,10.619174,7,19250.0,3520,3.0233767,erythroid progenitor cell
3073,15.121689,7.7039957,2,7649.0,2283,4.196627,common lymphoid progenitor
3074,-0.17086983,10.802874,1,39404.0,4450,1.5759822,proerythroblast
3075,4.520361,13.0128565,1,19621.0,3449,2.125274,erythroid progenitor cell
3076,9.011962,1.944902,8,13264.0,3338,1.3344392,precursor B cell
3077,13.227021,3.4776013,0,10851.0,2754,2.5435443,hematopoietic multipotent progenitor cell
3078,-0.65886086,10.195288,1,39072.0,4365,0.9239353,proerythroblast
3079,6.498754,2.4239035,8,1083.0,694,2.1237304,pro-B cell
3080,4.370314,11.21886,7,28140.0,4790,5.074627,erythroid progenitor cell
3081,13.262536,2.433391,0,10507.0,2833,2.169982,hematopoietic multipotent progenitor cell
3082,-0.86115664,11.092273,4,19641.0,3222,2.2758515,erythroid progenitor cell
3083,9.715186,1.5766851,12,651.0,342,3.9938557,precursor B cell
3084,8.850384,3.643962,8,22360.0,4474,2.6833632,lymphoid lineage restricted progenitor cell
3085,9.6191,0.08744999,12,1923.0,876,6.1362453,precursor B cell
3086,2.5466282,12.000077,5,21005.0,3638,3.3611045,erythroid progenitor cell
3087,8.30867,0.7469114,8,1848.0,1106,3.5173159,pro-B cell
3088,12.217515,8.816189,10,7184.0,2117,5.7349668,myeloid lineage restricted progenitor cell
3089,-3.8391216,4.085677,16,1551.0,393,1.9987104,erythroblast
3090,14.545875,8.051746,2,11534.0,2469,0.7456216,hematopoietic multipotent progenitor cell
3091,0.47154838,10.396281,5,8521.0,2155,3.907992,proerythroblast
3093,8.647335,-0.7693322,12,3849.0,1292,2.5720966,precursor B cell
3094,0.8723905,8.197139,4,26528.0,4414,8.3496685,proerythroblast
3095,14.001529,2.8428183,0,9295.0,2527,0.96826255,hematopoietic multipotent progenitor cell
3096,16.559706,6.792684,2,9655.0,3003,3.8736408,common lymphoid progenitor
3097,0.824883,10.248743,5,8489.0,2112,5.913535,proerythroblast
3098,-0.26374412,9.463231,4,29470.0,4710,3.4102478,erythroid progenitor cell
3099,12.353927,2.5955768,0,5480.0,1754,2.591241,hematopoietic multipotent progenitor cell
3100,7.3953767,6.3941636,3,12475.0,2867,3.6312625,erythroid progenitor cell
3101,15.003423,7.518891,2,9764.0,2415,2.7857435,hematopoietic multipotent progenitor cell
3102,9.889098,9.588746,6,11663.0,3109,2.6322558,megakaryocyte-erythroid progenitor cell
3103,6.360202,5.9649663,3,18982.0,3145,6.0425663,erythroid progenitor cell
3104,16.641018,9.730048,2,11468.0,3209,2.7293336,hematopoietic multipotent progenitor cell
3105,4.8404207,12.194076,1,24915.0,4552,3.1868353,erythroid progenitor cell
3107,9.489444,14.652953,14,10676.0,3252,0.94604725,granulocyte
3108,0.50024265,10.367935,4,33095.0,4790,2.5260615,proerythroblast
3109,0.7261225,8.077117,4,10221.0,2775,9.578319,proerythroblast
3110,2.7270489,14.248366,1,26647.0,3979,0.4090517,erythroid progenitor cell
3111,6.169539,11.395218,9,19090.0,4156,6.034573,erythroid progenitor cell
3112,12.467564,4.3154736,0,18704.0,4013,1.6253209,hematopoietic multipotent progenitor cell
3113,7.567711,8.093698,3,42822.0,6157,3.4771845,erythroid progenitor cell
3114,5.695702,8.291437,3,17320.0,3576,8.256351,erythroid progenitor cell
3115,14.2447815,4.236868,0,8712.0,2156,1.9742883,hematopoietic multipotent progenitor cell
3116,15.076268,7.717202,2,10630.0,2620,3.4901223,hematopoietic multipotent progenitor cell
3117,-2.2666144,6.656252,4,21916.0,3733,8.810914,erythroblast
3118,5.7012916,10.631134,7,22721.0,4246,2.7023458,erythroid progenitor cell
3119,14.818266,7.801317,2,8312.0,1968,4.896535,hematopoietic multipotent progenitor cell
3120,8.290348,11.376514,6,15759.0,3638,2.392284,megakaryocyte-erythroid progenitor cell
3121,2.6134129,14.357016,1,19695.0,3470,0.35542017,erythroid progenitor cell
3123,15.963694,8.001251,2,10918.0,2959,9.992673,common lymphoid progenitor
3124,8.48654,9.455253,6,24620.0,4926,2.5995126,erythroid progenitor cell
3125,13.765058,7.5089836,10,19710.0,4420,4.6169457,myeloid lineage restricted progenitor cell
3126,15.5283985,6.967455,2,13271.0,2735,1.9516239,hematopoietic multipotent progenitor cell
3128,14.603337,3.3623526,0,9233.0,2179,1.0397488,hematopoietic multipotent progenitor cell
3129,15.706579,10.564293,2,10184.0,2597,3.2796543,hematopoietic multipotent progenitor cell
3130,7.436708,7.043043,3,18268.0,3777,2.7643967,hematopoietic multipotent progenitor cell
3132,-1.2951232,9.4443035,4,15395.0,2768,4.3195844,erythroid progenitor cell
3133,0.6813968,9.327059,4,30002.0,5062,9.302713,proerythroblast
3134,6.161286,13.778146,6,14348.0,3135,1.3102871,erythroid progenitor cell
3135,2.492043,11.510417,5,30703.0,4694,3.8139596,erythroid progenitor cell
3136,12.708294,2.983568,0,9065.0,2820,1.3237728,hematopoietic multipotent progenitor cell
3137,16.6015,10.655387,2,9323.0,2866,3.207122,hematopoietic multipotent progenitor cell
3138,1.4279593,8.698308,5,48690.0,6224,5.465188,proerythroblast
3139,6.864254,6.59709,3,34918.0,5457,0.77610403,erythroid progenitor cell
3140,7.505043,8.22234,3,18977.0,4393,5.195763,myeloid lineage restricted progenitor cell
3141,11.566535,4.3886347,0,17101.0,4023,3.1167767,hematopoietic multipotent progenitor cell
3142,15.096927,9.955109,2,12185.0,3045,1.7070168,hematopoietic multipotent progenitor cell
3143,4.7311816,9.825186,7,34692.0,5059,4.5831895,erythroid progenitor cell
3144,3.0121787,12.062501,5,23729.0,4198,3.4556873,erythroid progenitor cell
3145,8.1910925,11.184888,6,17039.0,3467,2.1186688,megakaryocyte-erythroid progenitor cell
3146,13.475541,3.6291537,0,8751.0,2166,3.1539254,hematopoietic multipotent progenitor cell
3147,2.7057493,11.742444,5,36409.0,5277,4.567552,hematopoietic multipotent progenitor cell
3148,16.049412,9.857071,2,7805.0,2249,3.4721334,hematopoietic multipotent progenitor cell
3149,9.638673,4.1862445,8,8201.0,2434,2.207048,common lymphoid progenitor
3150,9.122452,14.2657,14,5922.0,1895,3.4785547,granulocyte
3151,6.869485,7.3994493,3,14586.0,3261,5.6492524,erythroid progenitor cell
3152,9.967917,10.417958,6,12477.0,3047,3.1818547,megakaryocyte-erythroid progenitor cell
3153,16.482573,10.262515,2,16289.0,4121,2.8669653,hematopoietic multipotent progenitor cell
3155,13.205316,7.384967,10,15147.0,3279,2.1456394,myeloid lineage restricted progenitor cell
3156,3.1886995,12.871532,1,13551.0,2870,2.7230463,erythroid progenitor cell
3158,14.3977785,9.325977,2,12605.0,2947,1.9595399,hematopoietic multipotent progenitor cell
3159,6.3693075,12.242364,9,15910.0,3529,8.868636,hematopoietic multipotent progenitor cell
3160,14.326105,10.037237,2,23401.0,4808,3.5425837,hematopoietic multipotent progenitor cell
3161,8.224246,-1.0826298,12,3948.0,1185,3.0901723,precursor B cell
3162,3.6314514,8.749353,7,41230.0,5657,3.4004364,erythroid progenitor cell
3163,13.915864,4.97494,0,13909.0,2869,1.3516428,hematopoietic multipotent progenitor cell
3164,6.03659,13.377494,1,26118.0,4662,3.8823798,granulocyte
3165,3.0821419,12.20642,1,15066.0,2975,4.5333867,erythroid progenitor cell
3166,4.705413,11.98766,1,21190.0,3709,6.460594,erythroid progenitor cell
3167,3.5079324,12.06123,1,27209.0,4126,2.7748172,erythroid progenitor cell
3168,-0.22273237,11.650252,5,28409.0,4150,2.8406491,proerythroblast
3169,11.605649,5.9955664,10,8425.0,2301,4.9376855,myeloid lineage restricted progenitor cell
3170,7.685331,11.087313,6,13193.0,2839,1.0763284,megakaryocyte-erythroid progenitor cell
3171,14.129664,5.7914643,0,14848.0,2975,2.7815194,hematopoietic multipotent progenitor cell
3172,-0.14817758,10.828861,1,32701.0,4372,1.5657014,proerythroblast
3173,11.4024515,3.8075576,0,16943.0,4335,5.252907,hematopoietic multipotent progenitor cell
3174,9.789982,11.135095,6,15664.0,3441,4.5646067,megakaryocyte-erythroid progenitor cell
3175,13.8001375,7.470094,10,13148.0,2839,2.9890478,hematopoietic multipotent progenitor cell
3176,5.0305133,9.768112,7,30541.0,4968,4.141973,erythroid progenitor cell
3177,7.499923,7.133297,3,23345.0,4606,2.0603986,erythroid progenitor cell
3178,8.400057,10.173886,6,15922.0,3916,3.9379473,megakaryocyte-erythroid progenitor cell
3179,9.357606,14.529543,14,9803.0,2703,3.6621444,granulocyte
3180,12.675315,2.5744717,0,8437.0,2689,1.2919284,hematopoietic multipotent progenitor cell
3181,-3.755263,6.4481254,4,1621.0,753,5.120296,erythroblast
3182,9.503169,4.3881273,8,12065.0,3018,1.8151678,lymphoid lineage restricted progenitor cell
3184,5.593784,11.591808,1,23604.0,4616,4.8508725,erythroid progenitor cell
3185,2.9698336,10.320689,5,37942.0,5658,8.1519165,erythroid progenitor cell
3186,16.07707,6.2526283,2,9150.0,2674,3.147541,common lymphoid progenitor
3187,15.451777,10.5452795,2,9781.0,2473,2.6991105,hematopoietic multipotent progenitor cell
3188,4.3978243,9.290508,7,45970.0,5941,3.0672178,erythroid progenitor cell
3189,6.8543625,11.926419,6,24288.0,4701,2.2068512,erythroid progenitor cell
3190,7.3029847,6.406969,3,18975.0,3706,1.9710144,erythroid progenitor cell
3191,4.4868956,13.5999775,1,16835.0,3442,3.005643,erythroid progenitor cell
3193,7.296615,9.556878,7,19566.0,4326,4.017173,erythroid progenitor cell
3194,8.921612,10.618593,6,18201.0,3928,4.0876875,megakaryocyte-erythroid progenitor cell
3195,-2.9434326,6.4515777,4,29541.0,4457,6.3741913,erythroblast
3196,13.076037,4.1075535,0,6099.0,1995,2.3446467,hematopoietic multipotent progenitor cell
3198,11.224001,4.980296,0,11124.0,2809,1.743977,hematopoietic multipotent progenitor cell
3199,6.8190684,10.426557,8,21159.0,4427,2.6797109,erythroid progenitor cell
3200,12.699646,4.9624085,0,16732.0,4027,0.8666029,hematopoietic multipotent progenitor cell
3201,1.7749491,10.656918,5,29068.0,4780,3.632861,erythroid progenitor cell
3202,6.3569727,2.545757,8,2279.0,1208,1.9306713,pro-B cell
3203,16.961018,4.5916967,15,7358.0,2467,2.1065507,common dendritic progenitor
3204,-0.21365432,11.1255665,4,30508.0,4422,3.195883,proerythroblast
3205,14.185082,3.938707,0,15553.0,3457,1.2987849,hematopoietic multipotent progenitor cell
3207,9.566325,14.367145,14,6869.0,2405,1.3684671,granulocyte
3208,8.952822,14.210137,14,9044.0,2062,6.070323,granulocyte
3209,9.796616,11.377086,6,14219.0,3375,4.3462973,megakaryocyte-erythroid progenitor cell
3210,11.079752,6.59787,13,16137.0,3904,2.2247012,lymphoid lineage restricted progenitor cell
3211,2.7689424,8.324822,3,41217.0,6001,3.8357959,proerythroblast
3212,8.500689,10.278221,6,17809.0,4544,3.6442251,megakaryocyte-erythroid progenitor cell
3213,2.8140302,9.684297,7,29814.0,4926,2.2740993,hematopoietic multipotent progenitor cell
3214,5.493429,10.345087,7,29165.0,5343,5.5168867,erythroid progenitor cell
3215,11.958934,10.515434,11,11708.0,2771,3.7324905,megakaryocyte-erythroid progenitor cell
3216,0.044796772,11.867267,1,24495.0,3782,1.1430905,proerythroblast
3218,3.5475748,11.638664,5,31399.0,5043,5.691264,erythroid progenitor cell
3219,5.3681383,7.3868012,3,13457.0,2960,8.441703,erythroid progenitor cell
3220,11.669026,5.0064178,0,27831.0,4740,2.2924078,myeloid lineage restricted progenitor cell
3221,7.865413,3.546477,8,7267.0,2538,1.9953214,lymphoid lineage restricted progenitor cell
3222,13.692619,4.1417403,0,11021.0,2480,1.9689683,hematopoietic multipotent progenitor cell
3223,8.6548605,-1.1605866,12,2350.0,1006,4.12766,precursor B cell
3224,5.8910484,5.894971,3,24461.0,3851,1.5412289,erythroid progenitor cell
3225,4.291929,9.0928,7,44908.0,5934,1.9105726,erythroid progenitor cell
3226,8.442311,3.4975588,8,6148.0,2163,1.5614834,lymphoid lineage restricted progenitor cell
3227,6.2028613,13.8737545,6,17210.0,3384,2.899477,megakaryocyte-erythroid progenitor cell
3228,3.066959,11.038824,5,30987.0,4293,2.9367154,erythroid progenitor cell
3229,11.348039,6.4133554,13,15880.0,3645,1.9332495,hematopoietic multipotent progenitor cell
3230,3.0497682,13.426758,1,22874.0,4014,3.7160094,erythroid progenitor cell
3231,16.099905,5.324829,10,19553.0,4171,4.1783867,common dendritic progenitor
3232,6.387689,12.365431,9,22829.0,4093,4.0650053,erythroid progenitor cell
3233,12.279475,3.9226696,0,9762.0,2585,2.8375332,myeloid lineage restricted progenitor cell
3234,-0.5766837,8.52955,4,27641.0,3863,1.7112261,proerythroblast
3235,6.4228644,13.445481,1,8231.0,2463,8.844612,granulocyte
3236,16.392258,5.2388153,10,4399.0,1645,6.1377583,common dendritic progenitor
3237,9.72503,4.4198484,8,8131.0,2506,2.5827081,pro-B cell
3238,7.5114007,6.708305,3,17885.0,3414,3.0863853,erythroid progenitor cell
3239,9.098466,3.6565216,8,12507.0,3321,2.1348045,common lymphoid progenitor
3240,13.226986,9.967799,11,8523.0,1902,1.2788924,megakaryocyte-erythroid progenitor cell
3241,15.695197,10.221997,2,7649.0,2287,2.2355864,hematopoietic multipotent progenitor cell
3242,-0.8054713,10.702997,1,11283.0,2130,0.13294336,proerythroblast
3243,10.775597,4.3366437,0,5745.0,1839,6.805918,common lymphoid progenitor
3244,9.535401,-0.3434034,12,2530.0,1031,9.407115,precursor B cell
3245,6.9708686,10.628234,9,24285.0,4013,0.52707434,myeloid lineage restricted progenitor cell
3246,0.36736754,10.743577,5,15303.0,2945,5.7831798,erythroid progenitor cell
3247,9.365288,14.31641,14,4645.0,1529,3.7244349,granulocyte
3248,7.2711315,9.806364,6,14898.0,3338,2.9064302,erythroid progenitor cell
3249,11.772145,4.4088483,0,8345.0,2241,2.2887957,hematopoietic multipotent progenitor cell
3250,8.881823,8.365369,6,13322.0,3274,2.5146375,erythroid progenitor cell
3251,7.428481,7.845036,3,19338.0,4157,7.472334,erythroid progenitor cell
3252,14.599654,4.072292,0,9945.0,2219,0.58320767,hematopoietic multipotent progenitor cell
3253,7.1309986,7.30739,3,15780.0,3485,5.5893536,erythroid progenitor cell
3254,9.073683,12.559618,14,12990.0,2795,4.0261736,granulocyte
3255,13.204824,5.1917224,0,12085.0,2987,1.5804718,hematopoietic multipotent progenitor cell
3256,14.152215,5.26434,0,14674.0,2929,2.0376177,hematopoietic multipotent progenitor cell
3257,4.5602202,9.221213,7,16036.0,3229,2.251185,erythroid progenitor cell
3258,7.2229877,6.5436115,3,19739.0,3493,1.9200567,erythroid progenitor cell
3259,12.641842,5.5280647,0,13439.0,3476,1.9197857,hematopoietic multipotent progenitor cell
3260,9.388371,-0.35904235,12,4960.0,1554,4.7580643,precursor B cell
3261,7.86364,3.2069395,8,5598.0,1742,4.912469,pro-B cell
3262,1.7129984,12.945328,1,7871.0,1868,0.9401601,erythroid progenitor cell
3263,4.700863,11.812131,1,28582.0,5018,7.5152197,erythroid progenitor cell
3264,6.8480535,10.601687,9,25809.0,4849,1.6350886,erythroid progenitor cell
3265,0.769329,11.652218,5,10438.0,2205,3.9087946,proerythroblast
3266,4.906865,11.154697,1,23329.0,4407,6.4340515,erythroid progenitor cell
3267,12.831102,6.8001018,10,4691.0,1579,2.55809,myeloid lineage restricted progenitor cell
3268,8.279308,7.9622664,3,17513.0,3814,2.9692228,erythroid progenitor cell
3269,18.592297,3.4745054,15,9179.0,2380,1.8629481,common dendritic progenitor
3270,8.762242,9.328625,6,27151.0,5120,2.7512798,megakaryocyte-erythroid progenitor cell
3271,5.5923123,14.128108,6,22212.0,4299,2.8092923,lymphoid lineage restricted progenitor cell
3272,9.087743,-0.974456,12,2597.0,1129,6.045437,precursor B cell
3273,9.631315,4.018256,8,7055.0,2296,2.0978029,common lymphoid progenitor
3274,1.9528431,13.002715,1,26917.0,4127,2.4296913,proerythroblast
3275,5.449628,11.661755,9,19483.0,3820,1.8169687,erythroid progenitor cell
3276,13.884708,2.5034487,0,10173.0,2670,1.6219404,hematopoietic multipotent progenitor cell
3277,7.483533,8.12954,3,17101.0,4283,4.7891936,erythroid progenitor cell
3278,1.5417618,10.20723,5,19918.0,3697,7.2999296,proerythroblast
3279,6.511454,7.4383006,3,10605.0,2611,5.0542197,erythroid progenitor cell
3280,10.037864,13.451562,14,7710.0,2362,3.618677,granulocyte
3281,7.8235784,11.090483,9,22607.0,4780,0.8714115,megakaryocyte-erythroid progenitor cell
3282,5.506651,11.358934,9,28436.0,4664,2.5742016,erythroid progenitor cell
3283,6.1489806,13.538748,1,13635.0,3063,2.9189584,granulocyte
3284,4.420583,10.672173,7,27535.0,4073,1.7722898,erythroid progenitor cell
3285,5.2281027,7.4999723,3,15975.0,3060,5.4084506,erythroid progenitor cell
3286,7.509204,7.0122485,3,15527.0,3544,3.741869,erythroid progenitor cell
3287,-3.265607,6.587784,4,20046.0,3110,4.6892147,erythroblast
3288,7.00866,12.514708,6,38233.0,6053,3.4786701,granulocyte
3289,12.5252,5.1920133,0,12935.0,3442,1.1519134,hematopoietic multipotent progenitor cell
3290,1.2111372,10.889521,5,22746.0,4143,3.9347577,erythroid progenitor cell
3291,-1.5897391,10.197526,4,15961.0,3074,1.1465447,proerythroblast
3292,8.0449705,1.5387422,8,13667.0,3342,4.953538,precursor B cell
3293,11.295915,4.381458,0,4319.0,1783,3.9592497,common lymphoid progenitor
3294,8.159148,11.761928,6,11505.0,3306,5.2411995,megakaryocyte-erythroid progenitor cell
3295,6.077278,10.596705,7,23458.0,4690,4.6977577,erythroid progenitor cell
3296,8.386654,1.5240124,8,24729.0,4732,2.7619393,precursor B cell
3297,-0.02910219,9.466121,4,29852.0,4612,5.376524,erythroid progenitor cell
3298,16.037554,8.031136,2,9243.0,2793,3.3971653,common lymphoid progenitor
3299,11.309004,4.0276594,0,12283.0,3264,1.7666694,hematopoietic multipotent progenitor cell
3300,4.2718053,10.181611,7,22685.0,4132,2.0013225,granulocyte
3301,5.3280716,10.7764435,7,25056.0,4076,2.594189,erythroid progenitor cell
3302,11.787184,7.7741127,13,19033.0,4415,1.6497662,lymphoid lineage restricted progenitor cell
3303,7.9493327,8.252423,3,8872.0,2797,9.163661,lymphoid lineage restricted progenitor cell
3304,5.8363338,12.756646,1,17435.0,3742,2.9366217,erythroid progenitor cell
3305,11.804342,7.9134235,17,8341.0,1955,2.745474,hematopoietic multipotent progenitor cell
3306,14.460976,7.6149507,2,13399.0,3161,1.6941562,hematopoietic multipotent progenitor cell
3307,11.194886,8.431802,17,635.0,382,8.661418,megakaryocyte-erythroid progenitor cell
3308,13.564489,4.8032613,0,10768.0,2808,0.5014859,hematopoietic multipotent progenitor cell
3309,5.72466,9.635553,7,31131.0,5143,4.583855,erythroid progenitor cell
3310,8.484091,3.4186306,8,10772.0,2811,5.7742295,lymphoid lineage restricted progenitor cell
3311,13.904303,8.612527,2,8838.0,2500,4.3448744,hematopoietic multipotent progenitor cell
3312,11.300723,5.4350348,10,21082.0,4765,2.6468077,lymphoid lineage restricted progenitor cell
3313,14.537977,10.239365,2,7843.0,1930,3.200306,hematopoietic multipotent progenitor cell
3314,16.543825,7.4304276,2,4953.0,1919,6.945286,common lymphoid progenitor
3315,12.599171,8.408489,10,25854.0,4519,2.8196797,myeloid lineage restricted progenitor cell
3316,16.174784,9.953326,2,7102.0,2213,5.0126724,hematopoietic multipotent progenitor cell
3317,9.327437,9.450645,6,22406.0,4842,4.458627,erythroid progenitor cell
3318,9.079336,11.656044,6,13798.0,3206,1.087114,megakaryocyte-erythroid progenitor cell
3319,2.641374,10.791815,5,13438.0,3271,5.9532666,erythroid progenitor cell
3320,15.842556,9.1500435,2,14395.0,3356,2.2091002,hematopoietic multipotent progenitor cell
3321,-3.2764606,4.7437344,16,2061.0,443,1.6011645,erythroblast
3322,8.648592,3.374457,8,12541.0,3196,4.337772,common lymphoid progenitor
3323,4.6933904,7.9847727,3,15025.0,3410,8.405991,erythroid progenitor cell
3325,7.2261915,7.8363523,3,19357.0,4404,5.3159065,erythroid progenitor cell
3326,3.3073332,9.791682,7,31942.0,5423,6.051594,erythroid progenitor cell
3327,11.020288,4.0430183,0,5269.0,2002,1.7081041,common lymphoid progenitor
3328,6.084135,11.959785,9,17773.0,3444,3.297136,erythroid progenitor cell
3329,7.0836577,7.126572,3,22680.0,4061,4.04321,erythroid progenitor cell
3330,10.13589,5.3775473,8,9994.0,2649,0.7904743,common dendritic progenitor
3331,4.730546,7.3331347,3,22199.0,3903,2.3424478,erythroid progenitor cell
3332,9.584004,-0.6784132,12,6150.0,1617,2.422764,precursor B cell
3333,11.04639,9.827848,11,14378.0,3436,4.0200305,erythroid progenitor cell
3334,7.841647,13.349429,14,19684.0,4203,2.2403984,granulocyte
3335,13.488539,5.7019386,0,13603.0,2690,1.5143719,hematopoietic multipotent progenitor cell
3337,4.1810956,10.840029,7,25417.0,4352,4.24519,erythroid progenitor cell
3338,9.104614,4.3400817,8,5582.0,2195,4.0845575,lymphoid lineage restricted progenitor cell
3339,7.8828783,1.1930859,8,6998.0,2166,0.60017145,precursor B cell
3340,6.770158,2.5367718,8,2185.0,1026,2.4256294,pro-B cell
3341,8.068455,1.2438831,8,4183.0,1623,7.9847,precursor B cell
3342,5.1323595,10.655654,7,25633.0,4573,3.054656,erythroid progenitor cell
3343,7.0965743,8.968391,3,16745.0,3466,5.798746,granulocyte
3345,12.541409,8.186713,10,29153.0,4909,5.0183516,myeloid lineage restricted progenitor cell
3346,15.522163,6.7765713,2,6842.0,1759,1.5492547,hematopoietic multipotent progenitor cell
3347,8.812405,10.369778,6,6930.0,2068,6.955267,erythroid progenitor cell
3349,9.128516,10.0137825,6,7996.0,1616,0.887944,megakaryocyte-erythroid progenitor cell
3350,3.0192976,12.44473,1,16414.0,3249,3.6127698,erythroid progenitor cell
3351,9.995728,3.9749844,8,5016.0,1729,1.6347687,common lymphoid progenitor
3353,4.6721263,9.142633,7,31877.0,5510,3.1527433,erythroid progenitor cell
3354,3.0283108,11.467004,5,32271.0,5277,3.3404603,erythroid progenitor cell
3355,3.6664057,8.914671,7,39476.0,5544,4.6002636,erythroid progenitor cell
3356,1.9392637,12.229954,1,20020.0,3281,2.3576424,erythroid progenitor cell
3357,4.7613263,12.490201,1,29700.0,4733,2.6094277,erythroid progenitor cell
3358,9.482753,9.390563,6,9343.0,2706,4.795034,megakaryocyte-erythroid progenitor cell
3359,15.023502,8.931526,2,7354.0,1867,3.1819417,hematopoietic multipotent progenitor cell
3360,6.6097975,2.67979,8,2790.0,1352,2.18638,pro-B cell
3361,0.7089392,11.685142,5,21127.0,3406,4.657547,erythroid progenitor cell
3362,2.545805,13.3422575,1,30707.0,4649,1.8041489,erythroid progenitor cell
3363,10.926002,4.392226,0,12405.0,3189,2.6602178,hematopoietic multipotent progenitor cell
3364,3.4872117,11.424813,5,33255.0,4869,4.2489853,erythroid progenitor cell
3365,-3.3047574,4.733228,16,3846.0,791,1.5340613,erythroblast
3366,18.700884,3.5326,15,5351.0,1891,5.7372456,common dendritic progenitor
3367,4.009835,11.778893,1,20987.0,3983,4.879211,erythroid progenitor cell
3370,1.1684219,11.175385,5,13836.0,2739,6.056664,proerythroblast
3371,1.7781513,12.339482,5,23413.0,3908,2.8659291,erythroid progenitor cell
3372,13.796923,8.310287,2,18236.0,3650,4.3046722,hematopoietic multipotent progenitor cell
3373,2.1228077,10.653185,5,31377.0,4898,4.742327,erythroid progenitor cell
3374,-2.2420352,7.3935156,4,29108.0,3901,2.8720627,erythroblast
3375,14.221771,4.052246,0,10664.0,2642,1.2190548,hematopoietic multipotent progenitor cell
3376,0.10808708,9.10841,4,44498.0,5648,5.7058744,proerythroblast
3377,10.802258,4.4821386,0,15190.0,3945,3.59447,lymphoid lineage restricted progenitor cell
3378,1.3951629,12.8259735,1,6520.0,1703,0.88957053,proerythroblast
3379,16.40314,9.534488,2,6872.0,2189,3.0122235,hematopoietic multipotent progenitor cell
3381,12.215242,1.7703958,0,11326.0,3366,4.1055975,hematopoietic multipotent progenitor cell
3382,-2.6601074,7.5219555,4,11633.0,2371,4.3067136,erythroblast
3383,14.485603,8.843711,2,11569.0,2374,1.357075,hematopoietic multipotent progenitor cell
3384,9.330617,8.262945,13,22392.0,4508,1.9515898,lymphoid lineage restricted progenitor cell
3385,4.9083295,12.797223,1,18061.0,3486,5.9077573,erythroid progenitor cell
3386,11.147046,4.2610774,0,8644.0,2464,1.3998148,common lymphoid progenitor
3387,12.30545,10.667959,11,9761.0,2447,4.0262265,megakaryocyte-erythroid progenitor cell
3388,7.0938406,6.3200603,3,12782.0,2552,3.4814582,erythroid progenitor cell
3389,13.038826,4.715609,0,2785.0,1041,2.2262118,hematopoietic multipotent progenitor cell
3390,17.113077,4.4604473,15,3292.0,1405,8.353584,common dendritic progenitor
3391,18.005896,3.699907,15,9669.0,2843,3.433654,common dendritic progenitor
3392,7.6650047,13.257745,14,23214.0,4466,3.3514256,granulocyte
3393,12.647164,5.017652,0,1768.0,844,6.334842,hematopoietic multipotent progenitor cell
3394,2.5212243,11.099799,5,26098.0,4436,5.7437353,erythroid progenitor cell
3395,12.803805,9.978037,11,15881.0,3396,3.771803,hematopoietic multipotent progenitor cell
3396,2.0554645,11.940875,5,16993.0,3344,4.778438,erythroid progenitor cell
3397,-1.6843145,8.871014,4,15332.0,3050,4.2655883,erythroblast
3398,5.529638,9.932242,7,19402.0,4021,4.0356665,erythroid progenitor cell
3399,4.357314,12.460856,1,18482.0,3913,4.912888,hematopoietic multipotent progenitor cell
3400,14.331512,5.481236,0,11438.0,2388,1.5824444,hematopoietic multipotent progenitor cell
3401,1.3312458,10.112279,5,19215.0,3512,7.697111,proerythroblast
3402,4.2017274,7.9036756,3,37583.0,5653,1.8385973,erythroid progenitor cell
3403,11.74695,3.4296753,0,9654.0,2651,2.0198882,common lymphoid progenitor
3404,7.134167,7.985194,3,11095.0,2519,6.8769717,erythroid progenitor cell
3405,-0.9173757,10.373882,4,17501.0,3157,2.674133,proerythroblast
3406,11.1692705,4.99392,6,14626.0,3214,2.9536443,granulocyte
3407,-2.047605,6.5494857,4,12887.0,2677,9.412586,erythroblast
3408,-0.99249333,9.227243,4,22229.0,3867,3.940798,erythroid progenitor cell
3409,2.8192804,10.03066,7,23647.0,3400,1.8226413,erythroid progenitor cell
3410,14.191193,8.698016,2,23347.0,4724,4.7586417,hematopoietic multipotent progenitor cell
3411,12.146097,8.257819,10,8615.0,3181,5.5368543,myeloid lineage restricted progenitor cell
3412,13.247717,5.8328915,0,11074.0,2729,1.7608814,hematopoietic multipotent progenitor cell
3413,3.0142744,11.855559,1,18782.0,3537,4.381855,erythroid progenitor cell
3414,12.723203,8.483829,10,11513.0,3015,6.9139233,myeloid lineage restricted progenitor cell
3415,7.509867,11.139104,9,11594.0,3055,3.208556,erythroid progenitor cell
3416,9.45071,-0.24307574,12,4757.0,1678,2.3123817,precursor B cell
3417,1.715751,9.98979,5,15714.0,3160,4.7219043,proerythroblast
3418,5.345242,11.263611,1,20377.0,3764,3.7689552,erythroid progenitor cell
3419,5.2324452,11.08313,9,38410.0,5359,2.7987502,erythroid progenitor cell
3420,-3.4085755,6.466342,4,24959.0,3751,0.9255178,erythroblast
3421,5.445862,12.104743,1,26424.0,4525,1.8770814,hematopoietic multipotent progenitor cell
3422,8.543117,2.373847,8,1191.0,651,3.5264485,precursor B cell
3423,15.657768,8.589889,2,15190.0,3682,2.903226,hematopoietic multipotent progenitor cell
3424,4.139086,13.187287,1,31247.0,5088,2.3874292,hematopoietic multipotent progenitor cell
3425,-0.43831417,10.249345,4,11152.0,2424,5.209828,proerythroblast
3426,12.696504,1.9054011,0,7412.0,2305,1.0658392,hematopoietic multipotent progenitor cell
3427,3.0597606,13.582629,1,20081.0,4223,2.6243713,erythroid progenitor cell
3428,3.309752,12.234857,1,27383.0,4449,4.236205,erythroid progenitor cell
3429,6.410016,12.258837,9,15261.0,3412,3.8922746,erythroid progenitor cell
3430,0.763272,10.836302,5,14646.0,3217,3.5094905,proerythroblast
3431,4.7799983,13.292995,1,39082.0,5184,2.7736554,erythroid progenitor cell
3432,-1.4523544,7.8197217,4,15745.0,2918,6.3956814,erythroblast
3433,5.9946775,8.283419,3,13994.0,3461,5.066457,erythroid progenitor cell
3434,-3.3704057,3.2052014,16,1021.0,259,2.3506365,erythroid progenitor cell
3435,12.266667,5.9070363,0,11382.0,2809,2.9871726,hematopoietic multipotent progenitor cell
3436,12.597615,4.661604,0,10062.0,2786,1.5205724,hematopoietic multipotent progenitor cell
3438,5.744042,12.924756,1,23996.0,4422,3.171362,erythroid progenitor cell
3439,13.231413,4.8866086,0,12853.0,3234,6.8233094,hematopoietic multipotent progenitor cell
3440,-2.587314,7.2631254,4,16311.0,3013,4.19962,erythroblast
3441,12.09576,5.8209987,0,15940.0,3721,3.4692597,myeloid lineage restricted progenitor cell
3442,3.4330366,11.639887,7,18517.0,3401,3.1862612,erythroid progenitor cell
3443,10.596941,6.7960453,13,19403.0,4167,2.0718446,lymphoid lineage restricted progenitor cell
3444,3.6290846,12.795503,1,18077.0,3351,2.859988,erythroid progenitor cell
3445,6.8069587,6.2350636,3,13628.0,3006,1.7243909,erythroid progenitor cell
3446,9.515755,9.893684,6,13403.0,3204,2.753115,megakaryocyte-erythroid progenitor cell
3447,13.578362,3.0931716,0,7026.0,2441,3.1454597,hematopoietic multipotent progenitor cell
3448,-3.7908165,4.4419856,16,2511.0,423,1.035444,erythroblast
3449,7.62172,9.724764,7,20639.0,4689,3.8519309,erythroid progenitor cell
3450,12.364528,8.742759,10,16497.0,3728,5.916227,myeloid lineage restricted progenitor cell
3451,14.80143,7.6745343,2,10569.0,2754,2.2802536,myeloid lineage restricted progenitor cell
3452,13.735638,7.585455,10,10192.0,2304,2.7864993,hematopoietic multipotent progenitor cell
3454,9.138796,8.621897,6,14724.0,3397,3.8101058,erythroid progenitor cell
3455,12.923281,7.974417,10,12530.0,2253,2.8810854,myeloid lineage restricted progenitor cell
3456,15.618012,6.669613,2,12227.0,2854,1.6111884,hematopoietic multipotent progenitor cell
3457,3.4200687,11.325471,5,7331.0,2081,9.371163,proerythroblast
3458,8.44009,9.5986,6,19276.0,4053,6.505499,erythroid progenitor cell
3459,4.0591025,13.411664,1,36149.0,5336,4.210352,erythroid progenitor cell
3460,6.776644,6.586803,3,23831.0,4128,1.1497629,megakaryocyte-erythroid progenitor cell
3461,6.624639,11.234888,1,30620.0,4392,5.6237755,erythroid progenitor cell
3462,6.5771074,6.5067353,3,13677.0,2810,3.5168533,erythroid progenitor cell
3463,2.4165552,11.298779,5,8693.0,2255,8.466582,erythroid progenitor cell
3464,0.27403527,11.06523,5,26892.0,4160,3.2797859,proerythroblast
3465,2.39862,8.752089,7,34044.0,5316,5.675009,proerythroblast
3466,2.424213,10.455153,5,28639.0,4987,8.505884,erythroid progenitor cell
3467,11.385859,5.698188,10,11533.0,3261,2.5925605,common dendritic progenitor
3468,-0.59761184,9.402078,4,13123.0,2778,8.648937,proerythroblast
3469,16.101896,8.921839,2,9218.0,2774,4.3827295,hematopoietic multipotent progenitor cell
3470,9.401962,0.4201981,12,2198.0,918,3.8216562,precursor B cell
3471,11.987629,7.808632,10,11182.0,3055,4.104811,myeloid lineage restricted progenitor cell
3472,4.652842,8.3236885,3,31735.0,5277,8.281077,erythroid progenitor cell
3473,13.219233,6.610586,10,7991.0,2088,2.3526468,myeloid lineage restricted progenitor cell
3475,3.7107077,9.485835,7,20639.0,3835,2.519502,erythroid progenitor cell
3476,12.267162,7.1140027,10,16865.0,3697,4.6605396,myeloid lineage restricted progenitor cell
3477,15.196581,8.509348,2,6537.0,2036,2.1722503,hematopoietic multipotent progenitor cell
3478,7.6261005,10.171212,6,18303.0,3997,2.158116,erythroid progenitor cell
3479,5.0105453,9.482494,7,20789.0,4188,1.9192842,erythroid progenitor cell
3480,8.005683,11.250603,6,11596.0,2843,3.0614007,megakaryocyte-erythroid progenitor cell
3481,12.572887,5.726685,0,9562.0,2811,1.7464966,hematopoietic multipotent progenitor cell
3483,8.917538,14.207728,14,10908.0,2789,3.144481,granulocyte
3484,12.821893,6.4632607,0,11956.0,2852,2.5677483,myeloid lineage restricted progenitor cell
3485,8.363073,-0.83749354,12,1313.0,659,4.569688,precursor B cell
3486,7.0174932,8.778464,3,22935.0,4221,3.3573143,granulocyte
3487,14.572782,8.183683,2,12132.0,2792,1.8051435,hematopoietic multipotent progenitor cell
3489,-0.48581833,7.611897,4,30190.0,4483,8.105333,erythroblast
3490,9.709424,10.930413,6,29954.0,5090,3.792482,megakaryocyte-erythroid progenitor cell
3491,1.9270576,10.596807,5,22371.0,3526,1.7924992,proerythroblast
3492,6.1936865,6.058987,3,15002.0,2903,6.872417,erythroid progenitor cell
3493,9.297016,9.021754,6,9954.0,2864,2.8028934,megakaryocyte-erythroid progenitor cell
3494,4.2942963,8.046404,3,41216.0,5827,2.792605,erythroid progenitor cell
3495,9.310985,9.834493,6,13063.0,3241,0.77317613,megakaryocyte-erythroid progenitor cell
3496,9.153475,4.66063,8,7636.0,2660,4.1382923,lymphoid lineage restricted progenitor cell
3497,3.8763602,13.287301,1,29769.0,5033,1.8845108,erythroid progenitor cell
3498,-3.5635462,3.322646,16,950.0,226,1.3684211,erythroid progenitor cell
3499,15.471492,6.7803183,2,7147.0,1746,2.1267664,hematopoietic multipotent progenitor cell
3500,8.72138,10.254733,6,17260.0,4308,5.4171495,megakaryocyte-erythroid progenitor cell
3501,5.9658604,8.128147,3,27432.0,5132,3.6344416,erythroid progenitor cell
3502,14.374578,10.144595,2,13949.0,3473,3.6346693,lymphoid lineage restricted progenitor cell
3503,-2.6697943,7.695588,4,22943.0,3686,3.6045854,erythroblast
3506,14.434075,10.09083,2,13789.0,3780,3.7566178,lymphoid lineage restricted progenitor cell
3507,2.6738572,9.096389,7,38150.0,5430,6.21232,proerythroblast
3508,5.965271,8.99913,7,34789.0,5412,5.803559,erythroid progenitor cell
3509,15.191832,10.129051,2,8437.0,2347,3.1409268,hematopoietic multipotent progenitor cell
3510,3.5468142,11.290622,5,24343.0,4494,7.094442,erythroid progenitor cell
3511,9.0993805,3.1627247,8,7848.0,2830,9.339959,common lymphoid progenitor
3512,2.0868177,9.618821,5,43280.0,5954,4.750462,proerythroblast
3513,13.318668,4.712599,0,6322.0,1915,5.5520406,hematopoietic multipotent progenitor cell
3514,5.0021224,13.842976,1,23974.0,4088,1.8311504,erythroid progenitor cell
3515,9.620343,10.011328,6,15000.0,3775,3.9133332,megakaryocyte-erythroid progenitor cell
3516,6.2061253,12.354663,9,9463.0,2342,8.401141,hematopoietic multipotent progenitor cell
3517,11.378599,7.5515685,13,9623.0,2749,1.6938584,lymphoid lineage restricted progenitor cell
3518,1.9076631,11.507,5,26759.0,4344,4.185508,erythroid progenitor cell
3520,16.342352,11.318756,2,10918.0,3089,2.1707273,hematopoietic multipotent progenitor cell
3521,5.657188,7.22449,3,13433.0,2894,4.5708327,erythroid progenitor cell
3522,12.838522,4.3993626,0,9763.0,2902,1.5056847,hematopoietic multipotent progenitor cell
3523,8.912199,0.68653923,12,959.0,516,5.213764,precursor B cell
3524,14.448261,5.9710317,0,15319.0,2971,9.028004,hematopoietic multipotent progenitor cell
3525,16.318869,8.430069,2,9753.0,2849,3.05547,hematopoietic multipotent progenitor cell
3526,8.878431,14.147573,14,3511.0,1372,6.5223584,granulocyte
3527,14.471515,4.9700136,0,5989.0,1617,0.8014694,hematopoietic multipotent progenitor cell
3528,7.628319,13.541799,14,16668.0,3229,5.3335733,granulocyte
3529,15.257402,9.56598,2,7391.0,2240,2.7330537,hematopoietic multipotent progenitor cell
3530,6.125865,11.064461,9,11169.0,3195,9.660668,erythroid progenitor cell
3531,10.102122,5.838058,8,14102.0,3439,1.3189619,lymphoid lineage restricted progenitor cell
3532,13.019634,3.191725,0,13467.0,3171,2.7029033,hematopoietic multipotent progenitor cell
3533,6.077423,12.063564,9,21408.0,3922,4.675822,erythroid progenitor cell
3534,2.6541388,8.1191,3,14088.0,3331,1.2208972,erythroid progenitor cell
3535,5.291294,10.057832,7,26144.0,4538,1.8971847,erythroid progenitor cell
3536,3.6096084,9.983535,7,32677.0,4780,3.1184013,erythroid progenitor cell
3537,4.3814754,10.408986,7,28067.0,4582,3.4987707,erythroid progenitor cell
3538,4.27987,11.054951,7,27969.0,4522,3.528907,erythroid progenitor cell
3539,12.201141,10.669114,11,7639.0,1917,2.277785,megakaryocyte-erythroid progenitor cell
3540,-1.1224732,8.788563,4,43949.0,5770,3.906801,proerythroblast
3541,12.937144,3.6302292,0,6651.0,2261,4.465494,hematopoietic multipotent progenitor cell
3542,12.134781,3.773225,0,12679.0,3137,0.46533638,common lymphoid progenitor
3543,3.7638052,12.649726,1,25773.0,4046,2.3512979,erythroid progenitor cell
3545,8.603771,-0.4219088,12,4154.0,1402,3.5628312,precursor B cell
3546,2.9871287,10.885398,5,29372.0,4908,5.621,proerythroblast
3547,11.383409,5.210339,0,11914.0,3318,2.6019807,common lymphoid progenitor
3548,11.679103,6.354963,13,11892.0,3184,3.994282,hematopoietic multipotent progenitor cell
3550,3.6536202,12.821103,1,22884.0,4074,3.0938647,erythroid progenitor cell
3551,7.613283,2.6419647,8,855.0,547,8.421053,pro-B cell
3552,4.68329,10.416924,7,16620.0,3519,2.635379,erythroid progenitor cell
3553,12.758314,3.1251483,0,9706.0,2892,1.3805894,hematopoietic multipotent progenitor cell
3554,9.343952,9.410915,6,13868.0,3303,3.432362,megakaryocyte-erythroid progenitor cell
3555,5.3666706,7.5862966,3,18530.0,3639,6.152186,erythroid progenitor cell
3556,8.563478,9.23753,6,24127.0,4480,3.5686162,erythroid progenitor cell
3557,14.321234,9.662453,2,14464.0,3534,3.0212944,hematopoietic multipotent progenitor cell
3558,13.350349,7.9584036,10,11621.0,2380,2.237329,myeloid lineage restricted progenitor cell
3559,2.4157221,9.748835,5,22944.0,4596,9.684449,proerythroblast
3560,4.9708257,10.649042,7,53075.0,5930,2.208196,erythroid progenitor cell
3561,1.5137932,11.765752,5,27207.0,4385,3.5836365,erythroid progenitor cell
3562,10.460396,9.56933,11,12023.0,2888,2.3205523,megakaryocyte-erythroid progenitor cell
3563,12.146857,6.6673303,13,15552.0,3186,1.3695987,hematopoietic multipotent progenitor cell
3564,10.221374,9.429877,11,10410.0,2831,5.8981752,erythroid progenitor cell
3565,6.7823753,11.26505,9,13803.0,3345,8.795189,erythroid progenitor cell
3566,2.989436,13.95067,1,26083.0,4680,2.6645708,proerythroblast
3567,3.603039,14.264766,1,21027.0,3552,1.745375,erythroid progenitor cell
3568,14.47978,7.7967563,2,12471.0,2745,3.8088367,hematopoietic multipotent progenitor cell
3569,12.871284,10.9467125,11,8957.0,2286,7.189907,hematopoietic multipotent progenitor cell
3570,9.925547,13.360964,14,4835.0,1448,2.7714581,granulocyte
3571,1.9148271,11.003621,5,15058.0,2946,3.1411874,erythroid progenitor cell
3572,16.235954,10.440325,2,7509.0,2505,4.5279,hematopoietic multipotent progenitor cell
3573,9.700886,-0.73389554,12,7886.0,2252,8.191732,precursor B cell
3574,8.572075,8.307028,6,16392.0,3340,4.8804293,megakaryocyte-erythroid progenitor cell
3576,4.679482,10.77393,7,17504.0,3754,5.7415447,erythroid progenitor cell
3577,1.8529323,12.135363,5,10761.0,2329,6.8209276,erythroid progenitor cell
3578,14.777483,4.0554943,0,7963.0,2137,0.43953285,hematopoietic multipotent progenitor cell
3579,15.159497,10.23476,2,10457.0,2626,2.1803577,hematopoietic multipotent progenitor cell
3581,4.5697594,10.786126,7,53018.0,5991,3.562941,erythroid progenitor cell
3582,13.469016,4.117522,0,13717.0,3126,2.471386,hematopoietic multipotent progenitor cell
3583,5.085317,11.226754,9,29566.0,4747,4.1973886,erythroid progenitor cell
3584,3.0269008,11.204909,5,32574.0,4742,3.2449193,hematopoietic multipotent progenitor cell
3585,7.6500254,6.636386,3,504.0,316,5.555556,hematopoietic multipotent progenitor cell
3586,16.461216,10.077304,2,11315.0,3207,2.2536457,hematopoietic multipotent progenitor cell
3587,9.565612,7.8825293,13,24037.0,4475,2.6916838,erythroid progenitor cell
3588,12.726731,5.0821147,0,11833.0,3007,1.8085016,hematopoietic multipotent progenitor cell
3589,11.313326,7.6225805,13,12668.0,3603,3.2996528,lymphoid lineage restricted progenitor cell
3590,12.002756,2.7682717,0,10945.0,3195,2.0648696,hematopoietic multipotent progenitor cell
3591,15.557211,7.206808,2,8504.0,2252,2.0108185,hematopoietic multipotent progenitor cell
3592,11.808944,7.9387827,13,18302.0,4194,2.201945,lymphoid lineage restricted progenitor cell
3593,6.709964,12.998488,3,21747.0,4128,2.303766,granulocyte
3594,10.038596,9.778151,6,10919.0,2818,3.1413133,megakaryocyte-erythroid progenitor cell
3595,-0.43841028,7.6489406,4,38869.0,5286,5.4259176,erythroblast
3596,8.276299,1.3630514,8,4711.0,1586,3.5236678,precursor B cell
3597,5.155936,7.2072287,3,17781.0,3613,6.608177,erythroid progenitor cell
3598,8.605506,11.588911,6,10466.0,2558,0.5446207,megakaryocyte-erythroid progenitor cell
3599,8.614841,10.052173,6,22449.0,4620,5.078177,megakaryocyte-erythroid progenitor cell
3600,3.696412,12.72147,1,21995.0,3463,2.53694,erythroid progenitor cell
3601,3.7660334,10.227303,7,15391.0,2752,2.4494834,erythroid progenitor cell
3602,6.276538,12.203024,9,12767.0,3029,6.97893,erythroid progenitor cell
3603,16.283665,11.132579,2,10033.0,2767,2.8107247,hematopoietic multipotent progenitor cell
3604,6.847347,7.432374,3,20252.0,3646,3.1651194,megakaryocyte-erythroid progenitor cell
3605,11.461313,5.526199,6,12488.0,3059,2.4743755,hematopoietic multipotent progenitor cell
3606,0.55224013,10.472707,5,36060.0,5183,2.3100388,proerythroblast
3608,4.934665,9.715744,7,37971.0,5389,4.2137423,erythroid progenitor cell
3609,4.317501,9.524358,7,27021.0,4378,2.6312866,erythroid progenitor cell
3610,14.515091,8.786497,2,11317.0,2634,1.740744,hematopoietic multipotent progenitor cell
3611,6.8255973,12.60863,9,14320.0,3630,6.5851955,erythroid progenitor cell
3612,-3.634279,5.0112553,16,2348.0,496,2.427598,erythroblast
3613,9.883148,11.445996,6,13156.0,3148,4.416236,megakaryocyte-erythroid progenitor cell
3614,6.1551223,12.096904,9,18945.0,3598,4.0485616,erythroid progenitor cell
3615,15.705897,7.9648814,2,10982.0,2993,2.9320705,hematopoietic multipotent progenitor cell
3617,-3.8411868,4.820489,16,3663.0,551,1.2831013,erythroblast
3618,4.648717,10.658196,7,33259.0,5258,5.433116,erythroid progenitor cell
3619,-0.46931633,9.892884,4,32351.0,4208,1.5486383,proerythroblast
3620,9.852883,4.1387687,8,10477.0,2792,2.8061469,common lymphoid progenitor
3621,5.989902,6.451215,3,14970.0,2970,5.551102,erythroid progenitor cell
3622,13.590455,2.9534762,0,9326.0,2288,5.5007505,hematopoietic multipotent progenitor cell
3623,5.054249,12.610047,1,23653.0,4423,3.2258062,hematopoietic multipotent progenitor cell
3624,3.0488768,13.062503,1,23697.0,4276,2.6501245,hematopoietic multipotent progenitor cell
3625,13.114185,5.1789494,0,13451.0,3483,1.0333804,hematopoietic multipotent progenitor cell
3626,-2.5289707,7.863003,4,20807.0,3782,8.670159,erythroblast
3627,11.347828,4.2381477,6,12494.0,3194,2.4491756,megakaryocyte-erythroid progenitor cell
3628,10.82962,6.6733923,13,20172.0,3959,1.8639698,hematopoietic multipotent progenitor cell
3629,6.567571,2.4776084,8,3436.0,1529,2.968568,pro-B cell
3630,6.3407617,6.0441127,3,19370.0,3308,2.901394,erythroid progenitor cell
3631,5.646903,11.785712,1,28934.0,4835,5.1185455,hematopoietic multipotent progenitor cell
3632,0.3405951,10.713531,5,24083.0,3797,5.514263,proerythroblast
3635,8.780462,10.387693,6,20449.0,4120,1.1736515,megakaryocyte-erythroid progenitor cell
3636,11.696362,5.939762,13,19000.0,3845,3.3947368,hematopoietic multipotent progenitor cell
3637,14.648246,5.905199,0,9130.0,2067,3.0010953,hematopoietic multipotent progenitor cell
3638,3.6583228,12.886058,1,22528.0,3992,4.3945312,erythroid progenitor cell
3639,13.4150915,8.48126,10,11948.0,2863,4.9045863,myeloid lineage restricted progenitor cell
3640,11.363812,10.243878,11,15196.0,3520,1.5859436,megakaryocyte-erythroid progenitor cell
3641,15.273255,7.34306,2,6550.0,1875,4.351145,hematopoietic multipotent progenitor cell
3643,5.966873,13.539129,6,16584.0,3370,1.6883744,erythroid progenitor cell
3644,5.9562626,7.8893814,3,32407.0,4911,3.0579813,erythroid progenitor cell
3645,3.2263055,13.030649,1,16138.0,3038,1.1649523,erythroid progenitor cell
3646,13.076031,10.854146,11,9301.0,2328,2.1073003,hematopoietic multipotent progenitor cell
3647,7.853785,13.646147,14,29076.0,4690,2.0050902,granulocyte
3648,16.045511,9.753871,2,8156.0,2403,3.2246199,hematopoietic multipotent progenitor cell
3649,3.207488,9.961297,7,38440.0,4709,1.2721124,erythroid progenitor cell
3651,14.118019,10.083034,2,23911.0,4749,3.4419305,lymphoid lineage restricted progenitor cell
3652,-3.82319,4.753215,16,1694.0,496,3.305785,erythroblast
3653,3.3925672,10.796565,5,33945.0,5490,6.5576663,erythroid progenitor cell
3654,5.568286,6.4903836,3,31510.0,4858,2.4214535,erythroid progenitor cell
3655,4.490694,14.037339,1,25427.0,4666,1.8444961,erythroid progenitor cell
3656,14.546973,7.34307,2,23646.0,3962,2.8799796,hematopoietic multipotent progenitor cell
3657,-1.9563229,7.4455605,4,18100.0,3537,6.8618784,erythroblast
3658,12.199698,10.119688,11,7969.0,1952,4.5677,megakaryocyte-erythroid progenitor cell
3660,6.933712,7.9737787,3,14006.0,3390,7.089819,erythroid progenitor cell
3661,11.204066,10.399938,11,15330.0,3821,3.9726026,megakaryocyte-erythroid progenitor cell
3662,-2.9186728,7.5323043,4,14778.0,2852,4.628502,erythroblast
3664,13.119951,3.695564,0,9364.0,2434,2.498932,hematopoietic multipotent progenitor cell
3665,14.895676,9.53086,2,5834.0,1806,2.176894,hematopoietic multipotent progenitor cell
3666,14.395562,8.706547,2,21946.0,4783,2.8570127,hematopoietic multipotent progenitor cell
3667,15.359641,7.449369,2,5693.0,1595,2.6699455,hematopoietic multipotent progenitor cell
3668,6.9084806,2.5472271,8,1411.0,771,5.386251,pro-B cell
3669,2.3330941,10.44027,5,32733.0,5124,7.5764523,proerythroblast
3671,12.175874,9.06774,10,10316.0,2886,5.6126404,myeloid lineage restricted progenitor cell
3672,7.661423,3.0474372,8,7487.0,2340,1.375718,lymphoid lineage restricted progenitor cell
3673,13.994328,5.8649197,0,9652.0,2112,1.8130958,hematopoietic multipotent progenitor cell
3674,8.409222,11.246371,6,11648.0,2636,2.0947802,megakaryocyte-erythroid progenitor cell
3676,-0.31712487,8.924963,4,35652.0,4784,5.231123,proerythroblast
3677,13.479027,7.3936024,10,15054.0,2801,2.0526106,myeloid lineage restricted progenitor cell
3678,14.097947,5.4242687,0,13723.0,3058,4.6637034,hematopoietic multipotent progenitor cell
3679,8.660402,8.179945,6,19595.0,4382,3.9704006,erythroid progenitor cell
3680,13.010005,8.583191,2,24126.0,4446,2.86413,lymphoid lineage restricted progenitor cell
3682,4.0066967,8.781169,7,36912.0,5157,4.0637193,erythroid progenitor cell
3683,16.389996,9.565393,2,9493.0,2600,2.991678,hematopoietic multipotent progenitor cell
3684,15.001584,8.238643,2,13453.0,3242,3.2855127,hematopoietic multipotent progenitor cell
3685,12.325157,7.42323,10,14592.0,3236,3.2894738,myeloid lineage restricted progenitor cell
3686,11.313676,10.018414,11,6232.0,1903,5.9691916,megakaryocyte-erythroid progenitor cell
3687,4.828967,11.237755,1,31660.0,5320,6.181301,erythroid progenitor cell
3688,6.075657,10.055037,7,24077.0,4350,5.428417,erythroid progenitor cell
3689,5.175338,8.1528845,3,40690.0,5834,6.9771447,erythroid progenitor cell
3690,16.157131,8.550072,2,7937.0,2172,2.8852212,hematopoietic multipotent progenitor cell
3691,3.361457,13.436046,1,22268.0,3577,1.6391234,erythroid progenitor cell
3692,13.37337,7.6350718,10,18631.0,3441,2.3992271,myeloid lineage restricted progenitor cell
3693,5.051088,11.436317,1,50685.0,6107,3.4092925,erythroid progenitor cell
3694,14.977176,7.846603,2,20001.0,3961,2.7048647,hematopoietic multipotent progenitor cell
3695,8.09935,7.184647,3,20063.0,3714,3.2796693,erythroid progenitor cell
3696,-0.76753426,8.194999,4,20426.0,3668,4.0046997,proerythroblast
3697,-2.1185224,6.5589643,4,33755.0,4576,5.279218,erythroblast
3698,14.989665,9.8220005,2,7909.0,2211,2.7942848,hematopoietic multipotent progenitor cell
3700,14.156671,4.5232654,0,9648.0,2440,0.7359038,hematopoietic multipotent progenitor cell
3701,2.6327894,10.110734,5,9508.0,2650,8.477072,proerythroblast
3702,7.3915405,10.009279,6,17366.0,4141,2.4300358,erythroid progenitor cell
3703,-0.3962469,11.144438,1,30199.0,3950,1.9139707,proerythroblast
3705,12.330855,3.1498606,0,13226.0,3235,3.8106759,hematopoietic multipotent progenitor cell
3706,14.516378,4.5845757,0,7035.0,1979,1.7484009,hematopoietic multipotent progenitor cell
3707,-2.070223,8.371349,4,7295.0,1981,8.608636,erythroblast
3708,13.687014,4.0616755,0,9838.0,2547,1.2807481,hematopoietic multipotent progenitor cell
3709,3.8858373,11.190737,1,12067.0,3057,8.121323,erythroid progenitor cell
3710,8.134653,0.59814507,8,2200.0,1087,3.8636365,precursor B cell
3711,12.940415,8.117473,10,16319.0,2818,2.0283105,myeloid lineage restricted progenitor cell
3712,7.5199356,8.257467,3,25275.0,5178,4.6013846,erythroid progenitor cell
3713,9.921582,4.1931963,8,5981.0,2080,2.3073065,common lymphoid progenitor
3714,12.091055,2.5448098,0,11177.0,3112,2.2098954,hematopoietic multipotent progenitor cell
3717,7.2040124,8.184704,3,13124.0,3156,8.724474,granulocyte
3718,12.717644,3.435186,0,14061.0,3209,3.9968708,hematopoietic multipotent progenitor cell
3719,13.91761,3.430714,0,12718.0,3478,0.7076584,hematopoietic multipotent progenitor cell
3720,-3.6805003,3.3042243,16,1839.0,231,0.38064167,proerythroblast
3721,2.9987729,12.862235,1,33472.0,5011,2.4796846,erythroid progenitor cell
3723,13.471855,4.9534864,0,7801.0,2123,3.717472,hematopoietic multipotent progenitor cell
3724,6.850227,2.5811133,8,2216.0,1047,9.02527,pro-B cell
3725,1.6354998,9.20534,5,32285.0,4547,4.748335,proerythroblast
3726,0.26032296,11.1556225,1,39394.0,4376,2.152612,proerythroblast
3727,8.169514,0.6955223,8,2936.0,1346,2.9632154,precursor B cell
3728,15.319648,7.3626957,2,10633.0,2572,5.266623,hematopoietic multipotent progenitor cell
3729,-3.71595,3.563492,16,1515.0,273,1.9141915,erythroblast
3730,-2.4241006,7.5420465,4,19844.0,3287,3.8349123,erythroblast
3731,11.986506,5.3798866,0,14137.0,3637,2.8577492,hematopoietic multipotent progenitor cell
3732,4.1206937,9.319814,7,35013.0,4758,2.444806,erythroid progenitor cell
3733,9.429466,0.74373037,12,1069.0,579,9.260991,precursor B cell
3734,4.6303062,7.903106,3,18379.0,3273,6.7685947,erythroid progenitor cell
3735,-1.8132133,9.868389,4,20262.0,2972,0.5182114,proerythroblast
3736,1.7526305,11.062877,5,21264.0,3645,4.900301,erythroid progenitor cell
3737,11.659682,9.331528,11,13032.0,2962,2.6780233,hematopoietic multipotent progenitor cell
3738,5.3447547,9.057801,7,31301.0,5023,5.8432636,erythroid progenitor cell
3739,6.540281,10.71501,9,16538.0,3464,1.9712178,megakaryocyte-erythroid progenitor cell
3740,9.612196,14.438552,14,7938.0,2450,0.65507686,granulocyte
3741,11.80855,6.03599,10,5088.0,2184,8.765723,common lymphoid progenitor
3742,-0.74541724,10.965939,4,19909.0,3212,1.752976,proerythroblast
3743,0.57741886,10.420815,5,22678.0,4030,4.017109,erythroid progenitor cell
3744,12.164165,4.711514,0,10158.0,2351,2.8056703,hematopoietic multipotent progenitor cell
3745,10.093616,-1.006199,12,15004.0,3567,1.9728072,precursor B cell
3746,8.483225,10.370057,6,33493.0,5370,1.6540769,megakaryocyte-erythroid progenitor cell
3747,-1.184737,10.568171,4,26964.0,3576,1.6651832,proerythroblast
3748,4.196323,7.929337,3,30556.0,5442,1.4857966,erythroid progenitor cell
3749,5.5812235,9.530625,7,29277.0,5082,1.1852307,erythroid progenitor cell
3750,8.565735,10.558167,6,23023.0,4804,1.2856709,megakaryocyte-erythroid progenitor cell
3751,8.882264,2.2700138,8,21683.0,4735,1.955449,lymphoid lineage restricted progenitor cell
3752,14.207305,4.4892898,0,9078.0,2297,1.71844,hematopoietic multipotent progenitor cell
3753,14.69778,8.407859,2,10255.0,2393,2.7498782,hematopoietic multipotent progenitor cell
3754,16.034967,8.389127,2,18125.0,4061,3.481379,hematopoietic multipotent progenitor cell
3755,5.320085,6.769227,3,17186.0,3327,3.898522,erythroid progenitor cell
3756,2.546213,10.0499935,5,34461.0,5583,5.852993,proerythroblast
3757,10.426958,9.394265,11,10327.0,2882,3.8636584,erythroid progenitor cell
3758,8.69215,10.22717,6,17447.0,4138,5.657133,megakaryocyte-erythroid progenitor cell
3759,3.1117866,12.135739,1,26207.0,4068,3.3120923,erythroid progenitor cell
3760,12.761051,6.796113,10,2522.0,1056,3.4892943,myeloid lineage restricted progenitor cell
3761,6.237735,9.423156,7,21640.0,4389,3.8123846,erythroid progenitor cell
3762,5.073868,11.341774,7,34006.0,5050,2.6642358,erythroid progenitor cell
3763,-3.8692617,4.4881825,16,1036.0,372,2.5096524,erythroblast
3764,9.355137,14.641562,14,12755.0,3430,2.2971385,granulocyte
3765,12.354846,11.302984,11,9507.0,2643,5.175134,megakaryocyte-erythroid progenitor cell
3766,0.38650745,11.7050295,5,22617.0,3493,3.9483573,proerythroblast
3767,4.1280622,10.05529,7,24914.0,4576,6.8756523,erythroid progenitor cell
3768,-0.6330042,8.396677,4,45098.0,5655,4.1243515,proerythroblast
3769,5.3465867,9.436528,7,33189.0,4940,5.5199013,erythroid progenitor cell
3770,0.22713539,12.092793,1,23703.0,3498,1.8773996,proerythroblast
3771,6.2575493,11.0646715,9,10839.0,2958,8.681612,erythroid progenitor cell
3772,4.5011616,8.975331,7,42461.0,5835,5.6993475,erythroid progenitor cell
3773,11.931493,7.694451,13,11339.0,3033,3.2983508,lymphoid lineage restricted progenitor cell
3774,3.4449074,9.769346,5,26446.0,4523,5.6984043,hematopoietic multipotent progenitor cell
3775,8.429884,10.037979,6,20029.0,3811,1.5876979,erythroid progenitor cell
3776,15.821925,10.622842,2,14554.0,3543,3.3049333,hematopoietic multipotent progenitor cell
3777,2.624086,11.544701,5,33608.0,5074,3.9484646,erythroid progenitor cell
3778,8.2384,9.398995,6,28145.0,5326,2.0572038,erythroid progenitor cell
3779,16.000675,10.601808,2,7872.0,2363,2.2992887,hematopoietic multipotent progenitor cell
3780,10.878368,8.470905,17,1004.0,454,5.9760957,hematopoietic multipotent progenitor cell
3781,-2.4698522,6.952132,4,32189.0,4894,5.9026375,erythroblast
3782,-3.6369317,5.17495,16,4033.0,1060,2.0332258,erythroblast
3783,-0.6766965,9.581504,4,12091.0,3075,2.853362,proerythroblast
3784,14.057668,4.0359187,0,9859.0,2543,1.0853028,hematopoietic multipotent progenitor cell
3785,8.921501,9.42569,6,22802.0,4598,7.0783267,megakaryocyte-erythroid progenitor cell
3786,0.1538906,9.303882,4,48571.0,6054,4.4903336,proerythroblast
3788,12.572421,5.393442,0,12203.0,3312,2.3436859,hematopoietic multipotent progenitor cell
3789,13.469031,3.119151,0,7928.0,2210,2.6488395,hematopoietic multipotent progenitor cell
3790,12.08808,3.2228808,0,15076.0,3673,3.9068718,hematopoietic multipotent progenitor cell
3792,6.4732428,2.5418456,8,2848.0,1400,2.7738764,pro-B cell
3793,3.628502,11.913488,1,29801.0,5139,4.056911,erythroid progenitor cell
3794,12.830719,8.63423,10,18013.0,3919,4.8742576,myeloid lineage restricted progenitor cell
3795,13.852242,2.4806736,0,12148.0,2931,1.3417846,hematopoietic multipotent progenitor cell
3796,18.719402,3.5768054,15,9863.0,2640,3.2951434,common dendritic progenitor
3797,13.761508,4.7313604,0,14130.0,2954,0.9200283,hematopoietic multipotent progenitor cell
3798,15.474668,6.5944777,2,8583.0,2285,3.029244,common lymphoid progenitor
3799,13.235942,7.489669,10,14348.0,3531,8.398383,myeloid lineage restricted progenitor cell
3800,6.656469,6.474752,3,20467.0,3902,3.2100453,erythroid progenitor cell
3801,8.323958,3.7446432,8,14171.0,3492,1.3619363,lymphoid lineage restricted progenitor cell
3802,3.6972363,11.78387,1,12382.0,2914,7.922791,erythroid progenitor cell
3803,-2.6483731,8.244433,4,12225.0,2248,5.398773,erythroblast
3804,6.657251,2.3308864,8,2581.0,1248,2.6733825,pro-B cell
3805,17.234076,4.437198,15,13197.0,3567,1.8716375,common dendritic progenitor
3806,13.981754,3.9860904,0,9742.0,2447,0.96489424,hematopoietic multipotent progenitor cell
3807,6.0231805,13.056952,1,20430.0,4438,4.067548,granulocyte
3808,8.284945,7.8592477,3,16615.0,3531,4.345471,megakaryocyte-erythroid progenitor cell
3809,13.952997,6.0059304,0,11809.0,2483,0.5250233,hematopoietic multipotent progenitor cell
3810,9.377782,8.12745,3,9426.0,2144,2.1111817,megakaryocyte-erythroid progenitor cell
3811,6.804476,10.577618,7,22462.0,4082,3.4547236,erythroid progenitor cell
3812,15.096772,8.823006,2,5312.0,1732,2.823795,hematopoietic multipotent progenitor cell
3813,12.24112,5.9603086,0,25396.0,4533,2.551583,megakaryocyte-erythroid progenitor cell
3814,15.682761,9.134643,2,11313.0,2790,2.660656,hematopoietic multipotent progenitor cell
3815,2.530688,10.753043,5,17993.0,3813,6.591452,erythroid progenitor cell
3817,8.918876,8.175709,3,4817.0,1686,8.615321,megakaryocyte-erythroid progenitor cell
3818,2.2288682,13.062736,1,24689.0,3520,1.0531006,erythroid progenitor cell
3819,-0.094405614,9.509974,4,19196.0,3502,2.886018,proerythroblast
3820,9.658062,8.658384,11,14286.0,2913,3.247935,erythroid progenitor cell
3821,-1.3932226,9.808941,4,15469.0,2573,5.333247,erythroid progenitor cell
3823,13.909229,5.530384,0,14927.0,3029,2.900784,hematopoietic multipotent progenitor cell
3824,6.241012,7.631597,3,17564.0,3674,6.843544,erythroid progenitor cell
3825,9.932076,13.27547,14,6739.0,1741,3.5910373,granulocyte
3826,8.638813,-1.0042921,12,1847.0,888,1.9491067,precursor B cell
3827,11.672848,3.8010063,0,27534.0,5295,3.8279943,megakaryocyte-erythroid progenitor cell
3828,12.414349,9.590868,11,7909.0,2329,5.171324,pro-B cell
3829,15.670151,9.3166,2,13891.0,3089,3.1819165,hematopoietic multipotent progenitor cell
3830,0.96682,10.775585,5,8913.0,2310,7.24784,proerythroblast
3831,5.4723325,6.53689,3,16829.0,3108,7.005764,erythroid progenitor cell
3832,14.646248,10.047514,2,11156.0,3144,3.6124058,hematopoietic multipotent progenitor cell
3833,11.274465,8.008384,17,8285.0,2229,5.0211225,hematopoietic multipotent progenitor cell
3834,15.380248,7.2766485,2,9315.0,2400,2.0611916,hematopoietic multipotent progenitor cell
3835,12.957579,7.264661,10,22395.0,4386,2.705961,myeloid lineage restricted progenitor cell
3836,12.606885,1.8755231,0,12361.0,3191,1.3995632,hematopoietic multipotent progenitor cell
3837,14.673774,4.789788,0,7191.0,2021,1.3628147,hematopoietic multipotent progenitor cell
3838,6.694504,9.765215,7,55350.0,6739,3.3911474,erythroid progenitor cell
3839,7.192162,6.232553,3,11699.0,2559,3.008804,erythroid progenitor cell
3840,0.7218383,11.772883,5,19974.0,3372,4.726144,proerythroblast
3842,2.5782545,11.797346,5,26035.0,4299,4.286537,erythroid progenitor cell
3843,6.523639,12.474042,9,29408.0,5436,5.790941,erythroid progenitor cell
3844,7.552251,9.734844,6,28862.0,4703,2.2590258,myeloid lineage restricted progenitor cell
3845,5.4119744,11.09721,9,28305.0,4514,2.7662957,erythroid progenitor cell
3846,1.628003,10.346409,5,24498.0,4006,6.514817,proerythroblast
3847,12.848843,3.9450128,0,8791.0,1881,2.9348197,hematopoietic multipotent progenitor cell
3848,2.8297653,11.45655,5,13678.0,3100,4.7594676,hematopoietic multipotent progenitor cell
3849,12.865564,2.3713226,0,10853.0,2601,3.280199,hematopoietic multipotent progenitor cell
3850,9.266816,8.797236,6,12697.0,3428,6.292825,megakaryocyte-erythroid progenitor cell
3851,15.2043495,6.5153623,2,14766.0,2872,0.86685634,hematopoietic multipotent progenitor cell
3852,12.290757,8.029024,10,3786.0,1346,3.7242472,myeloid lineage restricted progenitor cell
3853,2.328933,10.643462,5,35161.0,4550,2.7928672,erythroid progenitor cell
3854,7.0616727,2.4281058,8,1659.0,880,6.690778,pro-B cell
3855,15.218582,7.2490325,2,9362.0,2502,3.0549028,hematopoietic multipotent progenitor cell
3856,6.0471296,6.7430935,3,20548.0,3952,5.187853,erythroid progenitor cell
3858,8.540972,1.2598962,8,2400.0,929,1.6666667,precursor B cell
3860,5.7540317,10.1437235,9,22283.0,3698,0.35004264,erythroid progenitor cell
3861,15.467751,9.850953,2,6876.0,1890,3.3013382,hematopoietic multipotent progenitor cell
3862,5.70794,11.838954,1,19363.0,3602,2.892114,erythroid progenitor cell
3863,11.1345005,9.873028,11,5944.0,1524,6.6790037,megakaryocyte-erythroid progenitor cell
3864,14.272273,7.695476,2,23302.0,4492,3.218608,myeloid lineage restricted progenitor cell
3865,5.598351,11.709239,1,17076.0,3515,4.0290465,hematopoietic multipotent progenitor cell
3866,8.5753355,8.063765,3,11426.0,2701,2.9931736,megakaryocyte-erythroid progenitor cell
3867,10.80455,9.468706,11,12133.0,2854,4.4836397,hematopoietic multipotent progenitor cell
3868,-3.146104,4.641885,16,3860.0,603,1.3989638,erythroblast
3869,6.58658,13.750635,14,7653.0,1869,6.4941854,granulocyte
3870,-2.3872397,8.110687,4,13918.0,2920,4.1600804,erythroblast
3871,13.110624,7.043064,10,17286.0,3137,0.8388291,myeloid lineage restricted progenitor cell
3872,4.2283106,12.268814,1,18183.0,3331,4.119232,erythroid progenitor cell
3873,4.266692,12.206546,1,18331.0,3422,7.1136327,erythroid progenitor cell
3874,9.186829,-1.0536124,12,6409.0,1566,4.244032,precursor B cell
3875,13.426674,5.7253656,0,13837.0,3179,1.6549829,hematopoietic multipotent progenitor cell
3876,13.493539,8.063465,10,19755.0,4346,5.0822577,myeloid lineage restricted progenitor cell
3877,3.9283247,12.675914,1,30004.0,5044,5.0293293,erythroid progenitor cell
3878,11.90434,3.5919232,0,11528.0,2962,0.9541985,hematopoietic multipotent progenitor cell
3879,8.466823,-1.0747521,12,1480.0,770,6.554054,precursor B cell
3880,9.357485,14.306881,14,6779.0,2129,3.4223337,granulocyte
3881,12.487438,6.709109,10,11276.0,2983,2.279177,myeloid lineage restricted progenitor cell
3883,9.543454,-0.15768632,12,2301.0,962,1.3906996,precursor B cell
3884,-0.75349927,9.835393,4,6557.0,1762,9.272532,proerythroblast
3885,10.126068,-0.8640427,12,7188.0,1947,3.9927657,precursor B cell
3886,12.47467,3.7021332,0,9591.0,2356,2.0435824,hematopoietic multipotent progenitor cell
3887,-3.7241957,3.5781026,16,2646.0,330,1.9274377,proerythroblast
3888,4.5320263,14.669929,1,4207.0,1742,5.2293797,lymphoid lineage restricted progenitor cell
3889,13.44236,9.83976,11,19000.0,3332,2.8842103,hematopoietic multipotent progenitor cell
3890,8.318385,0.3838216,8,2089.0,1003,1.9626615,precursor B cell
3891,11.731086,4.737896,0,18800.0,3915,1.1223404,hematopoietic multipotent progenitor cell
3892,3.557583,13.717664,1,18301.0,3362,3.4970767,erythroid progenitor cell
3893,6.4532866,9.402908,7,23146.0,4285,4.0957403,lymphoid lineage restricted progenitor cell
3894,4.5621367,9.085184,7,35282.0,4871,3.4635224,erythroid progenitor cell
3895,4.805462,13.373808,1,19148.0,3426,2.3448923,erythroid progenitor cell
3896,13.617929,7.7825956,10,11156.0,2787,5.172105,myeloid lineage restricted progenitor cell
3897,3.3750777,14.295916,1,17576.0,3181,0.98429674,erythroid progenitor cell
3898,14.722012,5.8075347,0,14332.0,2677,2.1978788,hematopoietic multipotent progenitor cell
3899,9.755848,-0.3736032,12,1356.0,738,8.038348,precursor B cell
3900,8.838252,2.2200365,8,13233.0,3257,7.6475477,pro-B cell
3901,18.380735,3.5471597,15,5785.0,1732,2.4200518,common dendritic progenitor
3902,11.655761,7.7064247,13,17653.0,4537,3.7104175,lymphoid lineage restricted progenitor cell
3903,13.225602,3.7130358,0,11055.0,2600,2.207146,hematopoietic multipotent progenitor cell
3904,10.302092,4.6502995,8,14295.0,3629,4.1203218,common lymphoid progenitor
3905,6.7726536,9.448505,7,21871.0,4446,6.277719,erythroid progenitor cell
3906,4.8593364,10.716078,7,22799.0,4198,5.2502303,erythroid progenitor cell
3907,4.3392534,9.546355,7,35535.0,5460,3.6077108,erythroid progenitor cell
3908,9.724859,0.2090317,12,4009.0,1270,2.9683213,precursor B cell
3909,5.9472713,6.177005,3,15452.0,3248,3.294072,erythroid progenitor cell
3910,-2.1786802,8.946889,4,20657.0,3272,4.182602,proerythroblast
3911,6.855229,12.943146,9,10264.0,2673,7.2096643,granulocyte
3912,2.690199,12.4390545,1,20344.0,3610,4.3550925,erythroid progenitor cell
3914,11.504198,4.572361,6,8556.0,2383,1.741468,hematopoietic multipotent progenitor cell
3915,7.07866,7.4106207,3,27290.0,4817,4.7416635,erythroid progenitor cell
3916,13.863887,11.089627,11,10467.0,3085,2.7132893,hematopoietic multipotent progenitor cell
3917,3.6874695,12.347471,1,23625.0,4066,3.1280425,erythroid progenitor cell
3918,2.3538926,10.000563,5,37328.0,5559,4.9373126,proerythroblast
3919,1.8079692,10.872155,5,29955.0,4617,7.107328,proerythroblast
3920,6.501947,11.3982,9,41811.0,6249,3.6449738,hematopoietic multipotent progenitor cell
3921,12.050322,6.0244164,0,10115.0,2740,4.1522493,myeloid lineage restricted progenitor cell
3922,-3.622655,6.2622023,4,2974.0,1082,4.3712173,erythroblast
3923,4.412348,12.675225,1,34418.0,5496,4.6312976,erythroid progenitor cell
3924,12.785484,4.8813324,0,14541.0,3529,1.5267175,hematopoietic multipotent progenitor cell
3925,7.7709346,9.213423,7,29052.0,5178,4.151177,lymphoid lineage restricted progenitor cell
3926,4.0794735,14.367918,1,33553.0,5533,2.4021697,erythroid progenitor cell
3927,15.526653,9.295151,2,11859.0,2831,3.3729658,hematopoietic multipotent progenitor cell
3928,5.1537666,10.388702,9,23177.0,4162,3.5552487,erythroid progenitor cell
3929,8.02159,3.4100063,8,3621.0,1659,3.203535,lymphoid lineage restricted progenitor cell
3930,12.457083,5.670721,0,7755.0,2170,1.7150226,hematopoietic multipotent progenitor cell
3931,13.385347,2.8378344,0,14983.0,3450,1.8087165,hematopoietic multipotent progenitor cell
3932,8.486252,13.961967,14,8673.0,2327,7.286982,granulocyte
3933,13.714856,4.8574553,0,13788.0,2987,3.1549175,hematopoietic multipotent progenitor cell
3934,14.997511,7.6478033,2,6502.0,1830,2.0455246,hematopoietic multipotent progenitor cell
3935,8.422934,13.910719,14,11925.0,2747,3.6477988,granulocyte
3937,12.291388,5.1465974,0,13082.0,3235,4.586455,myeloid lineage restricted progenitor cell
3938,9.509537,10.883482,6,11277.0,3060,3.3696904,megakaryocyte-erythroid progenitor cell
3939,6.9527974,9.904565,7,24029.0,4652,3.183653,erythroid progenitor cell
3940,-2.1311865,6.756713,4,30392.0,4552,4.5209265,erythroblast
3941,8.53953,3.1546319,8,5656.0,1838,2.6874115,pro-B cell
3943,4.5112066,10.318802,7,43436.0,5888,4.0772634,erythroid progenitor cell
3944,6.6590257,7.3096967,3,25891.0,4472,3.225059,erythroid progenitor cell
3945,4.8884935,12.324972,1,14525.0,3131,4.8055077,megakaryocyte-erythroid progenitor cell
3946,8.675212,11.545457,6,15102.0,3480,2.6420343,erythroid progenitor cell
3948,3.3380525,13.663355,1,29121.0,4912,2.4793105,hematopoietic multipotent progenitor cell
3949,1.690189,11.207613,1,31440.0,4048,2.0324428,proerythroblast
3950,7.364581,7.903582,3,6312.0,2274,9.077947,erythroid progenitor cell
3951,2.1794014,9.602932,5,31360.0,4344,4.783163,erythroid progenitor cell
3952,9.643004,-0.20388107,12,1400.0,703,4.142857,precursor B cell
3953,11.039115,5.3107595,13,10777.0,3173,3.2105408,hematopoietic multipotent progenitor cell
3954,6.7215133,12.500959,9,23401.0,4578,4.717747,erythroid progenitor cell
3955,12.183777,4.5508184,0,7359.0,1882,2.26933,hematopoietic multipotent progenitor cell
3956,15.926956,10.369915,2,8522.0,2416,3.2504108,hematopoietic multipotent progenitor cell
3959,5.182443,12.666369,1,12180.0,3097,7.9474545,erythroid progenitor cell
3960,2.4842389,8.473129,3,44218.0,6245,5.2625628,proerythroblast
3961,14.717039,5.881865,0,9297.0,2099,2.032914,hematopoietic multipotent progenitor cell
3962,1.8804222,9.996471,5,37604.0,5358,3.3161364,erythroid progenitor cell
3963,6.0159283,9.344393,7,28769.0,5075,7.1431055,lymphoid lineage restricted progenitor cell
3964,9.206918,-0.6852932,12,2510.0,1098,2.629482,precursor B cell
3965,13.942499,5.1306047,0,11781.0,2811,1.1119599,hematopoietic multipotent progenitor cell
3966,-0.61069566,10.40697,1,45091.0,4625,1.0245947,proerythroblast
3968,16.02075,8.610319,2,7205.0,2343,5.399029,hematopoietic multipotent progenitor cell
3969,-1.7469976,9.216922,4,14873.0,2949,3.6240168,proerythroblast
3970,13.693061,2.7740324,0,14244.0,3098,1.277731,hematopoietic multipotent progenitor cell
3971,8.517465,10.057321,6,14461.0,3302,5.1102967,megakaryocyte-erythroid progenitor cell
3972,12.557522,4.141672,0,11263.0,2652,0.89674157,hematopoietic multipotent progenitor cell
3973,9.52959,-0.007881137,12,2084.0,892,8.5892515,precursor B cell
3974,5.0517015,10.279847,9,21270.0,4034,4.6215324,erythroid progenitor cell
3976,3.3458886,11.212088,7,25983.0,4239,2.0975254,erythroid progenitor cell
3977,2.7135801,12.72697,1,23985.0,3841,1.9512196,erythroid progenitor cell
3978,9.825298,11.485321,6,22446.0,5029,2.2008376,megakaryocyte-erythroid progenitor cell
3979,14.580229,7.292889,2,10028.0,2326,2.0841644,hematopoietic multipotent progenitor cell
3980,2.4313655,11.660934,1,32250.0,4508,1.4883721,erythroid progenitor cell
3981,13.106913,5.347631,0,7285.0,2061,1.7433081,hematopoietic multipotent progenitor cell
3982,9.792072,13.796104,14,5042.0,1436,1.090837,granulocyte
3983,11.38017,10.542274,11,14020.0,3424,2.382311,megakaryocyte-erythroid progenitor cell
3984,3.529407,12.220297,1,24174.0,3934,3.251427,erythroid progenitor cell
3986,4.2823944,8.889515,7,35866.0,5366,3.8950536,erythroid progenitor cell
3987,3.322136,9.118385,7,8194.0,2319,3.087625,erythroid progenitor cell
3988,6.0569835,13.517729,1,17313.0,3713,3.7717323,granulocyte
3989,6.712341,6.545255,3,20154.0,3751,3.230128,erythroid progenitor cell
3990,-3.2439077,6.4568863,4,15717.0,2774,4.250175,erythroblast
3991,-0.48276222,11.342613,4,22758.0,3368,1.9861147,proerythroblast
3993,2.940362,14.330128,1,18377.0,3430,1.0284595,erythroid progenitor cell
3994,13.191713,4.0607224,0,10664.0,2704,3.7228055,hematopoietic multipotent progenitor cell
3995,7.949884,11.959802,6,16735.0,4133,3.8063939,megakaryocyte-erythroid progenitor cell
3996,6.1802917,12.352511,9,13289.0,3158,7.0960946,erythroid progenitor cell
3997,3.615979,10.442566,7,16233.0,3814,9.234276,granulocyte
3998,1.3068545,10.951337,5,25735.0,4319,2.770546,erythroid progenitor cell
3999,9.686246,9.756828,6,14261.0,3463,5.188977,megakaryocyte-erythroid progenitor cell
4000,2.7471228,8.951351,7,28586.0,4680,5.86301,erythroid progenitor cell
4001,5.100898,8.742975,7,22044.0,4329,4.25059,erythroid progenitor cell
4002,15.325535,9.513774,2,10263.0,2341,2.465166,hematopoietic multipotent progenitor cell
4003,2.8125997,13.497373,1,16804.0,3082,1.7733874,erythroid progenitor cell
4004,7.3564672,7.919883,3,17774.0,3999,6.757061,erythroid progenitor cell
4005,5.1597,10.42258,7,18253.0,3935,2.9365036,erythroid progenitor cell
4006,15.888074,10.917177,2,12402.0,3307,3.8784068,hematopoietic multipotent progenitor cell
4008,2.4346542,11.078594,5,3403.0,1506,6.1710258,lymphoid lineage restricted progenitor cell
4009,-1.3541598,8.446257,4,22964.0,3785,6.301167,erythroblast
4010,16.575926,6.9054856,2,7072.0,2291,4.638009,common lymphoid progenitor
4011,14.0556345,6.1373525,0,7518.0,2084,5.2008514,hematopoietic multipotent progenitor cell
4012,8.429359,8.023218,3,13961.0,3416,4.8922,megakaryocyte-erythroid progenitor cell
4013,8.907665,8.104175,6,6836.0,2171,2.472206,megakaryocyte-erythroid progenitor cell
4014,7.260128,7.545561,3,19584.0,4311,3.145425,erythroid progenitor cell
4015,14.718707,4.839622,0,8118.0,1977,2.0571568,hematopoietic multipotent progenitor cell
4016,11.733692,3.8065126,0,12927.0,3143,3.2335422,hematopoietic multipotent progenitor cell
4017,6.285152,12.24364,9,15354.0,3156,5.907255,erythroid progenitor cell
4018,7.8830028,1.4003115,8,11355.0,2879,3.4258037,precursor B cell
4019,13.827301,2.534394,0,10147.0,2700,1.7049375,hematopoietic multipotent progenitor cell
4020,6.9464855,9.463103,7,32209.0,5718,4.9023566,erythroid progenitor cell
4021,2.6134133,11.954322,1,26825.0,3891,1.2264678,erythroid progenitor cell
4022,12.428237,10.695839,11,9677.0,2540,2.0254211,hematopoietic multipotent progenitor cell
4023,-2.7245018,7.413978,4,23729.0,3588,5.352101,erythroblast
4024,-0.45513356,9.345134,4,30599.0,4519,3.755025,proerythroblast
4025,7.8807864,3.4837792,8,4795.0,1792,1.7726799,lymphoid lineage restricted progenitor cell
4026,10.733658,4.131603,0,6488.0,2498,2.0345252,common lymphoid progenitor
4027,11.743694,3.8966897,0,8738.0,2446,1.2359809,hematopoietic multipotent progenitor cell
4028,6.3989573,11.15804,1,22609.0,4272,3.1668804,megakaryocyte-erythroid progenitor cell
4029,12.620448,2.0830479,0,8060.0,2285,2.7419355,hematopoietic multipotent progenitor cell
4030,-0.72493875,10.66174,1,52403.0,4963,0.5896609,proerythroblast
4032,14.367338,9.065449,2,11287.0,2626,2.7908213,hematopoietic multipotent progenitor cell
4033,16.661167,9.642569,2,11639.0,2869,3.282069,hematopoietic multipotent progenitor cell
4034,-1.3735766,9.656773,4,15453.0,2837,5.364654,proerythroblast
4035,2.3415742,14.373332,1,18737.0,3453,0.54971445,erythroid progenitor cell
4038,15.690733,9.410987,2,13126.0,3286,3.0778608,hematopoietic multipotent progenitor cell
4040,5.8296127,11.232433,9,27602.0,4286,2.7171943,erythroid progenitor cell
4041,12.536012,4.87642,0,12751.0,3324,0.345071,hematopoietic multipotent progenitor cell
4042,12.312533,10.579222,11,10386.0,2609,1.9545542,hematopoietic multipotent progenitor cell
4043,6.7117124,10.345073,7,27217.0,4926,4.2142777,erythroid progenitor cell
4044,12.569379,5.956828,0,4657.0,1517,4.938802,hematopoietic multipotent progenitor cell
4045,1.7520701,12.530109,1,19020.0,3065,4.0851736,erythroid progenitor cell
4046,6.4293833,13.06335,1,28952.0,4766,2.1345675,megakaryocyte-erythroid progenitor cell
4047,-2.9164152,7.9278836,4,20470.0,3250,3.0727894,erythroblast
4048,0.18515806,9.504368,4,35473.0,5255,3.7380543,erythroid progenitor cell
4049,5.534604,6.0464735,3,20874.0,3417,3.1905723,erythroid progenitor cell
4050,17.317005,4.3653307,15,6425.0,2061,2.6614785,common dendritic progenitor
4052,5.2674875,7.781475,3,38242.0,5804,6.2549033,erythroid progenitor cell
4054,10.517391,6.352571,13,18958.0,4028,1.7037662,lymphoid lineage restricted progenitor cell
4055,4.5024424,12.909802,1,17560.0,3497,2.8246014,erythroid progenitor cell
4056,10.156455,-1.0930521,12,8512.0,3065,7.2603383,precursor B cell
4057,3.5446565,12.827298,1,14819.0,2804,2.813955,erythroid progenitor cell
4058,9.540921,14.373845,14,8605.0,2827,1.7547938,granulocyte
4059,16.03543,8.7788315,2,12228.0,3285,5.160288,hematopoietic multipotent progenitor cell
4060,14.348682,10.188124,2,15304.0,3681,1.9733403,lymphoid lineage restricted progenitor cell
4061,4.256789,11.872117,1,16749.0,3371,4.931638,erythroid progenitor cell
4062,15.991647,8.620727,2,16083.0,3698,2.959647,hematopoietic multipotent progenitor cell
4063,14.890705,7.535801,2,10942.0,2298,4.313654,hematopoietic multipotent progenitor cell
4064,15.497408,10.372263,2,13753.0,3221,2.2831383,hematopoietic multipotent progenitor cell
4065,1.4297812,10.987558,5,8620.0,2068,6.99536,proerythroblast
4066,6.8298597,6.3456883,3,20016.0,3636,2.4780176,erythroid progenitor cell
4067,4.728268,12.69673,1,21703.0,3999,3.999447,erythroid progenitor cell
4068,7.5454044,3.3486016,8,4671.0,2006,2.5262258,lymphoid lineage restricted progenitor cell
4069,3.8603942,10.345481,7,10079.0,2616,6.25062,erythroid progenitor cell
4070,7.6723623,3.4522817,8,6039.0,2334,1.8546118,lymphoid lineage restricted progenitor cell
4071,12.292279,3.7295885,0,10213.0,2967,0.5874865,hematopoietic multipotent progenitor cell
4072,8.916362,8.434498,6,20153.0,3924,3.9696324,erythroid progenitor cell
4073,5.853378,10.4642515,7,34141.0,5607,6.9681616,erythroid progenitor cell
4074,15.18383,9.564608,2,9706.0,2700,2.16361,hematopoietic multipotent progenitor cell
4075,1.577275,12.34845,5,25781.0,3957,2.5212367,erythroid progenitor cell
4076,13.1676,3.164613,0,12567.0,2897,1.7347019,hematopoietic multipotent progenitor cell
4077,3.177288,8.00102,3,56546.0,6684,1.8568953,erythroid progenitor cell
4078,-2.4092581,6.9331465,4,33378.0,5091,6.2885733,erythroblast
4079,18.160534,3.6788404,15,14080.0,3787,4.019886,common dendritic progenitor
4080,2.696831,8.099159,3,64369.0,6778,1.4137241,erythroid progenitor cell
4081,12.582452,2.851788,0,13059.0,3377,2.3814993,hematopoietic multipotent progenitor cell
4082,4.884394,12.393412,1,27915.0,4873,4.82178,erythroid progenitor cell
4083,12.456131,7.2338285,10,29535.0,4902,4.956831,myeloid lineage restricted progenitor cell
4085,3.8486388,12.586669,1,26780.0,4211,2.8155339,erythroid progenitor cell
4086,9.063701,9.711276,6,25697.0,5049,3.2766473,megakaryocyte-erythroid progenitor cell
4087,3.90651,14.269935,1,25416.0,4412,1.003305,erythroid progenitor cell
4088,12.511422,11.32902,11,8192.0,1910,4.0527344,hematopoietic multipotent progenitor cell
4089,16.006317,7.730216,2,9374.0,2501,3.7870705,hematopoietic multipotent progenitor cell
4090,5.6969795,13.082768,1,19985.0,3953,5.809357,granulocyte
4091,12.365855,5.8933964,0,6765.0,2163,6.001478,hematopoietic multipotent progenitor cell
4092,4.930753,10.864851,9,19267.0,3549,2.512067,erythroid progenitor cell
4093,16.228868,7.7447023,2,9685.0,2947,4.8735156,hematopoietic multipotent progenitor cell
4094,3.401823,12.046332,1,29980.0,4684,2.681788,erythroid progenitor cell
4095,7.4150963,9.931929,8,28184.0,5083,2.2317626,lymphoid lineage restricted progenitor cell
4096,5.297068,10.612138,7,28296.0,4581,3.10998,erythroid progenitor cell
4097,4.098801,11.637414,9,34165.0,4450,0.7258891,erythroid progenitor cell
4098,4.6116242,11.482223,9,7336.0,2073,5.8751364,proerythroblast
4100,12.003267,10.380461,11,11272.0,2697,3.7792761,megakaryocyte-erythroid progenitor cell
4101,2.3047075,11.260267,1,33998.0,4221,0.47649863,erythroid progenitor cell
4102,9.759621,-1.0001968,12,3150.0,1125,4.539683,precursor B cell
4103,0.6825295,10.654902,5,27071.0,4447,2.3567655,proerythroblast
4104,0.2214377,10.595428,1,38048.0,4768,3.5271235,proerythroblast
4105,14.455142,3.5704536,0,15569.0,2927,0.5009956,hematopoietic multipotent progenitor cell
4106,5.3587756,12.108515,9,22691.0,4102,4.459918,erythroid progenitor cell
4107,13.74824,2.8070462,0,9755.0,2549,0.6970784,hematopoietic multipotent progenitor cell
4108,6.3905253,10.629966,9,20818.0,3919,3.6554904,erythroid progenitor cell
4109,6.9953594,8.395623,3,20075.0,3939,4.657534,granulocyte
4110,0.39405313,10.16437,4,13047.0,2454,4.7443857,proerythroblast
4111,12.164315,5.4086018,0,16827.0,3606,4.9266057,myeloid lineage restricted progenitor cell
4112,7.732179,7.1610904,3,12904.0,2926,3.781773,erythroid progenitor cell
4113,-1.8212323,8.38677,4,19574.0,3584,8.12302,proerythroblast
4115,11.0836735,5.0827403,10,18133.0,4643,2.9504218,lymphoid lineage restricted progenitor cell
4116,13.868213,4.6239095,0,13835.0,3261,2.052765,hematopoietic multipotent progenitor cell
4117,4.769033,7.1280556,3,23104.0,3870,2.6185942,erythroid progenitor cell
4118,3.8460329,12.084685,1,22221.0,3891,6.9483824,hematopoietic multipotent progenitor cell
4119,2.4111705,9.794337,7,12485.0,2629,3.3880658,erythroid progenitor cell
4120,1.5599492,9.239653,5,24995.0,4649,7.225445,proerythroblast
4121,4.808721,13.782228,1,20575.0,4034,1.0060754,erythroid progenitor cell
4122,9.997734,-0.87304384,12,25580.0,4734,3.7842064,precursor B cell
4123,13.37083,5.1103,0,12966.0,3014,0.9640599,hematopoietic multipotent progenitor cell
4124,14.283564,8.108501,2,18721.0,4001,2.9699268,hematopoietic multipotent progenitor cell
4125,6.519141,6.825656,3,21923.0,4068,5.8887925,erythroid progenitor cell
4126,2.3843029,12.422394,1,23136.0,3869,2.8440526,erythroid progenitor cell
4127,10.016128,13.331357,14,8223.0,2073,3.1983461,granulocyte
4128,14.861383,7.6834025,2,7263.0,2184,2.822525,hematopoietic multipotent progenitor cell
4129,7.5959744,11.545575,9,19704.0,4528,2.9232643,megakaryocyte-erythroid progenitor cell
4130,-0.028911121,9.545721,4,24522.0,3722,2.9891527,proerythroblast
4131,16.224577,9.333264,2,21183.0,4661,1.8033329,hematopoietic multipotent progenitor cell
4132,2.3542109,9.335626,7,30357.0,4737,3.4193103,proerythroblast
4133,0.37856966,8.32115,4,43112.0,5410,2.4958248,proerythroblast
4134,11.573267,10.314302,11,4224.0,1418,4.2376895,megakaryocyte-erythroid progenitor cell
4135,14.243839,4.620891,0,9224.0,2198,2.2441459,hematopoietic multipotent progenitor cell
4136,13.640552,4.5720773,0,15511.0,3632,0.2385404,hematopoietic multipotent progenitor cell
4137,5.6809063,11.719327,9,16801.0,3572,1.9284567,erythroid progenitor cell
4138,-3.8605733,4.309205,16,905.0,253,2.2099447,erythroblast
4139,-2.4380937,8.229671,4,18096.0,3364,6.642352,erythroblast
4140,8.611422,3.3726125,8,12112.0,3207,1.6429987,lymphoid lineage restricted progenitor cell
4141,3.0781643,11.678719,9,28754.0,4235,1.3076441,erythroid progenitor cell
4142,5.5051093,12.941728,1,23203.0,4234,6.49485,granulocyte
4143,11.143793,5.824487,13,24015.0,4709,2.8232355,hematopoietic multipotent progenitor cell
4144,9.777902,12.748671,14,3271.0,983,5.258331,granulocyte
4145,6.0103335,10.266445,9,21251.0,4137,6.122065,erythroid progenitor cell
4146,4.3269277,14.29727,1,15820.0,3761,3.3059418,erythroid progenitor cell
4147,6.056836,6.101638,3,26154.0,4239,2.4699855,erythroid progenitor cell
4148,2.8836465,8.226364,3,41948.0,5650,2.774864,erythroid progenitor cell
4149,7.2278013,12.009253,6,18485.0,4002,4.8688126,erythroid progenitor cell
4150,7.433268,10.086038,6,13971.0,3244,6.513492,erythroid progenitor cell
4151,9.141481,3.8449101,8,4064.0,1691,2.0915353,common lymphoid progenitor
4152,3.530303,13.11628,1,12173.0,2602,2.3741066,erythroid progenitor cell
4153,13.254909,10.924784,11,12187.0,2798,2.0185442,hematopoietic multipotent progenitor cell
4154,4.3145356,12.449743,1,22246.0,4185,4.7604065,erythroid progenitor cell
4155,5.369936,8.273435,3,26253.0,4826,7.5648494,erythroid progenitor cell
4156,11.755738,6.7199845,13,6518.0,2254,3.3906107,lymphoid lineage restricted progenitor cell
4157,7.6471643,7.6953897,3,8008.0,2397,6.4310694,erythroid progenitor cell
4158,-2.8476691,7.561843,4,15626.0,2707,3.28299,erythroblast
4159,6.60697,13.392158,1,31871.0,5270,4.43036,granulocyte
4160,12.442949,3.9897456,0,13399.0,3200,2.0598552,hematopoietic multipotent progenitor cell
4161,14.072535,5.499677,0,9585.0,2180,1.5440793,hematopoietic multipotent progenitor cell
4162,3.454306,8.772472,7,28117.0,4623,5.6087065,erythroid progenitor cell
4163,7.8714633,11.765532,6,36737.0,5869,3.070474,megakaryocyte-erythroid progenitor cell
4164,14.367568,5.7369914,0,9575.0,2020,5.5561357,hematopoietic multipotent progenitor cell
4165,4.124653,11.588416,5,5362.0,1714,5.781425,erythroid progenitor cell
4167,-2.7185588,7.399942,4,5264.0,1494,4.331307,erythroblast
4168,8.705755,11.225102,6,7492.0,2228,2.7762947,megakaryocyte-erythroid progenitor cell
4169,15.758003,8.54006,2,9707.0,2497,3.9662101,hematopoietic multipotent progenitor cell
4170,1.3676,9.7085,5,36009.0,5033,3.8934712,proerythroblast
4171,5.449176,7.37211,3,13316.0,3059,8.095525,erythroid progenitor cell
4172,8.4749975,8.5727625,3,19154.0,4569,3.0437508,lymphoid lineage restricted progenitor cell
4173,4.023664,14.505368,1,20647.0,4143,3.090037,erythroid progenitor cell
4174,1.689116,9.60583,5,45181.0,5835,2.339479,proerythroblast
4175,9.784889,3.9191155,8,7930.0,2467,1.6897855,common lymphoid progenitor
4176,5.2434416,11.415372,9,13642.0,2613,9.104237,erythroid progenitor cell
4177,-0.7445003,11.280843,4,34492.0,4583,1.0814102,erythroid progenitor cell
4178,2.3334746,14.11538,1,27219.0,4311,0.85969365,proerythroblast
4179,8.623509,11.298793,6,13034.0,2920,1.112475,hematopoietic multipotent progenitor cell
4180,-0.14586757,8.961552,4,11226.0,2945,8.28434,proerythroblast
4181,8.440713,12.0650425,6,10650.0,2676,2.0187793,megakaryocyte-erythroid progenitor cell
4182,-1.5729758,10.241002,4,16736.0,2517,1.4400096,erythroblast
4183,4.3443646,9.36494,7,19834.0,3573,3.932641,erythroid progenitor cell
4184,12.228472,9.037572,10,10603.0,2833,5.3946996,myeloid lineage restricted progenitor cell
4185,5.484389,10.8299055,9,34637.0,4688,1.1923665,erythroid progenitor cell
4186,4.4411254,12.982056,1,11624.0,3114,2.907777,erythroid progenitor cell
4187,7.7773504,12.094578,9,17943.0,4235,0.90843225,megakaryocyte-erythroid progenitor cell
4188,5.5313635,12.439208,1,29250.0,5051,3.617094,erythroid progenitor cell
4189,9.478341,8.96993,6,13109.0,3147,4.2795024,megakaryocyte-erythroid progenitor cell
4190,8.496351,10.397571,6,16684.0,3703,3.1167586,megakaryocyte-erythroid progenitor cell
4191,8.847608,4.3569417,8,12672.0,3399,2.4542298,lymphoid lineage restricted progenitor cell
4192,14.576778,7.681355,2,12488.0,2895,2.8907752,hematopoietic multipotent progenitor cell
4193,3.4260428,12.1901045,1,31330.0,4776,4.516438,erythroid progenitor cell
4194,3.7604363,10.022264,7,35380.0,5291,5.545506,erythroid progenitor cell
4196,12.593137,1.719716,0,11785.0,3327,1.6801019,hematopoietic multipotent progenitor cell
4197,5.673024,12.045318,1,17171.0,3691,4.6240754,erythroid progenitor cell
4198,-0.27396515,7.6634283,4,44104.0,5443,5.636677,erythroblast
4199,4.5844326,11.763467,9,16334.0,2849,3.073344,erythroid progenitor cell
4200,14.36024,10.195122,2,22634.0,4828,2.5227535,lymphoid lineage restricted progenitor cell
4201,0.04314844,9.532662,4,13717.0,2654,3.6596923,proerythroblast
4202,9.236734,14.520485,14,13399.0,3505,2.1867304,granulocyte
4203,13.418748,3.6618292,0,7642.0,2192,3.5854487,hematopoietic multipotent progenitor cell
4204,14.715259,7.8404794,2,13563.0,3298,2.8975892,hematopoietic multipotent progenitor cell
4206,5.113631,12.923376,1,24144.0,4666,1.5697482,granulocyte
4207,11.923365,6.2416506,10,3230.0,1499,9.349845,myeloid lineage restricted progenitor cell
4208,3.129441,10.582407,5,25475.0,4025,7.0696764,erythroid progenitor cell
4209,0.102199264,8.288272,4,36189.0,4947,3.1197324,proerythroblast
4210,16.288374,6.3755918,2,5465.0,1701,1.9213176,common lymphoid progenitor
4212,6.7171593,13.529558,6,11446.0,2599,3.0316267,megakaryocyte-erythroid progenitor cell
4213,8.070075,7.4853663,3,18165.0,3548,1.552436,megakaryocyte-erythroid progenitor cell
4214,0.3364214,11.500866,1,23542.0,3416,1.2275932,proerythroblast
4215,12.82683,5.072214,6,8647.0,2216,2.740835,hematopoietic multipotent progenitor cell
4216,-1.1867398,7.235898,4,34438.0,4832,2.5872583,erythroblast
4218,1.1222672,12.297291,1,24198.0,3407,2.6489792,erythroid progenitor cell
4219,12.779512,2.9471002,0,13331.0,3467,3.4356012,hematopoietic multipotent progenitor cell
4220,7.760771,1.1497445,8,5616.0,2184,2.9202278,precursor B cell
4221,12.063515,8.738293,10,6723.0,1858,4.640785,myeloid lineage restricted progenitor cell
4222,6.317851,11.849579,9,16007.0,3430,1.5305804,erythroid progenitor cell
4223,3.84969,14.496142,1,29274.0,4842,1.2810003,erythroid progenitor cell
4224,13.729485,7.916543,10,12908.0,2745,7.088627,myeloid lineage restricted progenitor cell
4225,5.5408263,11.520466,9,25663.0,4086,3.4056811,erythroid progenitor cell
4226,0.0933053,9.251468,4,8258.0,2303,4.093001,proerythroblast
4227,0.6542777,8.910059,4,33898.0,4695,7.7733197,proerythroblast
4228,11.796355,6.678332,10,19254.0,3860,4.4821854,common dendritic progenitor
4229,12.758724,5.0855737,0,12339.0,2965,2.9013698,hematopoietic multipotent progenitor cell
4230,4.988634,7.934298,3,22656.0,4231,2.6924436,erythroid progenitor cell
4231,2.8117156,13.692629,1,20104.0,3623,1.8553522,hematopoietic multipotent progenitor cell
4232,8.722228,1.7010803,8,15465.0,3558,0.78241193,precursor B cell
4233,1.5966405,11.890586,5,20308.0,3434,3.5404768,erythroid progenitor cell
4234,15.266517,11.067963,2,11591.0,2908,2.450177,hematopoietic multipotent progenitor cell
4235,-3.2585707,6.476591,4,6106.0,1394,1.8178841,erythroblast
4236,10.739311,10.305312,11,17269.0,4069,4.3719964,granulocyte
4237,8.935932,8.436534,13,11966.0,3249,2.2062511,lymphoid lineage restricted progenitor cell
4238,6.0797405,10.3392935,9,23065.0,4130,3.6115327,erythroid progenitor cell
4239,4.6694317,10.281927,7,32123.0,4901,3.4990504,erythroid progenitor cell
4240,14.890517,4.7432055,0,8791.0,2065,1.7290411,hematopoietic multipotent progenitor cell
4241,12.34877,3.501813,0,12238.0,3070,3.2031376,hematopoietic multipotent progenitor cell
4242,2.897896,12.6435795,1,22260.0,3848,2.5696316,erythroid progenitor cell
4243,8.801811,7.8099046,3,18951.0,3301,2.7017045,megakaryocyte-erythroid progenitor cell
4244,4.4109845,10.227819,7,42120.0,5924,3.8722699,erythroid progenitor cell
4245,3.851781,12.975543,1,41675.0,5279,1.4637072,erythroid progenitor cell
4246,12.156419,7.53404,10,6182.0,1794,7.813005,myeloid lineage restricted progenitor cell
4247,8.215146,0.6156267,8,1844.0,869,1.8438177,precursor B cell
4248,9.063676,1.0060484,12,2872.0,1103,4.3871865,precursor B cell
4249,9.693536,10.118264,6,6762.0,2241,5.989352,megakaryocyte-erythroid progenitor cell
4250,1.5727104,10.368705,5,31055.0,4849,4.298825,proerythroblast
4251,7.4495225,7.484569,3,17603.0,3688,4.3856163,erythroid progenitor cell
4252,4.649359,12.749319,1,23625.0,4488,3.0095239,erythroid progenitor cell
4253,4.946973,10.957199,1,29514.0,5584,4.4792304,erythroid progenitor cell
4254,12.288155,3.3384583,0,8676.0,2749,1.1295528,common lymphoid progenitor
4255,14.4778805,8.245782,2,24843.0,5021,6.194904,erythroid progenitor cell
4256,12.898756,11.100003,11,9478.0,2530,3.7666175,hematopoietic multipotent progenitor cell
4257,13.596059,7.9356685,10,18985.0,3773,4.3718724,myeloid lineage restricted progenitor cell
4258,4.566646,7.7275467,3,37055.0,5346,2.4315207,erythroid progenitor cell
4259,7.269251,7.065437,3,19250.0,3700,2.664935,erythroid progenitor cell
4260,2.9101212,14.392034,1,22133.0,4176,1.0572448,erythroid progenitor cell
4261,6.4954934,2.6191807,8,2516.0,1198,1.1923689,pro-B cell
4262,2.1881278,13.546769,1,16656.0,3170,1.4229107,erythroid progenitor cell
4263,13.558522,4.0265036,0,8402.0,2597,1.4520353,hematopoietic multipotent progenitor cell
4264,2.7330189,9.047983,7,53732.0,6092,4.6452765,erythroid progenitor cell
4266,5.255876,10.914524,9,9619.0,2259,9.3564825,erythroid progenitor cell
4267,14.235923,4.605706,0,11250.0,2648,2.0177777,hematopoietic multipotent progenitor cell
4268,14.547481,7.577974,2,10315.0,2780,7.2806587,hematopoietic multipotent progenitor cell
4270,14.647035,4.131872,0,8597.0,2184,0.81423753,hematopoietic multipotent progenitor cell
4271,2.4932919,10.301023,5,20741.0,4218,7.005448,proerythroblast
4272,14.024627,4.92155,0,6570.0,1888,3.6225266,hematopoietic multipotent progenitor cell
4273,6.448176,13.671382,14,11876.0,2650,3.3597171,granulocyte
4274,1.2440476,11.574548,5,11559.0,2402,3.7892551,proerythroblast
4275,10.813813,6.7128496,13,19304.0,3801,1.7509325,lymphoid lineage restricted progenitor cell
4276,4.75354,13.050385,1,40042.0,5577,2.7496128,erythroid progenitor cell
4277,7.881257,9.2162895,7,19624.0,4558,3.714839,lymphoid lineage restricted progenitor cell
4279,2.2187343,9.966089,5,20365.0,3390,3.4618218,erythroid progenitor cell
4280,6.124781,6.490234,3,22562.0,3909,2.5573974,erythroid progenitor cell
4282,-0.54278344,9.889528,4,25870.0,4091,2.964824,proerythroblast
4283,6.021036,11.796912,9,4295.0,1566,9.9417925,erythroid progenitor cell
4284,2.6861756,14.148917,1,14211.0,2558,0.8725635,erythroid progenitor cell
4285,3.3061638,10.677167,5,24800.0,4237,6.245968,erythroid progenitor cell
4286,7.29973,2.7489142,8,1456.0,810,3.3653848,pro-B cell
4287,12.67082,3.0682588,0,8706.0,2701,2.7222605,hematopoietic multipotent progenitor cell
4288,7.775094,3.0407696,8,4213.0,1569,2.3736055,pro-B cell
4289,8.082294,2.7083118,8,894.0,562,5.592841,pro-B cell
4291,0.36565965,10.807741,4,37563.0,5520,2.345393,proerythroblast
4292,14.816821,9.927858,2,8807.0,2171,1.8508006,hematopoietic multipotent progenitor cell
4296,8.823795,1.9639653,8,23066.0,4590,4.7515826,precursor B cell
4297,1.0830953,11.748953,5,25563.0,4029,2.93784,proerythroblast
4298,8.9518385,8.152471,3,14147.0,3496,2.0286987,megakaryocyte-erythroid progenitor cell
4299,9.572634,9.395173,6,12864.0,3061,1.1893657,megakaryocyte-erythroid progenitor cell
4300,11.074141,3.2611284,12,929.0,440,7.750269,precursor B cell
4301,9.501281,10.883641,6,19543.0,4371,4.9275956,megakaryocyte-erythroid progenitor cell
4302,15.643337,6.764,2,8600.0,2367,1.255814,hematopoietic multipotent progenitor cell
4303,5.807813,5.7887053,3,18067.0,3120,2.5626833,erythroid progenitor cell
4304,9.547186,9.69877,6,10679.0,2718,4.148329,megakaryocyte-erythroid progenitor cell
4305,1.4246856,11.893153,5,10015.0,2384,2.9156265,erythroid progenitor cell
4307,7.942004,12.041939,6,10840.0,2651,7.4815497,megakaryocyte-erythroid progenitor cell
4308,13.316993,4.2384267,0,13627.0,3297,1.8492699,hematopoietic multipotent progenitor cell
4309,12.799469,2.5121515,0,10713.0,2535,2.081583,hematopoietic multipotent progenitor cell
4311,8.112933,3.528636,8,521.0,379,3.4548945,pro-B cell
4312,14.34806,7.2700377,2,11174.0,2969,2.4700196,hematopoietic multipotent progenitor cell
4313,12.90245,9.769,11,9823.0,1960,2.5654078,myeloid lineage restricted progenitor cell
4314,-1.3990695,8.717976,4,11945.0,2829,8.363332,proerythroblast
4315,13.756542,3.8802166,0,10048.0,2664,3.5429935,hematopoietic multipotent progenitor cell
4316,8.8604145,-1.1313169,12,1276.0,681,3.7617552,precursor B cell
4317,8.295817,11.443358,6,17116.0,3594,2.8511333,megakaryocyte-erythroid progenitor cell
4318,8.720376,1.7116971,8,16255.0,3365,4.644725,precursor B cell
4319,15.864401,10.137385,2,9509.0,2541,2.7132192,hematopoietic multipotent progenitor cell
4320,4.34047,10.590868,7,25018.0,4365,6.2954674,erythroid progenitor cell
4321,3.9500077,13.160838,1,17501.0,3459,2.7027028,erythroid progenitor cell
4322,14.428513,6.4526777,2,16161.0,3858,3.7621434,hematopoietic multipotent progenitor cell
4323,5.9840827,13.480654,1,16018.0,3305,2.68448,granulocyte
4324,6.2050653,7.720098,3,13914.0,3262,6.252695,erythroid progenitor cell
4325,8.796753,-1.0546288,12,3903.0,1169,4.227517,precursor B cell
4326,7.1405187,6.3123727,3,12926.0,2791,1.9031409,erythroid progenitor cell
4327,14.678114,8.244458,2,6463.0,1628,2.6458302,hematopoietic multipotent progenitor cell
4328,8.616916,0.56767803,8,1903.0,1000,7.2517076,precursor B cell
4329,11.441067,4.43653,0,4623.0,1968,1.5357993,common lymphoid progenitor
4330,3.0313845,13.34471,1,19200.0,3266,2.03125,erythroid progenitor cell
4331,14.483159,7.604803,2,17871.0,3708,1.6731017,hematopoietic multipotent progenitor cell
4332,14.620145,6.6162376,2,9738.0,2361,1.6225097,hematopoietic multipotent progenitor cell
4335,3.687881,14.209297,1,31922.0,4797,1.024372,erythroid progenitor cell
4337,14.286562,5.284527,0,12611.0,2730,2.6326222,hematopoietic multipotent progenitor cell
4338,15.54008,10.688191,2,12022.0,3177,2.803194,hematopoietic multipotent progenitor cell
4339,-1.8020741,9.545758,4,19006.0,3064,3.9882143,erythroblast
4340,4.3062544,9.149564,7,44648.0,6255,6.622917,erythroid progenitor cell
4341,-2.8135598,8.079171,4,21996.0,3901,3.527914,erythroblast
4342,13.309376,9.165131,2,19363.0,4149,2.840469,lymphoid lineage restricted progenitor cell
4343,3.5558484,9.677391,7,68374.0,7146,5.3763127,erythroid progenitor cell
4344,4.1930814,11.848947,1,12209.0,2861,9.738717,hematopoietic multipotent progenitor cell
4345,16.564756,7.844425,2,10395.0,3091,3.5305436,common lymphoid progenitor
4346,0.78496015,10.1827965,5,13608.0,3078,5.834803,proerythroblast
4347,2.4600563,8.927775,7,46123.0,6080,3.5730548,erythroid progenitor cell
4348,-0.2857418,9.806536,4,22336.0,3919,5.8604946,proerythroblast
4349,11.514005,7.674096,13,20308.0,5058,2.7476857,lymphoid lineage restricted progenitor cell
4350,-1.3036618,8.545901,4,27597.0,4640,4.5258546,erythroblast
4351,14.368462,2.8235083,0,13361.0,2873,1.2948133,hematopoietic multipotent progenitor cell
4352,6.901801,6.9943175,3,18946.0,3765,3.7897182,hematopoietic multipotent progenitor cell
4353,8.161373,10.18205,6,22146.0,4892,2.3570848,megakaryocyte-erythroid progenitor cell
4354,6.295068,13.197696,1,37809.0,5470,4.0307865,granulocyte
4355,6.0556192,6.0437975,3,17860.0,3319,1.3493841,erythroid progenitor cell
4356,13.986341,3.752712,0,8033.0,2158,1.6432216,hematopoietic multipotent progenitor cell
4357,4.234698,12.832241,1,18927.0,3617,3.7037036,erythroid progenitor cell
4358,2.6468668,9.673031,7,34529.0,4400,3.0293376,erythroid progenitor cell
4359,11.646407,7.545453,13,8492.0,2546,1.3071126,hematopoietic multipotent progenitor cell
4360,16.460485,6.660891,2,7096.0,2209,1.9729425,common lymphoid progenitor
4361,16.02407,10.571063,2,8425.0,2385,2.2195845,hematopoietic multipotent progenitor cell
4362,14.051666,3.8665628,0,9866.0,2516,0.82100147,hematopoietic multipotent progenitor cell
4363,11.915207,7.568755,10,7310.0,2047,7.9616966,myeloid lineage restricted progenitor cell
4364,12.198401,8.453668,10,3071.0,1420,2.6375775,myeloid lineage restricted progenitor cell
4365,8.270927,11.282418,6,13654.0,3072,2.4901128,megakaryocyte-erythroid progenitor cell
4367,-2.4606042,8.306724,4,738.0,321,2.8455286,proerythroblast
4368,11.081737,5.3428054,6,13430.0,3258,4.7282205,megakaryocyte-erythroid progenitor cell
4369,3.9206657,10.568302,7,33133.0,4866,2.2666223,erythroid progenitor cell
4370,6.5410223,9.683375,7,22637.0,4469,2.9774263,erythroid progenitor cell
4371,5.409515,9.605191,9,32692.0,5195,3.6522698,erythroid progenitor cell
4372,12.69386,4.689724,0,10952.0,3047,0.95872897,hematopoietic multipotent progenitor cell
4373,16.117224,5.857029,10,11655.0,3270,3.3118832,common lymphoid progenitor
4374,0.5885946,9.632734,4,16782.0,3373,6.27458,proerythroblast
4375,4.5355372,6.9224815,3,19281.0,3390,4.8597064,erythroid progenitor cell
4376,3.585747,11.518955,7,31691.0,4495,2.2877157,erythroid progenitor cell
4377,1.0315063,12.90128,1,6423.0,1726,0.43593338,proerythroblast
4378,16.565805,7.109308,2,6642.0,2148,5.7663355,common lymphoid progenitor
4379,4.3057895,10.35005,7,29259.0,4705,3.6057281,hematopoietic multipotent progenitor cell
4380,15.0252905,5.374832,0,7805.0,1726,1.2940422,hematopoietic multipotent progenitor cell
4381,12.027911,6.1009216,0,18576.0,3830,5.5501723,erythroid progenitor cell
4382,6.811907,12.3825445,9,16210.0,3633,4.824183,erythroid progenitor cell
4383,14.114366,5.1891127,0,11323.0,2345,1.9694427,hematopoietic multipotent progenitor cell
4384,9.611609,14.296244,14,3596.0,1508,5.25584,granulocyte
4385,12.678193,5.3133817,0,14748.0,3643,4.678601,hematopoietic multipotent progenitor cell
4386,12.936434,1.9619428,0,6675.0,1855,1.3632959,hematopoietic multipotent progenitor cell
4387,9.847783,11.320588,6,11462.0,2998,2.050253,megakaryocyte-erythroid progenitor cell
4388,15.896335,8.403103,2,5411.0,1846,6.6715946,hematopoietic multipotent progenitor cell
4389,9.854479,9.204561,6,12336.0,3266,3.9559014,megakaryocyte-erythroid progenitor cell
4390,5.20273,11.876322,1,17494.0,3952,5.0417285,erythroid progenitor cell
4392,16.313442,11.177222,2,11926.0,3092,3.647493,hematopoietic multipotent progenitor cell
4393,9.010882,3.6116757,8,3201.0,1420,6.9040923,common lymphoid progenitor
4394,6.0868273,8.449002,3,23942.0,4901,3.1492774,erythroid progenitor cell
4395,4.168952,11.885239,1,13929.0,2930,4.1137195,erythroid progenitor cell
4396,7.086884,7.38322,3,17292.0,3791,4.3141336,erythroid progenitor cell
4397,13.806724,6.235611,0,10907.0,2604,1.2560741,hematopoietic multipotent progenitor cell
4398,13.516819,6.095387,0,10057.0,2402,1.9588345,hematopoietic multipotent progenitor cell
4399,14.099861,5.8439403,0,6136.0,1694,4.025424,hematopoietic multipotent progenitor cell
4400,8.984711,9.37022,6,16628.0,3715,1.4794322,megakaryocyte-erythroid progenitor cell
4401,8.50098,2.938084,8,6460.0,2003,3.9473681,pro-B cell
4402,16.03384,10.542238,2,8777.0,2466,3.053435,hematopoietic multipotent progenitor cell
4403,-0.6131598,8.966371,4,19933.0,3456,3.2057393,proerythroblast
4404,7.881312,1.0997758,8,5356.0,1856,0.8215086,precursor B cell
4405,4.418596,10.700907,7,33597.0,4844,3.6640174,erythroid progenitor cell
4406,8.924645,1.9446659,8,24804.0,4560,2.878568,precursor B cell
4407,1.6324555,11.340542,5,15696.0,3017,4.5616717,erythroid progenitor cell
4408,12.085232,9.014575,10,8322.0,2458,5.6356645,myeloid lineage restricted progenitor cell
4409,-1.6014986,9.362534,4,31534.0,4653,3.8878672,erythroblast
4410,6.014841,7.268488,3,19091.0,3670,5.898067,erythroid progenitor cell
4411,2.30946,13.138473,1,24078.0,3971,3.0608854,proerythroblast
4413,14.471998,9.842866,2,16098.0,3730,2.8202262,lymphoid lineage restricted progenitor cell
4414,1.8826878,12.730694,1,6026.0,1615,2.3896449,erythroid progenitor cell
4415,0.0075411424,10.718626,4,25165.0,3576,3.8585334,proerythroblast
4416,11.201995,8.401525,17,11210.0,3218,3.764496,hematopoietic multipotent progenitor cell
4417,4.121597,14.557634,1,21786.0,4143,1.9048932,erythroid progenitor cell
4418,16.285217,11.167935,2,9679.0,2774,0.87818986,hematopoietic multipotent progenitor cell
4419,6.7379737,12.356087,9,18927.0,4000,2.9587362,erythroid progenitor cell
4420,4.3598366,12.242906,1,9766.0,2218,5.3450747,erythroid progenitor cell
4422,3.8534932,13.319466,1,25229.0,4305,1.7043878,erythroid progenitor cell
4423,13.45929,5.249722,0,10779.0,2657,2.8481307,hematopoietic multipotent progenitor cell
4424,6.89605,7.1972275,3,13746.0,3216,3.622872,erythroid progenitor cell
4425,-3.207342,4.7639217,16,2160.0,646,1.6666667,erythroblast
4427,8.844894,9.256413,6,11960.0,3032,2.8177257,megakaryocyte-erythroid progenitor cell
4428,2.5793679,9.047902,7,24849.0,4344,7.5898423,proerythroblast
4429,12.113187,8.808054,10,6101.0,1714,8.0150795,myeloid lineage restricted progenitor cell
4430,12.224326,8.982111,10,16264.0,3622,7.3413677,myeloid lineage restricted progenitor cell
4431,5.9518356,10.620981,9,23468.0,3892,1.227203,erythroid progenitor cell
4432,12.539566,7.0758214,10,8022.0,2271,3.6649215,myeloid lineage restricted progenitor cell
4433,13.44867,6.528252,0,10768.0,2126,0.092867754,erythroid progenitor cell
4435,14.502213,9.36766,2,10157.0,2344,2.4121296,hematopoietic multipotent progenitor cell
4437,14.544082,8.747025,2,10970.0,2592,2.424795,hematopoietic multipotent progenitor cell
4438,-3.0583458,7.3269897,4,27244.0,3819,3.1383057,erythroblast
4439,3.5983825,11.786128,5,28971.0,4623,5.9542303,hematopoietic multipotent progenitor cell
4440,7.713106,7.993209,3,533.0,393,5.2532835,lymphoid lineage restricted progenitor cell
4441,4.8853517,8.091874,3,29601.0,4773,3.01679,erythroid progenitor cell
4442,2.2560003,12.297186,1,18428.0,3483,3.6249187,erythroid progenitor cell
4443,11.2926035,3.7267091,0,8451.0,2839,8.945687,common lymphoid progenitor
4444,4.0913568,10.592194,7,29429.0,4903,5.2023516,erythroid progenitor cell
4445,3.2334163,13.025514,1,23952.0,4069,2.56346,erythroid progenitor cell
4446,11.593326,6.2074275,10,6680.0,2120,7.080838,hematopoietic multipotent progenitor cell
4447,2.7331178,10.918308,5,15281.0,3062,8.8345,hematopoietic multipotent progenitor cell
4448,14.990242,10.0720415,2,10337.0,2534,2.157299,hematopoietic multipotent progenitor cell
4449,12.583998,11.137911,11,9590.0,2559,2.721585,megakaryocyte-erythroid progenitor cell
4450,8.8342905,-0.5055399,12,2997.0,1288,5.305305,precursor B cell
4451,11.247761,7.1775246,13,14606.0,3267,3.7450361,lymphoid lineage restricted progenitor cell
4452,-0.65240556,7.771756,4,28713.0,4239,2.6225054,erythroblast
4453,13.486472,7.476937,10,17256.0,3189,9.266342,myeloid lineage restricted progenitor cell
4454,14.457667,7.3456793,2,8323.0,2101,3.5564098,hematopoietic multipotent progenitor cell
4455,2.8894217,11.173779,5,34244.0,4830,4.733676,erythroid progenitor cell
4456,3.1990707,13.167203,1,27538.0,4139,3.8564892,erythroid progenitor cell
4457,1.46723,10.954497,5,33841.0,4554,1.8439171,proerythroblast
4458,13.316757,2.6119018,0,8776.0,2478,3.96536,hematopoietic multipotent progenitor cell
4459,8.395838,2.778459,8,1638.0,742,8.424909,pro-B cell
4460,-2.2496195,8.662645,4,25517.0,3627,2.4728613,erythroblast
4461,-3.1056144,6.9282165,4,11253.0,2278,3.8389761,erythroblast
4462,2.8950346,11.011874,5,31072.0,5080,4.7116375,erythroid progenitor cell
4463,15.489299,10.722997,2,9477.0,2609,3.1761105,hematopoietic multipotent progenitor cell
4465,11.880974,5.150392,0,15738.0,3798,3.7488883,hematopoietic multipotent progenitor cell
4466,7.4020915,11.696565,9,18328.0,4068,6.569184,erythroid progenitor cell
4467,6.50721,7.434093,3,18694.0,3939,5.0818443,erythroid progenitor cell
4468,4.0419016,12.279149,1,28053.0,4861,3.1048372,erythroid progenitor cell
4469,17.274801,4.359797,15,9712.0,2926,5.642504,common dendritic progenitor
4470,2.2889943,12.427282,1,25795.0,4193,2.4966078,erythroid progenitor cell
4471,5.5618024,7.3437037,3,22092.0,3955,5.522361,erythroid progenitor cell
4472,11.405046,7.4402304,13,10150.0,3299,2.5615764,lymphoid lineage restricted progenitor cell
4473,11.374759,8.21457,17,11021.0,2641,3.3481534,hematopoietic multipotent progenitor cell
4474,4.71648,14.537894,1,4585.0,1874,8.091603,lymphoid lineage restricted progenitor cell
4475,12.445594,4.331028,0,12570.0,2981,2.2434366,hematopoietic multipotent progenitor cell
4476,14.483753,6.090451,0,14034.0,2567,1.0688329,hematopoietic multipotent progenitor cell
4477,5.1082134,7.6717944,3,35361.0,5140,4.8895674,erythroid progenitor cell
4478,0.854614,8.845739,4,24961.0,4354,3.7418373,proerythroblast
4479,0.3150882,10.934103,1,39552.0,4656,2.6016383,proerythroblast
4480,14.834286,7.4103465,2,8087.0,2332,5.0080376,hematopoietic multipotent progenitor cell
4481,14.592076,7.5383277,2,17556.0,3686,4.101162,hematopoietic multipotent progenitor cell
4482,6.6320124,10.737905,1,15540.0,3532,1.4221364,hematopoietic multipotent progenitor cell
4483,3.0595496,9.177747,7,38334.0,5039,3.1799448,erythroid progenitor cell
4484,12.156854,7.730028,10,8393.0,2179,8.399857,myeloid lineage restricted progenitor cell
4485,13.369319,9.2961035,2,16809.0,3260,0.71985245,hematopoietic multipotent progenitor cell
4486,-2.0914884,9.475131,4,20463.0,3048,1.7299516,proerythroblast
4487,8.755198,7.5985637,3,6322.0,1841,5.536223,megakaryocyte-erythroid progenitor cell
4488,4.1882825,8.9792595,7,42008.0,5613,5.4227767,erythroid progenitor cell
4489,15.365464,7.204466,2,11517.0,2755,2.5787966,hematopoietic multipotent progenitor cell
4490,8.293996,1.1869652,8,3466.0,1309,1.1540681,precursor B cell
4491,13.234838,2.7197998,0,12088.0,3155,3.706155,hematopoietic multipotent progenitor cell
4492,11.6299715,6.399162,13,15523.0,3963,2.048573,lymphoid lineage restricted progenitor cell
4493,-0.2953355,10.223193,4,9404.0,2320,9.804338,proerythroblast
4494,-3.8675811,4.505573,16,2376.0,440,1.2626263,erythroblast
4496,-1.2116249,8.4015875,4,22499.0,3893,5.5069113,proerythroblast
4497,9.096569,9.616866,6,18996.0,4008,3.6376078,megakaryocyte-erythroid progenitor cell
4498,2.2657616,8.343374,3,63315.0,7001,5.3352284,proerythroblast
4499,3.403716,13.706326,1,19044.0,3999,2.8040328,erythroid progenitor cell
4500,5.5428896,9.959441,9,34787.0,5246,7.2182136,erythroid progenitor cell
4501,13.838189,2.9271493,0,10232.0,2541,1.0652854,hematopoietic multipotent progenitor cell
4502,1.02574,10.605118,5,24270.0,3834,6.2587557,proerythroblast
4503,2.321617,9.514387,5,30055.0,4494,3.9028447,erythroid progenitor cell
4504,14.130171,3.6968625,0,13284.0,3042,1.0463716,hematopoietic multipotent progenitor cell
4505,16.67657,7.9542775,2,10841.0,3017,1.9647634,common lymphoid progenitor
4506,15.932179,8.282454,2,12379.0,3174,2.9162292,hematopoietic multipotent progenitor cell
4507,2.4234188,12.550085,1,18808.0,3321,4.381114,erythroid progenitor cell
4508,7.488786,11.4743395,9,21077.0,4590,3.9189637,megakaryocyte-erythroid progenitor cell
4509,12.370234,9.035236,10,8268.0,2525,5.9748425,myeloid lineage restricted progenitor cell
4510,8.571888,9.931388,6,17531.0,4121,3.7134218,megakaryocyte-erythroid progenitor cell
4511,6.55823,6.4031897,3,5742.0,1819,7.4364333,erythroid progenitor cell
4512,9.49935,8.661602,6,17677.0,3861,5.1818748,megakaryocyte-erythroid progenitor cell
4513,3.4022868,12.388115,1,10305.0,2333,5.026686,erythroid progenitor cell
4514,6.2618837,8.591472,3,38333.0,6016,3.177419,erythroid progenitor cell
4515,14.040354,4.891375,0,8142.0,2352,1.9528372,hematopoietic multipotent progenitor cell
4516,11.359279,3.4823096,0,31786.0,5844,2.5357075,erythroid progenitor cell
4517,9.202197,3.6498356,8,3892.0,1647,6.6803703,common lymphoid progenitor
4518,9.312336,11.217169,6,12381.0,3294,3.5457556,megakaryocyte-erythroid progenitor cell
4519,6.0378494,13.295869,1,21852.0,4185,4.4526815,granulocyte
4520,12.800791,3.9524949,0,18231.0,3804,3.000384,hematopoietic multipotent progenitor cell
4521,9.007796,4.3081264,8,17492.0,4390,3.350103,lymphoid lineage restricted progenitor cell
4522,12.429653,5.694145,0,21764.0,4903,2.5179195,hematopoietic multipotent progenitor cell
4523,12.678169,4.934525,0,13955.0,3619,3.2246509,hematopoietic multipotent progenitor cell
4524,-3.530302,4.7135534,16,3532.0,546,1.1891279,erythroblast
4525,-3.2594388,6.502651,4,17904.0,2756,2.4072833,erythroblast
4526,7.9435425,3.3037643,8,6576.0,2455,4.6380777,lymphoid lineage restricted progenitor cell
4527,8.51326,11.321683,6,15438.0,3552,1.671201,megakaryocyte-erythroid progenitor cell
4528,12.619666,3.7892263,0,7584.0,2164,2.9799578,hematopoietic multipotent progenitor cell
4529,9.587325,-0.24423018,12,6314.0,1900,6.0342097,precursor B cell
4530,12.465865,5.077387,0,18063.0,3840,1.5058407,hematopoietic multipotent progenitor cell
4531,9.0322485,-0.9811291,12,7149.0,2434,3.0353897,precursor B cell
4532,2.9222295,10.988255,5,42912.0,5753,4.600112,proerythroblast
4533,2.4235847,10.177226,5,22461.0,3931,4.7059345,proerythroblast
4534,-2.3394606,6.6884184,4,20314.0,3397,8.152013,erythroblast
4535,2.5080576,10.20935,5,22119.0,4080,7.902708,erythroid progenitor cell
4536,14.953814,5.337101,0,9147.0,2007,1.5961517,hematopoietic multipotent progenitor cell
4537,-0.95131356,8.954315,4,26333.0,4101,2.8139596,proerythroblast
4538,12.320321,3.2574084,0,2352.0,1273,8.503401,hematopoietic multipotent progenitor cell
4539,2.54378,8.217166,3,60635.0,6982,2.1489239,proerythroblast
4540,1.7935487,12.557155,1,16736.0,3118,2.5752869,erythroid progenitor cell
4542,13.401134,3.270179,0,7448.0,2271,2.161654,hematopoietic multipotent progenitor cell
4543,9.808659,-0.8446703,12,5088.0,1688,4.815252,precursor B cell
4544,0.041609384,11.697157,5,27230.0,4082,2.273228,proerythroblast
4545,12.408224,7.152647,10,18869.0,3991,2.930733,myeloid lineage restricted progenitor cell
4546,4.9532776,9.061968,7,17498.0,4065,9.412504,erythroid progenitor cell
4548,-1.2189157,8.827501,4,19763.0,3415,4.3414464,erythroblast
4549,4.84247,10.163811,7,27698.0,4375,4.9064918,erythroid progenitor cell
4550,-1.9929979,8.486117,4,22770.0,3986,4.3741765,erythroblast
4551,5.329977,11.0702505,1,59600.0,7302,5.3255033,erythroid progenitor cell
4552,8.954385,1.8610042,8,18755.0,3695,2.895228,precursor B cell
4553,6.6548696,11.663723,9,22758.0,4430,3.8887422,erythroid progenitor cell
4554,18.575336,3.6055965,15,3435.0,1418,3.6972344,common dendritic progenitor
4555,4.744202,12.2553215,1,15152.0,3325,6.606389,erythroid progenitor cell
4556,3.5074906,14.105116,1,15152.0,3148,1.8149419,erythroid progenitor cell
4557,-1.0226268,7.7543907,4,23603.0,3701,2.9487777,erythroblast
4558,12.245884,11.128781,11,10438.0,2536,3.2956502,megakaryocyte-erythroid progenitor cell
4559,9.500628,9.987126,6,16656.0,3780,4.0285783,megakaryocyte-erythroid progenitor cell
4560,2.7977843,14.2119255,1,17760.0,3092,0.5855856,erythroid progenitor cell
4561,3.6230512,11.406876,1,12499.0,3158,5.3044243,erythroid progenitor cell
4562,7.653512,10.925803,6,13340.0,2965,0.5322339,megakaryocyte-erythroid progenitor cell
4563,-2.8684437,7.7686477,4,30243.0,3517,1.6631948,erythroblast
4564,9.823938,13.456067,14,8275.0,2128,2.9848943,granulocyte
4565,0.72940236,8.357379,4,23633.0,4351,2.3145602,proerythroblast
4566,6.789714,13.037584,1,11662.0,2929,5.6508317,granulocyte
4567,14.839697,5.605403,0,12261.0,2334,1.2070794,hematopoietic multipotent progenitor cell
4568,0.07634476,9.963716,1,32481.0,4625,1.0837106,proerythroblast
4569,5.203571,12.630964,1,43528.0,5167,5.231116,erythroid progenitor cell
4570,1.6491051,9.822831,5,37372.0,5754,3.628385,proerythroblast
4571,3.9445355,14.251437,1,17225.0,3372,1.6429609,erythroid progenitor cell
4572,8.413215,8.807425,3,39875.0,6058,4.3811913,erythroid progenitor cell
4573,-0.22910771,10.732461,1,37322.0,4608,0.9351053,proerythroblast
4574,4.7065744,13.254572,1,19223.0,3475,2.9339855,erythroid progenitor cell
4575,11.661176,5.9473476,10,21207.0,4114,8.775404,hematopoietic multipotent progenitor cell
4576,1.4832782,11.61371,5,28098.0,4329,4.1853514,erythroid progenitor cell
4577,0.6495074,12.768164,1,30188.0,4087,0.40744668,erythroid progenitor cell
4578,-0.3112826,11.568802,5,16637.0,2743,2.2660336,proerythroblast
4579,12.441279,10.491714,11,14997.0,3449,2.453824,hematopoietic multipotent progenitor cell
4580,14.266413,4.9611573,0,11947.0,2603,3.2895288,hematopoietic multipotent progenitor cell
4581,11.918206,5.681514,6,16343.0,3437,1.7744601,erythroid progenitor cell
4582,5.9657626,8.980351,3,21452.0,4207,5.365467,erythroid progenitor cell
4583,0.24699157,9.910068,4,34202.0,4679,3.2688148,erythroid progenitor cell
4584,2.9652843,9.234613,7,10206.0,2378,7.887517,erythroid progenitor cell
4585,12.796433,10.975458,11,8205.0,2276,2.7300427,hematopoietic multipotent progenitor cell
4586,7.114714,12.752027,9,17309.0,3932,2.1029522,granulocyte
4587,4.486519,13.1710825,1,16964.0,3737,3.9436452,erythroid progenitor cell
4588,-0.8358598,10.56131,1,15679.0,2783,0.2742522,proerythroblast
4589,-1.0863657,9.327358,4,26629.0,3855,1.258027,proerythroblast
4591,-3.412855,3.3377264,16,590.0,209,6.101695,proerythroblast
4592,0.04067595,10.228982,4,17366.0,3229,8.977312,proerythroblast
4593,11.607284,5.218252,0,24999.0,4759,4.288172,myeloid lineage restricted progenitor cell
4595,16.383106,7.66326,2,15125.0,3632,3.6561985,common lymphoid progenitor
4596,17.1577,4.417268,15,4431.0,1478,4.129993,common dendritic progenitor
4597,8.063844,11.063264,6,23211.0,5018,2.9167204,erythroid progenitor cell
4598,8.401686,1.5896884,8,19929.0,4281,8.680817,precursor B cell
4599,14.712149,9.176107,2,8358.0,2108,2.2613065,hematopoietic multipotent progenitor cell
4600,12.2760725,5.709062,0,17085.0,3652,3.2543168,myeloid lineage restricted progenitor cell
4601,0.52208126,8.213326,4,33973.0,4990,3.3879848,proerythroblast
4602,5.9399953,13.569777,1,22552.0,4130,1.7559419,erythroid progenitor cell
4603,8.03004,8.558042,3,23904.0,4769,6.304384,granulocyte
4604,4.8332224,11.402381,1,24982.0,4365,3.5065248,erythroid progenitor cell
4605,3.8125634,14.12169,1,22262.0,4149,2.1426647,erythroid progenitor cell
4606,8.251578,8.159064,3,10878.0,2959,3.576025,myeloid lineage restricted progenitor cell
4607,13.697896,5.278851,0,8497.0,2338,0.8944334,hematopoietic multipotent progenitor cell
4609,4.8606157,12.788353,1,21823.0,4278,3.876644,erythroid progenitor cell
4612,4.2370076,12.965409,1,28938.0,5226,3.977469,erythroid progenitor cell
4614,15.48223,7.070518,2,6120.0,1792,3.153595,hematopoietic multipotent progenitor cell
4615,5.2221713,13.138444,1,17894.0,3151,2.5371633,erythroid progenitor cell
4617,2.4283102,10.457977,5,38461.0,5594,4.9972696,proerythroblast
4618,8.107265,3.745091,8,13333.0,3556,1.5975399,lymphoid lineage restricted progenitor cell
4619,13.603122,4.6586523,0,11133.0,2611,1.4910626,hematopoietic multipotent progenitor cell
4620,14.556983,8.817178,2,5624.0,1732,1.8669986,hematopoietic multipotent progenitor cell
4621,8.852044,9.756543,6,19635.0,4126,3.4937613,megakaryocyte-erythroid progenitor cell
4622,2.4773855,13.401041,1,17804.0,3282,0.8144237,erythroid progenitor cell
4623,9.806705,4.317064,8,7420.0,2121,2.3045824,common lymphoid progenitor
4624,6.9513507,8.091304,3,10628.0,2306,2.3334587,granulocyte
4625,2.0094454,8.818467,7,42737.0,4976,3.8538034,proerythroblast
4626,3.9908974,11.474943,7,30678.0,4740,2.373036,erythroid progenitor cell
4627,5.4553733,6.5279803,3,9984.0,2226,6.9711537,erythroid progenitor cell
4628,7.6527314,10.140624,6,16090.0,3416,2.9521441,hematopoietic multipotent progenitor cell
4629,7.565811,12.387939,9,15481.0,3576,2.603191,myeloid lineage restricted progenitor cell
4630,8.126577,8.946189,3,5455.0,1811,8.560953,myeloid lineage restricted progenitor cell
4631,-0.7244842,11.348033,4,25052.0,3518,1.2533929,proerythroblast
4632,14.752285,10.00921,2,8908.0,2271,0.9429726,hematopoietic multipotent progenitor cell
4633,5.2741737,11.573791,9,22485.0,4012,1.0584834,erythroid progenitor cell
4634,9.745792,10.18623,6,19108.0,4204,4.5216665,megakaryocyte-erythroid progenitor cell
4635,10.958324,9.7815895,11,9049.0,2232,3.1495192,megakaryocyte-erythroid progenitor cell
4637,4.0883093,7.9632034,3,22805.0,4707,3.6044729,erythroid progenitor cell
4638,5.9474387,10.259566,9,38182.0,5721,3.9206955,erythroid progenitor cell
4639,12.606808,5.383306,0,13756.0,3294,1.3666763,hematopoietic multipotent progenitor cell
4640,5.98779,10.095766,7,25547.0,4836,4.7833405,erythroid progenitor cell
4641,3.6754267,13.220015,1,29400.0,4379,2.57483,hematopoietic multipotent progenitor cell
4642,14.439779,5.6714573,0,6280.0,1427,2.165605,hematopoietic multipotent progenitor cell
4643,13.84908,3.0502565,0,14905.0,3471,1.4223416,hematopoietic multipotent progenitor cell
4644,15.574536,8.500229,2,13823.0,3269,5.5848947,hematopoietic multipotent progenitor cell
4645,0.5023032,12.562552,1,30824.0,4102,1.0057098,erythroid progenitor cell
4646,14.005378,7.1031456,2,10399.0,2386,1.3270507,myeloid lineage restricted progenitor cell
4647,7.841667,10.219826,6,14312.0,3552,3.2560089,erythroid progenitor cell
4648,6.1798377,11.664784,1,21564.0,3913,3.1765904,megakaryocyte-erythroid progenitor cell
4649,15.817709,7.8076367,2,5968.0,1998,6.7359247,common lymphoid progenitor
4650,5.697504,11.942775,9,10155.0,2230,2.7868044,erythroid progenitor cell
4651,11.807707,4.957772,0,14458.0,3542,1.6945636,hematopoietic multipotent progenitor cell
4652,-0.425268,10.339368,4,29491.0,4202,2.6007936,proerythroblast
4653,10.060834,11.736802,14,28446.0,5306,4.3837447,megakaryocyte-erythroid progenitor cell
4654,9.97849,6.720129,13,25878.0,5051,1.5998145,lymphoid lineage restricted progenitor cell
4655,2.018801,11.842517,1,33200.0,4458,1.4216868,erythroid progenitor cell
4656,10.9379835,4.3888474,0,7621.0,2713,6.941346,common lymphoid progenitor
4657,0.7999298,11.859356,5,1622.0,742,5.6103578,proerythroblast
4658,8.61178,3.5562289,8,7880.0,2440,2.2715735,lymphoid lineage restricted progenitor cell
4659,6.47583,12.326232,9,19116.0,3661,3.6775477,erythroid progenitor cell
4660,6.2455845,12.181625,9,21718.0,3916,4.171655,erythroid progenitor cell
4661,7.379439,7.039324,3,17621.0,3445,4.5230126,hematopoietic multipotent progenitor cell
4662,12.100632,5.781353,0,21599.0,4327,2.2732534,hematopoietic multipotent progenitor cell
4663,17.073372,4.3090687,15,1316.0,650,3.0395138,common dendritic progenitor
4664,16.032164,10.291315,2,7448.0,2183,2.4973147,hematopoietic multipotent progenitor cell
4665,15.999227,7.7230496,2,6393.0,2041,4.770843,common lymphoid progenitor
4666,11.175645,3.8674836,0,9912.0,2867,1.0290557,common lymphoid progenitor
4667,6.461921,6.5135007,3,8033.0,1815,9.759741,erythroid progenitor cell
4668,8.588067,3.5595233,8,4285.0,1589,0.9334889,pro-B cell
4669,11.795854,7.6741276,17,17293.0,3294,4.9152837,hematopoietic multipotent progenitor cell
4670,11.9835615,8.871046,10,3202.0,1280,4.9968767,myeloid lineage restricted progenitor cell
4671,8.435459,-1.0437952,12,2291.0,980,3.535574,precursor B cell
4672,15.958293,7.7868047,2,4851.0,1745,1.9377447,hematopoietic multipotent progenitor cell
4673,10.179548,4.7268744,8,13990.0,3645,3.5882776,common dendritic progenitor
4674,12.953952,3.5018752,0,10337.0,2457,2.5152364,hematopoietic multipotent progenitor cell
4675,7.1211123,10.331354,7,20267.0,4356,3.82395,erythroid progenitor cell
4676,0.12279305,9.073079,4,28954.0,4294,7.3668575,erythroid progenitor cell
4677,6.2617164,11.391765,9,21278.0,4119,3.9900367,erythroid progenitor cell
4678,14.205595,5.9929533,0,1039.0,520,4.234841,hematopoietic multipotent progenitor cell
4679,11.196097,6.8208404,13,21186.0,3696,1.203625,hematopoietic multipotent progenitor cell
4680,-1.8036681,9.364809,4,17530.0,2891,3.502567,erythroblast
4681,1.8991599,11.33649,5,25205.0,3733,4.4554653,proerythroblast
4682,13.0648155,7.9443774,10,15377.0,3212,3.3491578,myeloid lineage restricted progenitor cell
4683,2.771544,11.182071,5,21080.0,4088,8.391841,hematopoietic multipotent progenitor cell
4685,5.654026,10.515063,7,25086.0,4291,2.830264,erythroid progenitor cell
4686,6.504128,6.12666,3,18286.0,3243,2.0616865,erythroid progenitor cell
4687,-1.8603855,7.0430527,4,12290.0,3028,4.50773,erythroblast
4688,-0.6883088,10.524617,1,4655.0,1213,0.42964554,proerythroblast
4689,12.262175,6.4756308,10,19979.0,3952,3.9091046,common dendritic progenitor
4690,2.5409741,8.147281,3,54984.0,6565,1.6677579,proerythroblast
4691,2.8300366,10.579273,5,33113.0,5260,3.8504515,proerythroblast
4692,5.619213,5.975962,3,13505.0,2774,3.9614956,erythroid progenitor cell
4693,13.647471,3.516378,0,8168.0,2201,2.2159648,hematopoietic multipotent progenitor cell
4694,10.586914,6.666711,13,15292.0,3699,1.8637195,lymphoid lineage restricted progenitor cell
4695,2.3884258,11.212602,5,22322.0,3570,9.058328,erythroid progenitor cell
4696,5.424387,7.7856784,3,27390.0,4940,6.1190214,erythroid progenitor cell
4697,2.1220376,12.358927,1,5249.0,1280,5.3915033,erythroid progenitor cell
4698,5.018459,12.19565,1,19555.0,3626,3.7944262,hematopoietic multipotent progenitor cell
4699,4.8083606,7.400935,3,25066.0,4019,2.0864916,erythroid progenitor cell
4700,14.017328,6.7025237,2,10494.0,2354,2.3727846,myeloid lineage restricted progenitor cell
4701,12.037976,6.733733,10,14948.0,3602,2.7562215,myeloid lineage restricted progenitor cell
4702,7.1456103,7.204301,3,17949.0,3777,4.223077,erythroid progenitor cell
4703,11.653463,5.8669305,13,16061.0,3858,3.324824,hematopoietic multipotent progenitor cell
4704,0.045973625,9.146882,4,22929.0,4062,4.618605,proerythroblast
4705,8.488995,7.267321,3,22306.0,3707,9.647629,erythroid progenitor cell
4706,6.778142,11.668118,9,21256.0,4415,3.7824616,hematopoietic multipotent progenitor cell
4708,2.5439813,9.905618,5,25885.0,4469,4.276608,erythroid progenitor cell
4709,2.3360665,10.692429,5,34160.0,4927,2.1692038,erythroid progenitor cell
4710,14.79412,5.854385,0,7149.0,1606,3.4550288,hematopoietic multipotent progenitor cell
4711,5.690129,7.36361,3,18175.0,3481,7.7854195,erythroid progenitor cell
4712,13.9099045,10.134234,11,10850.0,2391,2.156682,hematopoietic multipotent progenitor cell
4713,6.6038957,6.242684,3,6424.0,1748,9.199876,hematopoietic multipotent progenitor cell
4714,-3.8080585,3.5602348,16,1301.0,267,0.1537279,erythroid progenitor cell
4715,12.725756,8.421913,10,15209.0,2991,2.4590702,myeloid lineage restricted progenitor cell
4716,6.761027,9.926248,7,24421.0,4877,3.7918184,erythroid progenitor cell
4717,13.740064,7.83275,10,18507.0,4213,3.506781,myeloid lineage restricted progenitor cell
4718,16.236084,10.131457,2,8982.0,2683,3.5181475,hematopoietic multipotent progenitor cell
4719,3.7884066,12.578011,1,17262.0,3411,4.0030127,erythroid progenitor cell
4720,11.000765,5.4029255,13,16109.0,4007,2.4644608,lymphoid lineage restricted progenitor cell
4721,0.80725336,11.471578,5,8516.0,1943,5.6834197,proerythroblast
4722,12.7377405,7.610838,13,22765.0,4132,1.1508895,lymphoid lineage restricted progenitor cell
4723,6.8867435,13.111023,1,13693.0,3152,0.7741182,granulocyte
4724,15.700518,8.646635,2,9668.0,2726,6.785271,hematopoietic multipotent progenitor cell
4725,5.471429,14.391094,1,16092.0,3830,2.3303504,megakaryocyte-erythroid progenitor cell
4728,3.4569154,12.4682865,1,22870.0,3843,2.938347,erythroid progenitor cell
4729,12.438784,3.494377,0,5061.0,1718,2.7464929,hematopoietic multipotent progenitor cell
4730,14.787563,5.8870664,0,8379.0,1827,2.5898077,hematopoietic multipotent progenitor cell
4731,8.229783,0.80127704,8,4355.0,1699,3.1228473,precursor B cell
4732,14.094286,3.1913679,0,5590.0,1664,2.629696,hematopoietic multipotent progenitor cell
4733,11.257686,5.6992307,10,14218.0,3081,3.7136025,common dendritic progenitor
4734,-1.4832575,8.707686,4,27263.0,4157,3.9944246,proerythroblast
4735,13.421018,4.247174,0,9030.0,2594,1.6389811,hematopoietic multipotent progenitor cell
4736,12.558623,1.802956,0,10269.0,2816,1.7723246,hematopoietic multipotent progenitor cell
4737,15.480875,6.320201,2,6146.0,1801,2.1314676,hematopoietic multipotent progenitor cell
4738,13.492925,2.3858724,0,7199.0,1990,1.2918462,hematopoietic multipotent progenitor cell
4739,2.8848038,13.611854,1,16896.0,3188,2.5390625,erythroid progenitor cell
4740,12.031708,10.719514,11,7778.0,2420,4.011314,megakaryocyte-erythroid progenitor cell
4741,14.475974,2.8898296,0,7110.0,2004,0.9985935,hematopoietic multipotent progenitor cell
4742,5.444242,7.7035165,3,28910.0,5042,6.447596,erythroid progenitor cell
4743,8.332724,-0.95232046,12,1611.0,807,2.1104903,precursor B cell
4744,12.689608,4.853454,0,18035.0,3917,1.5691711,hematopoietic multipotent progenitor cell
4745,13.298407,8.215744,2,14143.0,3474,3.0615854,lymphoid lineage restricted progenitor cell
4746,2.0131896,12.855362,1,25739.0,3841,1.7677454,erythroid progenitor cell
4747,3.7792363,8.963906,7,50521.0,6214,7.034698,erythroid progenitor cell
4748,-0.2843787,8.024707,4,20665.0,3624,6.261795,erythroblast
4749,15.206899,9.967348,2,12290.0,2816,2.6118796,hematopoietic multipotent progenitor cell
4750,16.417654,11.379586,2,7174.0,2548,3.59632,hematopoietic multipotent progenitor cell
4751,5.2656355,13.124606,1,31191.0,5160,2.058286,erythroid progenitor cell
4752,13.339901,4.847276,0,10386.0,2517,7.8374734,hematopoietic multipotent progenitor cell
4753,11.6006775,9.925734,11,18541.0,4039,2.3785126,hematopoietic multipotent progenitor cell
4754,14.169318,3.3639555,0,8552.0,2141,0.51449955,hematopoietic multipotent progenitor cell
4755,7.244431,11.654295,9,23430.0,5007,4.600939,erythroid progenitor cell
4756,12.135838,8.134373,10,7568.0,2255,3.9376323,myeloid lineage restricted progenitor cell
4757,8.800174,-0.83239377,12,2494.0,1054,5.813954,precursor B cell
4758,12.825599,6.5132957,10,15525.0,3352,2.3832529,myeloid lineage restricted progenitor cell
4759,5.973964,5.9287825,3,13854.0,2814,2.9377797,erythroid progenitor cell
4760,13.713456,7.3205132,10,13684.0,2687,7.2274184,myeloid lineage restricted progenitor cell
4761,-3.1460469,6.586825,4,20073.0,3218,4.040253,erythroblast
4762,13.092266,5.8436804,0,11949.0,2817,1.5817223,hematopoietic multipotent progenitor cell
4763,1.7628328,11.684559,5,27574.0,4448,1.4288824,hematopoietic multipotent progenitor cell
4764,5.5565214,12.651727,1,23379.0,4150,5.2098036,granulocyte
4765,10.063531,13.513287,14,7111.0,2108,2.0250316,granulocyte
4766,12.706457,3.80405,0,15223.0,3509,1.727649,hematopoietic multipotent progenitor cell
4767,-1.4928714,9.805519,4,29941.0,4262,1.9171036,proerythroblast
4768,18.16213,3.7429674,15,3101.0,1498,5.51435,common dendritic progenitor
4769,14.461271,7.977105,2,10537.0,2492,9.091772,hematopoietic multipotent progenitor cell
4770,-3.155118,7.010138,4,27988.0,3571,6.2741175,erythroblast
4771,14.465126,8.382138,2,8533.0,2635,9.117544,lymphoid lineage restricted progenitor cell
4772,6.9112153,6.807179,3,11052.0,2826,5.8179517,erythroid progenitor cell
4774,14.293306,8.904718,2,13374.0,2971,1.9291162,hematopoietic multipotent progenitor cell
4775,-1.960343,8.55591,4,24345.0,4064,2.8137195,erythroblast
4776,14.378224,4.5828104,0,14226.0,2797,0.9559961,hematopoietic multipotent progenitor cell
4777,4.1335635,14.177658,1,22400.0,4229,2.174107,erythroid progenitor cell
4778,2.6943777,9.839267,5,30991.0,4204,9.728631,proerythroblast
4779,14.052844,8.03672,2,10457.0,2586,6.2733097,myeloid lineage restricted progenitor cell
4780,10.90552,4.1544533,0,6798.0,2249,1.8240658,common lymphoid progenitor
4781,6.891958,11.455059,1,17769.0,3716,2.5381281,myeloid lineage restricted progenitor cell
4782,2.7995176,11.987568,1,29281.0,4371,3.473242,erythroid progenitor cell
4783,9.354688,4.804334,8,12301.0,3106,0.73164785,lymphoid lineage restricted progenitor cell
4784,5.6652036,6.40766,3,29756.0,4767,3.5253394,erythroid progenitor cell
4785,10.920672,5.5295887,13,14679.0,3741,3.9784725,hematopoietic multipotent progenitor cell
4786,5.3278303,12.130222,9,15868.0,2801,6.579279,erythroid progenitor cell
4787,15.329928,7.2847195,2,4346.0,1468,1.8637829,hematopoietic multipotent progenitor cell
4788,2.199572,13.186651,1,25108.0,3951,2.959216,erythroid progenitor cell
4790,16.031181,8.468442,2,11561.0,3054,4.0913415,hematopoietic multipotent progenitor cell
4791,15.558566,7.1969953,2,7292.0,1787,2.2490401,hematopoietic multipotent progenitor cell
4792,8.422822,-1.0578246,12,1973.0,867,4.8150024,precursor B cell
4793,-2.2793598,8.296686,4,15018.0,2822,5.4467974,erythroblast
4794,3.8731918,10.582275,7,30489.0,4758,5.9660864,erythroid progenitor cell
4795,8.174661,0.52169484,8,2187.0,1088,2.9263833,precursor B cell
4796,2.8645222,11.636992,5,28787.0,4666,3.6856916,hematopoietic multipotent progenitor cell
4797,13.196687,5.362627,0,11163.0,2961,2.9472363,hematopoietic multipotent progenitor cell
4798,4.7029896,11.424606,1,27312.0,4424,4.85867,erythroid progenitor cell
4799,2.3615131,8.190669,3,35491.0,5282,4.3898454,erythroid progenitor cell
4800,8.842085,10.825774,6,16354.0,4116,4.310872,megakaryocyte-erythroid progenitor cell
4801,11.885641,3.9714916,0,9469.0,2441,2.8091667,hematopoietic multipotent progenitor cell
4802,14.78984,6.038509,0,16500.0,2903,1.4484849,hematopoietic multipotent progenitor cell
4803,2.2671378,14.135976,1,21541.0,3634,1.1373659,erythroid progenitor cell
4804,15.980797,8.865735,2,8554.0,2348,3.1447277,hematopoietic multipotent progenitor cell
4805,5.7434745,8.999855,3,33533.0,5452,4.601437,erythroid progenitor cell
4806,16.37197,7.7495337,2,9768.0,2629,3.3476658,hematopoietic multipotent progenitor cell
4807,3.6157813,13.58787,1,30672.0,5020,4.7111373,hematopoietic multipotent progenitor cell
4808,13.582168,7.500186,10,22991.0,3989,2.6010177,myeloid lineage restricted progenitor cell
4809,6.5110507,9.963404,7,15526.0,3804,9.8866415,erythroid progenitor cell
4810,1.5850734,10.55146,5,16708.0,3411,6.984678,proerythroblast
4811,7.003711,9.979056,6,16310.0,3842,2.2562845,erythroid progenitor cell
4812,7.8240075,7.5043797,3,16783.0,3661,4.4092236,megakaryocyte-erythroid progenitor cell
4813,1.9707937,10.004205,5,17639.0,4019,7.562787,proerythroblast
4814,14.750668,4.342963,0,8969.0,2026,1.4828855,hematopoietic multipotent progenitor cell
4815,3.7419474,12.408409,9,16238.0,2797,1.0222934,erythroid progenitor cell
4816,6.445456,6.081898,3,7361.0,2054,8.286917,hematopoietic multipotent progenitor cell
4817,5.9133306,11.829423,9,781.0,578,7.8104997,erythroid progenitor cell
4818,-1.0255371,8.206559,4,11537.0,2574,8.997139,proerythroblast
4819,-1.8743521,9.227556,4,20847.0,3447,3.7655299,proerythroblast
4820,15.072841,8.6435585,2,9597.0,2543,3.1051369,hematopoietic multipotent progenitor cell
4821,8.551739,3.185657,8,6143.0,2024,1.2534592,lymphoid lineage restricted progenitor cell
4822,8.933763,2.0662253,8,20088.0,4152,3.4348865,precursor B cell
4823,6.684465,12.625468,3,23783.0,4127,1.118446,erythroid progenitor cell
4824,15.331398,7.7934103,2,9830.0,2587,3.1536114,hematopoietic multipotent progenitor cell
4825,-3.448415,3.202229,16,1781.0,247,1.2352611,erythroid progenitor cell
4826,12.5746,6.519999,10,9316.0,2537,6.2258477,myeloid lineage restricted progenitor cell
4828,9.47358,0.94066435,12,1358.0,571,6.2592044,precursor B cell
4829,11.159477,9.458125,11,16478.0,3306,1.9541206,hematopoietic multipotent progenitor cell
4830,13.79271,8.105453,2,10862.0,2675,2.5593812,hematopoietic multipotent progenitor cell
4831,4.258962,10.558581,7,18790.0,3898,6.3704095,erythroid progenitor cell
4832,6.636287,12.306109,9,16414.0,3529,4.0514193,erythroid progenitor cell
4833,14.281099,7.1606593,2,6269.0,1624,2.8074653,hematopoietic multipotent progenitor cell
4834,1.5931405,11.459412,5,31744.0,4774,2.7375252,proerythroblast
4835,8.292282,-0.9386895,12,2037.0,893,3.1418753,precursor B cell
4836,11.023812,5.708456,6,7833.0,2339,3.3448231,megakaryocyte-erythroid progenitor cell
4837,9.830211,-0.9341101,12,6265.0,2057,1.819633,precursor B cell
4838,-1.9664819,8.093152,4,33161.0,4644,5.4521875,erythroblast
4839,12.848161,1.937476,0,6978.0,2161,3.3820581,hematopoietic multipotent progenitor cell
4840,5.660957,8.424932,3,47071.0,6748,4.973338,erythroid progenitor cell
4842,2.275688,13.920012,1,19830.0,3888,1.4573878,proerythroblast
4843,2.6509354,12.487327,1,23203.0,3833,4.089988,erythroid progenitor cell
4844,14.635183,7.9619555,2,8778.0,1855,2.1758943,hematopoietic multipotent progenitor cell
4845,7.154878,10.450506,1,5396.0,1519,0.25945145,hematopoietic multipotent progenitor cell
4846,2.8564699,10.285552,5,24568.0,4699,7.351026,proerythroblast
4848,4.5574355,12.114529,1,13161.0,2483,3.1380594,erythroid progenitor cell
4849,9.017868,2.0988927,8,22390.0,4363,2.9030817,precursor B cell
4850,4.4529085,9.115857,7,39110.0,5602,3.561749,erythroid progenitor cell
4851,-0.7373987,7.685376,4,25701.0,3990,7.334345,erythroblast
4852,14.241968,4.6897306,0,10643.0,2430,1.3905854,hematopoietic multipotent progenitor cell
4853,14.252238,2.495041,0,7891.0,2540,0.9124319,hematopoietic multipotent progenitor cell
4854,8.294096,1.1057786,8,4853.0,1863,7.23264,pro-B cell
4855,8.634606,13.686876,14,1774.0,858,3.7767756,granulocyte
4856,7.075455,11.592903,9,25676.0,4789,3.6765852,hematopoietic multipotent progenitor cell
4857,14.6731205,3.4265625,0,8719.0,2137,0.37848377,hematopoietic multipotent progenitor cell
4858,15.064459,8.542752,2,7009.0,2541,8.617492,common lymphoid progenitor
4859,12.813465,4.514705,0,7884.0,2293,4.3505836,hematopoietic multipotent progenitor cell
4860,10.522623,9.257691,11,10356.0,2301,1.3132484,megakaryocyte-erythroid progenitor cell
4861,8.357785,0.12294262,8,2900.0,1108,8.724138,precursor B cell
4862,3.6969914,12.515053,1,20210.0,3720,3.933696,erythroid progenitor cell
4863,5.416632,12.229418,1,21400.0,3695,4.1308413,megakaryocyte-erythroid progenitor cell
4864,10.971428,6.357385,13,19172.0,4303,2.1593993,lymphoid lineage restricted progenitor cell
4865,0.45027342,12.245268,1,25274.0,3995,1.0999446,erythroid progenitor cell
4866,2.6388478,10.9098835,17,24762.0,3828,1.4376868,erythroid progenitor cell
4867,12.068716,8.345207,13,17113.0,3978,5.9662247,lymphoid lineage restricted progenitor cell
4868,5.421626,11.552312,9,2337.0,1031,4.963629,erythroid progenitor cell
4869,2.9979548,11.672432,1,14137.0,3234,4.6473794,hematopoietic multipotent progenitor cell
4870,1.1566266,10.174593,5,33860.0,4646,3.7950385,proerythroblast
4871,2.9342146,11.070165,5,20419.0,3934,6.621284,erythroid progenitor cell
4873,14.208385,2.7479873,0,8867.0,2328,1.2405548,hematopoietic multipotent progenitor cell
4874,13.084649,8.3245,10,18357.0,3993,2.832707,myeloid lineage restricted progenitor cell
4875,7.182051,7.260599,3,11759.0,3054,4.4646654,erythroid progenitor cell
4877,3.6918724,11.419255,7,27389.0,4272,2.676257,erythroid progenitor cell
4878,2.9511666,12.296503,5,28669.0,4671,4.1787295,erythroid progenitor cell
4879,13.28059,3.9445665,0,9546.0,2445,2.4512885,hematopoietic multipotent progenitor cell
4880,4.214567,12.801644,1,14750.0,3195,3.7966104,erythroid progenitor cell
4881,15.750557,5.786884,10,28977.0,5128,4.1274114,common dendritic progenitor
4882,17.379688,4.3588767,15,5317.0,1984,3.7239046,common dendritic progenitor
4883,15.408268,9.705543,2,9671.0,2626,2.8849137,hematopoietic multipotent progenitor cell
4884,6.109638,6.9240117,3,22156.0,3955,5.276223,erythroid progenitor cell
4885,3.0197299,9.359541,17,18782.0,3559,5.766159,erythroid progenitor cell
4886,13.229187,5.9236236,0,12993.0,3016,2.9015622,hematopoietic multipotent progenitor cell
4887,14.584092,8.221465,2,17091.0,3683,3.1712599,hematopoietic multipotent progenitor cell
4888,9.236393,9.789195,6,21773.0,4604,4.0371103,megakaryocyte-erythroid progenitor cell
4889,15.608893,10.93554,2,7647.0,2303,2.5369427,hematopoietic multipotent progenitor cell
4890,7.906071,8.311863,3,15278.0,3641,5.465375,granulocyte
4891,13.923424,3.221237,0,10167.0,2711,0.649159,hematopoietic multipotent progenitor cell
4892,11.944966,5.292372,0,14556.0,3396,1.422094,myeloid lineage restricted progenitor cell
4893,11.685712,7.0067544,13,14470.0,2780,1.1817554,lymphoid lineage restricted progenitor cell
4894,11.9404,5.7555027,0,11038.0,3010,9.295162,myeloid lineage restricted progenitor cell
4895,12.016116,11.141205,11,10937.0,2854,3.849319,megakaryocyte-erythroid progenitor cell
4896,2.3497884,10.132065,5,20892.0,3933,2.9628565,erythroid progenitor cell
4897,3.808627,11.461566,1,23616.0,4154,2.8836381,erythroid progenitor cell
4898,5.8052936,11.6630535,1,15056.0,3175,2.76966,hematopoietic multipotent progenitor cell
4899,11.948888,5.3096642,0,15947.0,3823,4.4710603,myeloid lineage restricted progenitor cell
4901,2.354296,13.13843,1,13582.0,2864,2.4517746,hematopoietic multipotent progenitor cell
4902,3.0943344,8.088665,3,32537.0,5029,3.2854903,erythroid progenitor cell
4903,10.98128,10.933058,11,12402.0,3163,3.2252862,megakaryocyte-erythroid progenitor cell
4904,-1.1589762,8.7863455,4,31670.0,4401,5.579413,proerythroblast
4905,-3.3402386,4.6104817,16,2482.0,540,0.96696216,erythroblast
4907,15.208741,8.501701,2,9099.0,2330,2.7255743,hematopoietic multipotent progenitor cell
4908,13.635636,3.1881711,0,11378.0,2609,1.9599227,hematopoietic multipotent progenitor cell
4909,3.818284,11.407724,1,4478.0,1981,9.647163,lymphoid lineage restricted progenitor cell
4910,12.554034,9.903189,11,12750.0,2990,2.8078432,hematopoietic multipotent progenitor cell
4911,6.93255,2.453726,8,1449.0,765,3.10559,pro-B cell
4912,16.016182,9.321044,2,5199.0,1750,3.1352184,hematopoietic multipotent progenitor cell
4913,-1.9288445,8.252373,4,13614.0,2666,5.1491113,erythroblast
4914,1.8220309,8.887846,5,17542.0,3747,9.33759,proerythroblast
4915,5.9698024,7.0880003,3,18791.0,3788,6.0826993,erythroid progenitor cell
4916,10.196858,10.11054,11,19170.0,4040,3.6045904,erythroid progenitor cell
4917,13.729359,6.20971,0,11519.0,2355,1.8143938,hematopoietic multipotent progenitor cell
4918,4.8541436,7.7365685,3,36895.0,5418,6.754303,erythroid progenitor cell
4919,5.5567555,5.829819,3,23542.0,3856,1.2913091,erythroid progenitor cell
4920,0.7685962,10.48021,5,1124.0,698,9.875445,hematopoietic multipotent progenitor cell
4921,2.7649918,10.858251,5,25808.0,4017,4.417235,erythroid progenitor cell
4922,16.035936,6.3241653,2,10083.0,2555,2.449668,hematopoietic multipotent progenitor cell
4923,3.351425,13.670173,1,21079.0,3994,1.4943783,erythroid progenitor cell
4925,11.434336,5.926032,10,15089.0,3809,4.5132217,myeloid lineage restricted progenitor cell
4926,9.9622,12.727272,14,13207.0,2645,0.7496025,granulocyte
4927,2.9154453,11.811022,5,20747.0,3628,4.1789174,erythroid progenitor cell
4928,3.3736308,14.455637,1,18531.0,3806,1.3706762,erythroid progenitor cell
4929,13.623939,3.224528,0,6597.0,2002,1.5158405,hematopoietic multipotent progenitor cell
4930,6.4667525,7.3234496,3,16651.0,3829,4.270014,erythroid progenitor cell
4932,0.53645134,11.163708,1,30206.0,4091,2.3141098,proerythroblast
4933,1.2258495,11.137408,5,8030.0,2085,7.7708592,proerythroblast
4934,6.982946,10.376475,7,15194.0,3570,3.863367,erythroid progenitor cell
4935,5.748245,5.959473,3,21985.0,3601,2.2924721,erythroid progenitor cell
4937,4.4666696,13.589759,1,23260.0,3920,2.5021496,erythroid progenitor cell
4938,0.14432609,10.068689,4,19037.0,3873,7.222777,proerythroblast
4939,13.756006,2.7404997,0,8921.0,2376,1.6814258,hematopoietic multipotent progenitor cell
4940,4.5050592,12.531693,1,25251.0,4535,4.8908954,erythroid progenitor cell
4941,15.450123,10.591875,2,5912.0,1854,4.194858,hematopoietic multipotent progenitor cell
4942,11.932205,5.064442,0,17482.0,3505,1.9505776,myeloid lineage restricted progenitor cell
4943,0.06427552,11.561524,5,17829.0,2922,3.0568175,proerythroblast
4944,9.880726,11.358115,6,7862.0,1991,3.2688882,megakaryocyte-erythroid progenitor cell
4945,-2.0324335,6.88219,4,21331.0,3677,5.100558,erythroblast
4946,16.271528,8.550092,2,13939.0,3625,2.223976,hematopoietic multipotent progenitor cell
4947,1.2922058,9.915446,5,14282.0,3085,8.640246,proerythroblast
4949,12.9572735,5.572181,0,8608.0,2392,1.730948,hematopoietic multipotent progenitor cell
4950,16.119087,11.072648,2,10164.0,2952,2.085793,hematopoietic multipotent progenitor cell
4951,10.619749,6.4343467,13,17505.0,3570,3.9303057,erythroid progenitor cell
4952,15.600167,9.925559,2,10351.0,2542,2.0094676,hematopoietic multipotent progenitor cell
4953,4.592194,7.587337,3,32458.0,4942,3.3612669,erythroid progenitor cell
4954,5.220089,11.998511,1,14766.0,3046,2.8985507,erythroid progenitor cell
4955,5.4413595,9.553329,9,23751.0,4283,2.677782,erythroid progenitor cell
4956,12.348075,7.137212,10,29627.0,5081,3.506936,myeloid lineage restricted progenitor cell
4957,3.2308617,12.960438,1,16740.0,3213,3.2258062,erythroid progenitor cell
4958,18.751137,3.5515144,15,4513.0,1743,4.2322183,common dendritic progenitor
4959,8.949188,12.332541,14,16030.0,3146,3.2064877,granulocyte
4961,9.730344,11.146757,6,14556.0,3599,3.936521,megakaryocyte-erythroid progenitor cell
4962,12.871683,3.0187976,0,11417.0,3573,1.9532276,hematopoietic multipotent progenitor cell
4963,9.343812,9.803982,6,11032.0,3127,4.196882,megakaryocyte-erythroid progenitor cell
4964,3.8335993,13.521942,1,17391.0,3479,3.0590537,erythroid progenitor cell
4965,4.621891,9.45928,7,5179.0,1586,4.3058505,hematopoietic multipotent progenitor cell
4967,14.456112,4.529128,0,6613.0,1917,0.9980341,hematopoietic multipotent progenitor cell
4968,13.569093,6.2333803,0,13593.0,3134,3.5459428,hematopoietic multipotent progenitor cell
4970,13.116654,10.821614,11,7775.0,2204,2.4565916,hematopoietic multipotent progenitor cell
4971,13.9405155,9.834775,2,6833.0,2039,3.2343042,hematopoietic multipotent progenitor cell
4972,6.38435,10.349503,9,18526.0,4115,5.0631547,erythroid progenitor cell
4973,15.761663,9.919754,2,7842.0,2205,1.6194848,hematopoietic multipotent progenitor cell
4974,7.7938256,8.420307,3,13881.0,3547,3.6452706,erythroid progenitor cell
4975,7.782339,11.211294,6,10239.0,2710,2.7248755,erythroid progenitor cell
4976,8.152691,3.0800128,8,1516.0,813,1.7150396,pro-B cell
4977,3.1104007,13.273838,1,16313.0,3530,1.7777232,erythroid progenitor cell
4978,3.887536,8.995929,7,23812.0,4292,3.2798588,erythroid progenitor cell
4979,1.8971913,12.130765,1,24990.0,3954,1.5646259,erythroid progenitor cell
4980,-0.09687641,9.213476,4,17639.0,3292,4.478712,erythroid progenitor cell
4981,-2.0074499,7.154004,4,17604.0,3397,6.384913,erythroblast
4982,6.661028,9.975338,9,24468.0,5088,3.2940984,erythroid progenitor cell
4983,13.396416,5.481754,0,8904.0,2427,1.2578616,hematopoietic multipotent progenitor cell
4984,8.342989,2.8454976,8,3950.0,1467,4.8101263,lymphoid lineage restricted progenitor cell
4985,7.850168,10.357752,6,8739.0,2392,3.6159742,erythroid progenitor cell
4986,9.927547,-0.6458324,12,5974.0,1841,6.1265483,precursor B cell
4987,16.218176,5.4096513,10,13455.0,3349,4.5336304,common dendritic progenitor
4988,-0.28518516,10.653938,1,16695.0,3282,1.0302486,proerythroblast
4989,12.846367,8.3796015,10,6290.0,1997,7.217806,myeloid lineage restricted progenitor cell
4990,6.745838,10.315925,7,14718.0,3662,6.2032886,erythroid progenitor cell
4992,8.094947,11.619342,6,15080.0,3288,3.0636604,megakaryocyte-erythroid progenitor cell
4993,1.5478345,9.262132,5,45492.0,5859,5.1569505,proerythroblast
4994,6.4723854,5.951028,3,18311.0,3409,4.8768497,erythroid progenitor cell
4995,12.7163,4.4095035,0,8588.0,2575,1.9212855,hematopoietic multipotent progenitor cell
4996,8.70479,9.076898,6,25120.0,4861,3.523089,erythroid progenitor cell
4997,3.4850662,13.937854,1,11840.0,2765,2.6097975,erythroid progenitor cell
4998,6.4606776,13.169038,1,8340.0,2366,9.640287,granulocyte
